pullover_type,day_of_week,hour,adjusted_point,desired_point,curb_geo,polygon_type
Pickup,5,21,POINT(-122.426240775333 37.7763211770386),POINT(-122.425911639873 37.7766128848952),"POLYGON((-122.4263119 37.7766275, -122.4262636 37.7763518, -122.4246221 37.7765172, -122.4246758 37.7768055, -122.4263119 37.7766275))",polygon2
Pickup,1,20,POINT(-122.424261972162 37.776248177885),POINT(-122.424570460526 37.776562015048),"POLYGON((-122.4246758 37.7768055, -122.4246221 37.7765172, -122.4229484 37.7767334, -122.4230182 37.7770217, -122.4246758 37.7768055))",polygon3
Pickup,1,18,POINT(-122.426457490898 37.7764721777419),POINT(-122.426207766783 37.7762587038704),"POLYGON((-122.4279642 37.7763815, -122.4279159 37.7761441, -122.4262636 37.7763518, -122.4263119 37.7766275, -122.4279642 37.7763815))",polygon1
Pickup,6,12,POINT(-122.423001999489 37.7767477208701),POINT(-122.423836913461 37.7768779927951),"POLYGON((-122.4246758 37.7768055, -122.4246221 37.7765172, -122.4229484 37.7767334, -122.4230182 37.7770217, -122.4246758 37.7768055))",polygon3
Pickup,4,20,POINT(-122.423864133169 37.7767650064983),POINT(-122.423898006574 37.7768225624617),"POLYGON((-122.4246758 37.7768055, -122.4246221 37.7765172, -122.4229484 37.7767334, -122.4230182 37.7770217, -122.4246758 37.7768055))",polygon3
Dropoff,6,16,POINT(-122.423001999489 37.7767477208701),POINT(-122.422570281898 37.7770844905576),"POLYGON((-122.4246758 37.7768055, -122.4246221 37.7765172, -122.4229484 37.7767334, -122.4230182 37.7770217, -122.4246758 37.7768055))",polygon3
Pickup,4,19,POINT(-122.424973567904 37.7766673974795),POINT(-122.424998713458 37.7767812888855),"POLYGON((-122.4263119 37.7766275, -122.4262636 37.7763518, -122.4246221 37.7765172, -122.4246758 37.7768055, -122.4263119 37.7766275))",polygon2
Pickup,2,23,POINT(-122.424655057037 37.7768302824437),POINT(-122.424183596963 37.7767449763942),"POLYGON((-122.4246758 37.7768055, -122.4246221 37.7765172, -122.4229484 37.7767334, -122.4230182 37.7770217, -122.4246758 37.7768055))",polygon3
Dropoff,5,19,POINT(-122.425942661086 37.7765363877665),POINT(-122.426045402584 37.7766179779217),"POLYGON((-122.4263119 37.7766275, -122.4262636 37.7763518, -122.4246221 37.7765172, -122.4246758 37.7768055, -122.4263119 37.7766275))",polygon2
Pickup,5,22,POINT(-122.424655057037 37.7768302824437),POINT(-122.424682708588 37.77652836352),"POLYGON((-122.4263119 37.7766275, -122.4262636 37.7763518, -122.4246221 37.7765172, -122.4246758 37.7768055, -122.4263119 37.7766275))",polygon2
Pickup,5,21,POINT(-122.424146440012 37.7767715986847),POINT(-122.424380787816 37.7767797817314),"POLYGON((-122.4246758 37.7768055, -122.4246221 37.7765172, -122.4229484 37.7767334, -122.4230182 37.7770217, -122.4246758 37.7768055))",polygon3
Pickup,4,20,POINT(-122.423209475626 37.776820223827),POINT(-122.423095497741 37.7766672030671),"POLYGON((-122.4246758 37.7768055, -122.4246221 37.7765172, -122.4229484 37.7767334, -122.4230182 37.7770217, -122.4246758 37.7768055))",polygon3
Pickup,1,16,POINT(-122.424849741087 37.7766378002019),POINT(-122.424737579614 37.7763838266664),"POLYGON((-122.4263119 37.7766275, -122.4262636 37.7763518, -122.4246221 37.7765172, -122.4246758 37.7768055, -122.4263119 37.7766275))",polygon2
Pickup,1,12,POINT(-122.422733688425 37.7764490718287),POINT(-122.422481190236 37.7769437350928),"POLYGON((-122.4230182 37.7770217, -122.4229484 37.7767334, -122.421323 37.7769666, -122.4213874 37.7772422, -122.4230182 37.7770217))",polygon4
Pickup,6,8,POINT(-122.427006190587 37.776403434745),POINT(-122.427033495882 37.7765090266306),"POLYGON((-122.4279642 37.7763815, -122.4279159 37.7761441, -122.4262636 37.7763518, -122.4263119 37.7766275, -122.4279642 37.7763815))",polygon1
Pickup,1,11,POINT(-122.425795504668 37.7765572237663),POINT(-122.425804664146 37.7766076946719),"POLYGON((-122.4263119 37.7766275, -122.4262636 37.7763518, -122.4246221 37.7765172, -122.4246758 37.7768055, -122.4263119 37.7766275))",polygon2
Pickup,6,22,POINT(-122.424655057037 37.7768302824437),POINT(-122.423885131225 37.7768843184851),"POLYGON((-122.4246758 37.7768055, -122.4246221 37.7765172, -122.4229484 37.7767334, -122.4230182 37.7770217, -122.4246758 37.7768055))",polygon3
Pickup,6,12,POINT(-122.423209475626 37.776820223827),POINT(-122.42265894142 37.7768495198107),"POLYGON((-122.4230182 37.7770217, -122.4229484 37.7767334, -122.421323 37.7769666, -122.4213874 37.7772422, -122.4230182 37.7770217))",polygon4
Pickup,6,12,POINT(-122.423209475626 37.776820223827),POINT(-122.42265894142 37.7768495198107),"POLYGON((-122.4246758 37.7768055, -122.4246221 37.7765172, -122.4229484 37.7767334, -122.4230182 37.7770217, -122.4246758 37.7768055))",polygon3
Pickup,1,23,POINT(-122.424655057037 37.7768302824437),POINT(-122.424476099476 37.7765621030066),"POLYGON((-122.4246758 37.7768055, -122.4246221 37.7765172, -122.4229484 37.7767334, -122.4230182 37.7770217, -122.4246758 37.7768055))",polygon3
Pickup,1,21,POINT(-122.421163385249 37.7770887404333),POINT(-122.421642463284 37.7770675443239),"POLYGON((-122.4230182 37.7770217, -122.4229484 37.7767334, -122.421323 37.7769666, -122.4213874 37.7772422, -122.4230182 37.7770217))",polygon4
Pickup,6,11,POINT(-122.424655057037 37.7768302824437),POINT(-122.424813707715 37.7766895218584),"POLYGON((-122.4263119 37.7766275, -122.4262636 37.7763518, -122.4246221 37.7765172, -122.4246758 37.7768055, -122.4263119 37.7766275))",polygon2
Pickup,5,19,POINT(-122.423209475626 37.776820223827),POINT(-122.42314682669 37.7766466913174),"POLYGON((-122.4246758 37.7768055, -122.4246221 37.7765172, -122.4229484 37.7767334, -122.4230182 37.7770217, -122.4246758 37.7768055))",polygon3
Dropoff,3,11,POINT(-122.425113207741 37.7766043103469),POINT(-122.425004762216 37.7765238183986),"POLYGON((-122.4263119 37.7766275, -122.4262636 37.7763518, -122.4246221 37.7765172, -122.4246758 37.7768055, -122.4263119 37.7766275))",polygon2
Dropoff,4,10,POINT(-122.42332198438 37.7768290232458),POINT(-122.423206883257 37.7765015045614),"POLYGON((-122.4246758 37.7768055, -122.4246221 37.7765172, -122.4229484 37.7767334, -122.4230182 37.7770217, -122.4246758 37.7768055))",polygon3
Dropoff,7,13,POINT(-122.425942661086 37.7765363877665),POINT(-122.426045402584 37.7766179779217),"POLYGON((-122.4263119 37.7766275, -122.4262636 37.7763518, -122.4246221 37.7765172, -122.4246758 37.7768055, -122.4263119 37.7766275))",polygon2
Pickup,1,1,POINT(-122.424655057037 37.7768302824437),POINT(-122.424405760689 37.7767617049268),"POLYGON((-122.4246758 37.7768055, -122.4246221 37.7765172, -122.4229484 37.7767334, -122.4230182 37.7770217, -122.4246758 37.7768055))",polygon3
Dropoff,1,0,POINT(-122.423001999489 37.7767477208701),POINT(-122.423562469278 37.7766347428177),"POLYGON((-122.4246758 37.7768055, -122.4246221 37.7765172, -122.4229484 37.7767334, -122.4230182 37.7770217, -122.4246758 37.7768055))",polygon3
Pickup,1,0,POINT(-122.422998629403 37.7767313820286),POINT(-122.423028787352 37.7770312268856),"POLYGON((-122.4246758 37.7768055, -122.4246221 37.7765172, -122.4229484 37.7767334, -122.4230182 37.7770217, -122.4246758 37.7768055))",polygon3
Pickup,3,11,POINT(-122.424655057037 37.7768302824437),POINT(-122.424249960972 37.7767220207514),"POLYGON((-122.4246758 37.7768055, -122.4246221 37.7765172, -122.4229484 37.7767334, -122.4230182 37.7770217, -122.4246758 37.7768055))",polygon3
Pickup,4,12,POINT(-122.423209475626 37.776820223827),POINT(-122.422926561375 37.7768593976841),"POLYGON((-122.4230182 37.7770217, -122.4229484 37.7767334, -122.421323 37.7769666, -122.4213874 37.7772422, -122.4230182 37.7770217))",polygon4
Pickup,4,12,POINT(-122.423209475626 37.776820223827),POINT(-122.422926561375 37.7768593976841),"POLYGON((-122.4246758 37.7768055, -122.4246221 37.7765172, -122.4229484 37.7767334, -122.4230182 37.7770217, -122.4246758 37.7768055))",polygon3
Pickup,5,21,POINT(-122.424387700723 37.7766938332243),POINT(-122.424364024016 37.7767581843553),"POLYGON((-122.4246758 37.7768055, -122.4246221 37.7765172, -122.4229484 37.7767334, -122.4230182 37.7770217, -122.4246758 37.7768055))",polygon3
Pickup,4,16,POINT(-122.426240775333 37.7763211770386),POINT(-122.426171733877 37.7765863900672),"POLYGON((-122.4263119 37.7766275, -122.4262636 37.7763518, -122.4246221 37.7765172, -122.4246758 37.7768055, -122.4263119 37.7766275))",polygon2
Dropoff,7,13,POINT(-122.42546040549 37.7765598237169),POINT(-122.425448480848 37.7764186022882),"POLYGON((-122.4263119 37.7766275, -122.4262636 37.7763518, -122.4246221 37.7765172, -122.4246758 37.7768055, -122.4263119 37.7766275))",polygon2
Pickup,6,21,POINT(-122.425113207741 37.7766043103469),POINT(-122.42496501323 37.7765201956488),"POLYGON((-122.4263119 37.7766275, -122.4262636 37.7763518, -122.4246221 37.7765172, -122.4246758 37.7768055, -122.4263119 37.7766275))",polygon2
Pickup,7,17,POINT(-122.42662140983 37.7764105622648),POINT(-122.426612423243 37.7764093280422),"POLYGON((-122.4279642 37.7763815, -122.4279159 37.7761441, -122.4262636 37.7763518, -122.4263119 37.7766275, -122.4279642 37.7763815))",polygon1
Dropoff,7,18,POINT(-122.423001999489 37.7767477208701),POINT(-122.423604119858 37.7766909977582),"POLYGON((-122.4246758 37.7768055, -122.4246221 37.7765172, -122.4229484 37.7767334, -122.4230182 37.7770217, -122.4246758 37.7768055))",polygon3
Pickup,5,14,POINT(-122.423864133169 37.7767650064983),POINT(-122.423874675403 37.7766820853588),"POLYGON((-122.4246758 37.7768055, -122.4246221 37.7765172, -122.4229484 37.7767334, -122.4230182 37.7770217, -122.4246758 37.7768055))",polygon3
Dropoff,2,10,POINT(-122.421148608457 37.7771766722894),POINT(-122.421904296135 37.7771332943632),"POLYGON((-122.4230182 37.7770217, -122.4229484 37.7767334, -122.421323 37.7769666, -122.4213874 37.7772422, -122.4230182 37.7770217))",polygon4
Pickup,7,19,POINT(-122.426284066636 37.776333305778),POINT(-122.426056290239 37.7765797337017),"POLYGON((-122.4263119 37.7766275, -122.4262636 37.7763518, -122.4246221 37.7765172, -122.4246758 37.7768055, -122.4263119 37.7766275))",polygon2
Pickup,7,20,POINT(-122.424849741087 37.7766378002019),POINT(-122.424820793415 37.7765860725003),"POLYGON((-122.4263119 37.7766275, -122.4262636 37.7763518, -122.4246221 37.7765172, -122.4246758 37.7768055, -122.4263119 37.7766275))",polygon2
Dropoff,7,20,POINT(-122.425642817785 37.7765785973798),POINT(-122.425719204459 37.7766656771636),"POLYGON((-122.4263119 37.7766275, -122.4262636 37.7763518, -122.4246221 37.7765172, -122.4246758 37.7768055, -122.4263119 37.7766275))",polygon2
Dropoff,7,22,POINT(-122.426492832429 37.7764272114263),POINT(-122.426113925664 37.7766011177352),"POLYGON((-122.4279642 37.7763815, -122.4279159 37.7761441, -122.4262636 37.7763518, -122.4263119 37.7766275, -122.4279642 37.7763815))",polygon1
Dropoff,7,22,POINT(-122.426492832429 37.7764272114263),POINT(-122.426113925664 37.7766011177352),"POLYGON((-122.4263119 37.7766275, -122.4262636 37.7763518, -122.4246221 37.7765172, -122.4246758 37.7768055, -122.4263119 37.7766275))",polygon2
Dropoff,2,19,POINT(-122.424387700723 37.7766938332243),POINT(-122.424380614993 37.7768528249401),"POLYGON((-122.4246758 37.7768055, -122.4246221 37.7765172, -122.4229484 37.7767334, -122.4230182 37.7770217, -122.4246758 37.7768055))",polygon3
Dropoff,1,21,POINT(-122.425942661086 37.7765363877665),POINT(-122.426045402584 37.7766179779217),"POLYGON((-122.4263119 37.7766275, -122.4262636 37.7763518, -122.4246221 37.7765172, -122.4246758 37.7768055, -122.4263119 37.7766275))",polygon2
Dropoff,6,19,POINT(-122.425113207741 37.7766043103469),POINT(-122.425002774767 37.7765249385779),"POLYGON((-122.4263119 37.7766275, -122.4262636 37.7763518, -122.4246221 37.7765172, -122.4246758 37.7768055, -122.4263119 37.7766275))",polygon2
Pickup,5,17,POINT(-122.424387700723 37.7766938332243),POINT(-122.424386318141 37.7768832765925),"POLYGON((-122.4246758 37.7768055, -122.4246221 37.7765172, -122.4229484 37.7767334, -122.4230182 37.7770217, -122.4246758 37.7768055))",polygon3
Pickup,3,20,POINT(-122.424446028354 37.7766867258339),POINT(-122.424366616356 37.7765991204396),"POLYGON((-122.4246758 37.7768055, -122.4246221 37.7765172, -122.4229484 37.7767334, -122.4230182 37.7770217, -122.4246758 37.7768055))",polygon3
Dropoff,3,19,POINT(-122.423001999489 37.7767477208701),POINT(-122.423408482964 37.7767098007088),"POLYGON((-122.4246758 37.7768055, -122.4246221 37.7765172, -122.4229484 37.7767334, -122.4230182 37.7770217, -122.4246758 37.7768055))",polygon3
Pickup,3,20,POINT(-122.426457490898 37.7764721777419),POINT(-122.426056203829 37.7765426839641),"POLYGON((-122.4279642 37.7763815, -122.4279159 37.7761441, -122.4262636 37.7763518, -122.4263119 37.7766275, -122.4279642 37.7763815))",polygon1
Pickup,3,20,POINT(-122.426457490898 37.7764721777419),POINT(-122.426056203829 37.7765426839641),"POLYGON((-122.4263119 37.7766275, -122.4262636 37.7763518, -122.4246221 37.7765172, -122.4246758 37.7768055, -122.4263119 37.7766275))",polygon2
Pickup,4,21,POINT(-122.424849741087 37.7766378002019),POINT(-122.424901933287 37.7765393791548),"POLYGON((-122.4263119 37.7766275, -122.4262636 37.7763518, -122.4246221 37.7765172, -122.4246758 37.7768055, -122.4263119 37.7766275))",polygon2
Pickup,7,11,POINT(-122.427724161957 37.7763092996801),POINT(-122.426245268643 37.776512301136),"POLYGON((-122.4279642 37.7763815, -122.4279159 37.7761441, -122.4262636 37.7763518, -122.4263119 37.7766275, -122.4279642 37.7763815))",polygon1
Pickup,7,11,POINT(-122.427724161957 37.7763092996801),POINT(-122.426245268643 37.776512301136),"POLYGON((-122.4263119 37.7766275, -122.4262636 37.7763518, -122.4246221 37.7765172, -122.4246758 37.7768055, -122.4263119 37.7766275))",polygon2
Pickup,6,17,POINT(-122.424726778234 37.7769542755059),POINT(-122.425407263052 37.7765191004289),"POLYGON((-122.4263119 37.7766275, -122.4262636 37.7763518, -122.4246221 37.7765172, -122.4246758 37.7768055, -122.4263119 37.7766275))",polygon2
Pickup,6,15,POINT(-122.421163385249 37.7770887404333),POINT(-122.421353582256 37.7770972791424),"POLYGON((-122.4230182 37.7770217, -122.4229484 37.7767334, -122.421323 37.7769666, -122.4213874 37.7772422, -122.4230182 37.7770217))",polygon4
Pickup,1,1,POINT(-122.426284066636 37.776333305778),POINT(-122.425967374357 37.776496290022),"POLYGON((-122.4263119 37.7766275, -122.4262636 37.7763518, -122.4246221 37.7765172, -122.4246758 37.7768055, -122.4263119 37.7766275))",polygon2
Dropoff,4,17,POINT(-122.421163385249 37.7770887404333),POINT(-122.421611959282 37.7769669295391),"POLYGON((-122.4230182 37.7770217, -122.4229484 37.7767334, -122.421323 37.7769666, -122.4213874 37.7772422, -122.4230182 37.7770217))",polygon4
Pickup,5,12,POINT(-122.424655057037 37.7768302824437),POINT(-122.424798931436 37.7766980650616),"POLYGON((-122.4263119 37.7766275, -122.4262636 37.7763518, -122.4246221 37.7765172, -122.4246758 37.7768055, -122.4263119 37.7766275))",polygon2
Dropoff,4,13,POINT(-122.423864133169 37.7767650064983),POINT(-122.423876403638 37.7766004936682),"POLYGON((-122.4246758 37.7768055, -122.4246221 37.7765172, -122.4229484 37.7767334, -122.4230182 37.7770217, -122.4246758 37.7768055))",polygon3
Pickup,7,20,POINT(-122.424655057037 37.7768302824437),POINT(-122.424394613629 37.7767566275648),"POLYGON((-122.4246758 37.7768055, -122.4246221 37.7765172, -122.4229484 37.7767334, -122.4230182 37.7770217, -122.4246758 37.7768055))",polygon3
Pickup,1,14,POINT(-122.422733688425 37.7764490718287),POINT(-122.423109842197 37.7768355992614),"POLYGON((-122.4246758 37.7768055, -122.4246221 37.7765172, -122.4229484 37.7767334, -122.4230182 37.7770217, -122.4246758 37.7768055))",polygon3
Pickup,5,23,POINT(-122.424146440012 37.7767715986847),POINT(-122.424342334765 37.7766896840743),"POLYGON((-122.4246758 37.7768055, -122.4246221 37.7765172, -122.4229484 37.7767334, -122.4230182 37.7770217, -122.4246758 37.7768055))",polygon3
Pickup,3,23,POINT(-122.424655057037 37.7768302824437),POINT(-122.424423820652 37.7766311800958),"POLYGON((-122.4246758 37.7768055, -122.4246221 37.7765172, -122.4229484 37.7767334, -122.4230182 37.7770217, -122.4246758 37.7768055))",polygon3
Dropoff,7,21,POINT(-122.425942661086 37.7765363877665),POINT(-122.426045402584 37.7766179779217),"POLYGON((-122.4263119 37.7766275, -122.4262636 37.7763518, -122.4246221 37.7765172, -122.4246758 37.7768055, -122.4263119 37.7766275))",polygon2
Pickup,3,22,POINT(-122.425942661086 37.7765363877665),POINT(-122.425997185813 37.7766136889311),"POLYGON((-122.4263119 37.7766275, -122.4262636 37.7763518, -122.4246221 37.7765172, -122.4246758 37.7768055, -122.4263119 37.7766275))",polygon2
Pickup,7,0,POINT(-122.424287636355 37.7761765994006),POINT(-122.424397897259 37.7767514737712),"POLYGON((-122.4246758 37.7768055, -122.4246221 37.7765172, -122.4229484 37.7767334, -122.4230182 37.7770217, -122.4246758 37.7768055))",polygon3
Pickup,6,15,POINT(-122.424740431179 37.7772583918071),POINT(-122.423866984757 37.7768337029218),"POLYGON((-122.4246758 37.7768055, -122.4246221 37.7765172, -122.4229484 37.7767334, -122.4230182 37.7770217, -122.4246758 37.7768055))",polygon3
Dropoff,5,17,POINT(-122.423864133169 37.7767650064983),POINT(-122.424029697972 37.7768991780854),"POLYGON((-122.4246758 37.7768055, -122.4246221 37.7765172, -122.4229484 37.7767334, -122.4230182 37.7770217, -122.4246758 37.7768055))",polygon3
Dropoff,3,20,POINT(-122.423425333329 37.7768612136313),POINT(-122.423176811772 37.7770403719393),"POLYGON((-122.4246758 37.7768055, -122.4246221 37.7765172, -122.4229484 37.7767334, -122.4230182 37.7770217, -122.4246758 37.7768055))",polygon3
Pickup,3,22,POINT(-122.426240775333 37.7763211770386),POINT(-122.425901789124 37.7766276920083),"POLYGON((-122.4263119 37.7766275, -122.4262636 37.7763518, -122.4246221 37.7765172, -122.4246758 37.7768055, -122.4263119 37.7766275))",polygon2
Pickup,6,14,POINT(-122.425642817785 37.7765785973798),POINT(-122.42568801036 37.7766906113128),"POLYGON((-122.4263119 37.7766275, -122.4262636 37.7763518, -122.4246221 37.7765172, -122.4246758 37.7768055, -122.4263119 37.7766275))",polygon2
Dropoff,3,20,POINT(-122.424387700723 37.7766938332243),POINT(-122.424380614993 37.7768528249401),"POLYGON((-122.4246758 37.7768055, -122.4246221 37.7765172, -122.4229484 37.7767334, -122.4230182 37.7770217, -122.4246758 37.7768055))",polygon3
Pickup,5,16,POINT(-122.426284066636 37.776333305778),POINT(-122.42587923609 37.7765668010493),"POLYGON((-122.4263119 37.7766275, -122.4262636 37.7763518, -122.4246221 37.7765172, -122.4246758 37.7768055, -122.4263119 37.7766275))",polygon2
Pickup,6,16,POINT(-122.424951792369 37.7766703146799),POINT(-122.424973481494 37.7767976280361),"POLYGON((-122.4263119 37.7766275, -122.4262636 37.7763518, -122.4246221 37.7765172, -122.4246758 37.7768055, -122.4263119 37.7766275))",polygon2
Pickup,2,20,POINT(-122.424387700723 37.7766938332243),POINT(-122.424380614993 37.7768528249401),"POLYGON((-122.4246758 37.7768055, -122.4246221 37.7765172, -122.4229484 37.7767334, -122.4230182 37.7770217, -122.4246758 37.7768055))",polygon3
Dropoff,7,18,POINT(-122.422805238109 37.7773888149194),POINT(-122.422322017555 37.7770461947908),"POLYGON((-122.4230182 37.7770217, -122.4229484 37.7767334, -122.421323 37.7769666, -122.4213874 37.7772422, -122.4230182 37.7770217))",polygon4
Pickup,2,18,POINT(-122.424463224198 37.7766844176431),POINT(-122.424121639901 37.7767780630874),"POLYGON((-122.4246758 37.7768055, -122.4246221 37.7765172, -122.4229484 37.7767334, -122.4230182 37.7770217, -122.4246758 37.7768055))",polygon3
Pickup,5,14,POINT(-122.426284066636 37.776333305778),POINT(-122.426852122917 37.7764184744207),"POLYGON((-122.4279642 37.7763815, -122.4279159 37.7761441, -122.4262636 37.7763518, -122.4263119 37.7766275, -122.4279642 37.7763815))",polygon1
Dropoff,1,19,POINT(-122.426284066636 37.776333305778),POINT(-122.426045402584 37.7766179779217),"POLYGON((-122.4263119 37.7766275, -122.4262636 37.7763518, -122.4246221 37.7765172, -122.4246758 37.7768055, -122.4263119 37.7766275))",polygon2
Dropoff,4,10,POINT(-122.424726778234 37.7769542755059),POINT(-122.424799709135 37.7767751050329),"POLYGON((-122.4263119 37.7766275, -122.4262636 37.7763518, -122.4246221 37.7765172, -122.4246758 37.7768055, -122.4263119 37.7766275))",polygon2
Dropoff,3,17,POINT(-122.424387700723 37.7766938332243),POINT(-122.424380614993 37.7768528249401),"POLYGON((-122.4246758 37.7768055, -122.4246221 37.7765172, -122.4229484 37.7767334, -122.4230182 37.7770217, -122.4246758 37.7768055))",polygon3
Pickup,1,22,POINT(-122.426682242094 37.7764031190333),POINT(-122.426669971953 37.7763858106623),"POLYGON((-122.4279642 37.7763815, -122.4279159 37.7761441, -122.4262636 37.7763518, -122.4263119 37.7766275, -122.4279642 37.7763815))",polygon1
Pickup,7,16,POINT(-122.424655057037 37.7768302824437),POINT(-122.423569382238 37.7768757973066),"POLYGON((-122.4246758 37.7768055, -122.4246221 37.7765172, -122.4229484 37.7767334, -122.4230182 37.7770217, -122.4246758 37.7768055))",polygon3
Pickup,6,6,POINT(-122.423209475626 37.776820223827),POINT(-122.4231336056 37.7765720959656),"POLYGON((-122.4246758 37.7768055, -122.4246221 37.7765172, -122.4229484 37.7767334, -122.4230182 37.7770217, -122.4246758 37.7768055))",polygon3
Dropoff,2,18,POINT(-122.424387700723 37.7766938332243),POINT(-122.424380614993 37.7768528249401),"POLYGON((-122.4246758 37.7768055, -122.4246221 37.7765172, -122.4229484 37.7767334, -122.4230182 37.7770217, -122.4246758 37.7768055))",polygon3
Pickup,4,19,POINT(-122.425922268312 37.7765392434072),POINT(-122.426088866788 37.7766903932649),"POLYGON((-122.4263119 37.7766275, -122.4262636 37.7763518, -122.4246221 37.7765172, -122.4246758 37.7768055, -122.4263119 37.7766275))",polygon2
Dropoff,6,12,POINT(-122.424995429847 37.7766645263962),POINT(-122.424799709135 37.7767751050329),"POLYGON((-122.4263119 37.7766275, -122.4262636 37.7763518, -122.4246221 37.7765172, -122.4246758 37.7768055, -122.4263119 37.7766275))",polygon2
Pickup,1,19,POINT(-122.426284066636 37.776333305778),POINT(-122.426241120973 37.7763775576747),"POLYGON((-122.4263119 37.7766275, -122.4262636 37.7763518, -122.4246221 37.7765172, -122.4246758 37.7768055, -122.4263119 37.7766275))",polygon2
Dropoff,7,13,POINT(-122.425860917147 37.7765480088597),POINT(-122.425889432481 37.7766751845954),"POLYGON((-122.4263119 37.7766275, -122.4262636 37.7763518, -122.4246221 37.7765172, -122.4246758 37.7768055, -122.4263119 37.7766275))",polygon2
Pickup,6,12,POINT(-122.423330798425 37.7768281299506),POINT(-122.423141037062 37.7770334177081),"POLYGON((-122.4246758 37.7768055, -122.4246221 37.7765172, -122.4229484 37.7767334, -122.4230182 37.7770217, -122.4246758 37.7768055))",polygon3
Dropoff,5,19,POINT(-122.423001999489 37.7767477208701),POINT(-122.423206883257 37.7765015045614),"POLYGON((-122.4246758 37.7768055, -122.4246221 37.7765172, -122.4229484 37.7767334, -122.4230182 37.7770217, -122.4246758 37.7768055))",polygon3
Dropoff,5,17,POINT(-122.423864133169 37.7767650064983),POINT(-122.424029697972 37.7768991780854),"POLYGON((-122.4246758 37.7768055, -122.4246221 37.7765172, -122.4229484 37.7767334, -122.4230182 37.7770217, -122.4246758 37.7768055))",polygon3
Dropoff,2,19,POINT(-122.425860917147 37.7765480088597),POINT(-122.425889432481 37.7766751845954),"POLYGON((-122.4263119 37.7766275, -122.4262636 37.7763518, -122.4246221 37.7765172, -122.4246758 37.7768055, -122.4263119 37.7766275))",polygon2
Dropoff,5,17,POINT(-122.42332198438 37.7768290232458),POINT(-122.423255533372 37.7770072188445),"POLYGON((-122.4246758 37.7768055, -122.4246221 37.7765172, -122.4229484 37.7767334, -122.4230182 37.7770217, -122.4246758 37.7768055))",polygon3
Pickup,3,23,POINT(-122.424146440012 37.7767715986847),POINT(-122.424404032463 37.7768390068904),"POLYGON((-122.4246758 37.7768055, -122.4246221 37.7765172, -122.4229484 37.7767334, -122.4230182 37.7770217, -122.4246758 37.7768055))",polygon3
Dropoff,7,19,POINT(-122.422889922455 37.7773778190985),POINT(-122.422814397848 37.776811887749),"POLYGON((-122.4230182 37.7770217, -122.4229484 37.7767334, -122.421323 37.7769666, -122.4213874 37.7772422, -122.4230182 37.7770217))",polygon4
Pickup,5,1,POINT(-122.424387700723 37.7766938332243),POINT(-122.424380614993 37.7768528249401),"POLYGON((-122.4246758 37.7768055, -122.4246221 37.7765172, -122.4229484 37.7767334, -122.4230182 37.7770217, -122.4246758 37.7768055))",polygon3
Pickup,5,18,POINT(-122.423209475626 37.776820223827),POINT(-122.423115631827 37.7766283684876),"POLYGON((-122.4246758 37.7768055, -122.4246221 37.7765172, -122.4229484 37.7767334, -122.4230182 37.7770217, -122.4246758 37.7768055))",polygon3
Dropoff,6,11,POINT(-122.425113207741 37.7766043103469),POINT(-122.425002774767 37.7765249385779),"POLYGON((-122.4263119 37.7766275, -122.4262636 37.7763518, -122.4246221 37.7765172, -122.4246758 37.7768055, -122.4263119 37.7766275))",polygon2
Pickup,6,18,POINT(-122.423137580568 37.776391521998),POINT(-122.4233937929 37.7768760757123),"POLYGON((-122.4246758 37.7768055, -122.4246221 37.7765172, -122.4229484 37.7767334, -122.4230182 37.7770217, -122.4246758 37.7768055))",polygon3
Dropoff,1,11,POINT(-122.425135069654 37.7766015119388),POINT(-122.425094024557 37.7764978903963),"POLYGON((-122.4263119 37.7766275, -122.4262636 37.7763518, -122.4246221 37.7765172, -122.4246758 37.7768055, -122.4263119 37.7766275))",polygon2
Pickup,7,20,POINT(-122.424655057037 37.7768302824437),POINT(-122.42383639499 37.7767009834231),"POLYGON((-122.4246758 37.7768055, -122.4246221 37.7765172, -122.4229484 37.7767334, -122.4230182 37.7770217, -122.4246758 37.7768055))",polygon3
Dropoff,5,21,POINT(-122.424849741087 37.7766378002019),POINT(-122.424737579614 37.7763838266664),"POLYGON((-122.4263119 37.7766275, -122.4262636 37.7763518, -122.4246221 37.7765172, -122.4246758 37.7768055, -122.4263119 37.7766275))",polygon2
Dropoff,7,15,POINT(-122.423001999489 37.7767477208701),POINT(-122.423176811772 37.7770403719393),"POLYGON((-122.4246758 37.7768055, -122.4246221 37.7765172, -122.4229484 37.7767334, -122.4230182 37.7770217, -122.4246758 37.7768055))",polygon3
Dropoff,3,15,POINT(-122.424951792369 37.7766703146799),POINT(-122.424955508036 37.7768248204747),"POLYGON((-122.4263119 37.7766275, -122.4262636 37.7763518, -122.4246221 37.7765172, -122.4246758 37.7768055, -122.4263119 37.7766275))",polygon2
Pickup,4,15,POINT(-122.42750865873 37.7763377860909),POINT(-122.427519719051 37.7763593193746),"POLYGON((-122.4279642 37.7763815, -122.4279159 37.7761441, -122.4262636 37.7763518, -122.4263119 37.7766275, -122.4279642 37.7763815))",polygon1
Pickup,7,21,POINT(-122.42483021221 37.7766853906467),POINT(-122.424275711579 37.7767763314568),"POLYGON((-122.4246758 37.7768055, -122.4246221 37.7765172, -122.4229484 37.7767334, -122.4230182 37.7770217, -122.4246758 37.7768055))",polygon3
Pickup,7,21,POINT(-122.42483021221 37.7766853906467),POINT(-122.424275711579 37.7767763314568),"POLYGON((-122.4263119 37.7766275, -122.4262636 37.7763518, -122.4246221 37.7765172, -122.4246758 37.7768055, -122.4263119 37.7766275))",polygon2
Pickup,6,16,POINT(-122.424655057037 37.7768302824437),POINT(-122.424116714442 37.7766817971766),"POLYGON((-122.4246758 37.7768055, -122.4246221 37.7765172, -122.4229484 37.7767334, -122.4230182 37.7770217, -122.4246758 37.7768055))",polygon3
Pickup,2,21,POINT(-122.423779103962 37.7767758910958),POINT(-122.42376493242 37.7767542959104),"POLYGON((-122.4246758 37.7768055, -122.4246221 37.7765172, -122.4229484 37.7767334, -122.4230182 37.7770217, -122.4246758 37.7768055))",polygon3
Pickup,7,23,POINT(-122.424655057037 37.7768302824437),POINT(-122.424446806056 37.7767636206127),"POLYGON((-122.4246758 37.7768055, -122.4246221 37.7765172, -122.4229484 37.7767334, -122.4230182 37.7770217, -122.4246758 37.7768055))",polygon3
Pickup,2,21,POINT(-122.424387700723 37.7766938332243),POINT(-122.424335421855 37.7767751237147),"POLYGON((-122.4246758 37.7768055, -122.4246221 37.7765172, -122.4229484 37.7767334, -122.4230182 37.7770217, -122.4246758 37.7768055))",polygon3
Dropoff,7,18,POINT(-122.421342521285 37.7772425193096),POINT(-122.422266021896 37.7768752677252),"POLYGON((-122.4230182 37.7770217, -122.4229484 37.7767334, -122.421323 37.7769666, -122.4213874 37.7772422, -122.4230182 37.7770217))",polygon4
Pickup,5,20,POINT(-122.424387700723 37.7766938332243),POINT(-122.424333088748 37.7768957950797),"POLYGON((-122.4246758 37.7768055, -122.4246221 37.7765172, -122.4229484 37.7767334, -122.4230182 37.7770217, -122.4246758 37.7768055))",polygon3
Pickup,6,16,POINT(-122.422889922455 37.7773778190985),POINT(-122.423060932778 37.7769756123977),"POLYGON((-122.4246758 37.7768055, -122.4246221 37.7765172, -122.4229484 37.7767334, -122.4230182 37.7770217, -122.4246758 37.7768055))",polygon3
Pickup,5,22,POINT(-122.426284066636 37.776333305778),POINT(-122.426171820287 37.7765449252893),"POLYGON((-122.4263119 37.7766275, -122.4262636 37.7763518, -122.4246221 37.7765172, -122.4246758 37.7768055, -122.4263119 37.7766275))",polygon2
Pickup,4,13,POINT(-122.426492832429 37.7764272114263),POINT(-122.425906628089 37.7767839595641),"POLYGON((-122.4279642 37.7763815, -122.4279159 37.7761441, -122.4262636 37.7763518, -122.4263119 37.7766275, -122.4279642 37.7763815))",polygon1
Dropoff,5,17,POINT(-122.42401846446 37.7767878407125),POINT(-122.424029697972 37.7768991780854),"POLYGON((-122.4246758 37.7768055, -122.4246221 37.7765172, -122.4229484 37.7767334, -122.4230182 37.7770217, -122.4246758 37.7768055))",polygon3
Pickup,4,21,POINT(-122.426240775333 37.7763211770386),POINT(-122.426045402584 37.7766179779217),"POLYGON((-122.4263119 37.7766275, -122.4262636 37.7763518, -122.4246221 37.7765172, -122.4246758 37.7768055, -122.4263119 37.7766275))",polygon2
Dropoff,6,19,POINT(-122.424287636355 37.7761765994006),POINT(-122.423895068575 37.7766462971795),"POLYGON((-122.4246758 37.7768055, -122.4246221 37.7765172, -122.4229484 37.7767334, -122.4230182 37.7770217, -122.4246758 37.7768055))",polygon3
Pickup,2,12,POINT(-122.424446028354 37.7766867258339),POINT(-122.422602081813 37.7758712990961),"POLYGON((-122.4246758 37.7768055, -122.4246221 37.7765172, -122.4229484 37.7767334, -122.4230182 37.7770217, -122.4246758 37.7768055))",polygon3
Pickup,7,20,POINT(-122.424726778234 37.7769542755059),POINT(-122.424877392587 37.7766143193635),"POLYGON((-122.4263119 37.7766275, -122.4262636 37.7763518, -122.4246221 37.7765172, -122.4246758 37.7768055, -122.4263119 37.7766275))",polygon2
Pickup,6,6,POINT(-122.426240775333 37.7763211770386),POINT(-122.42573467189 37.7766785854561),"POLYGON((-122.4263119 37.7766275, -122.4262636 37.7763518, -122.4246221 37.7765172, -122.4246758 37.7768055, -122.4263119 37.7766275))",polygon2
Pickup,5,22,POINT(-122.42332198438 37.7768290232458),POINT(-122.422381037638 37.7771386930236),"POLYGON((-122.4246758 37.7768055, -122.4246221 37.7765172, -122.4229484 37.7767334, -122.4230182 37.7770217, -122.4246758 37.7768055))",polygon3
Dropoff,6,18,POINT(-122.425178879877 37.7765960339293),POINT(-122.425153734367 37.7765027162634),"POLYGON((-122.4263119 37.7766275, -122.4262636 37.7763518, -122.4246221 37.7765172, -122.4246758 37.7768055, -122.4263119 37.7766275))",polygon2
Pickup,5,8,POINT(-122.424655057037 37.7768302824437),POINT(-122.424792709845 37.7767664983442),"POLYGON((-122.4263119 37.7766275, -122.4262636 37.7763518, -122.4246221 37.7765172, -122.4246758 37.7768055, -122.4263119 37.7766275))",polygon2
Pickup,2,20,POINT(-122.426240775333 37.7763211770386),POINT(-122.426260995226 37.7763877291324),"POLYGON((-122.4263119 37.7766275, -122.4262636 37.7763518, -122.4246221 37.7765172, -122.4246758 37.7768055, -122.4263119 37.7766275))",polygon2
Pickup,7,21,POINT(-122.424726778234 37.7769542755059),POINT(-122.424309584851 37.7767736920621),"POLYGON((-122.4246758 37.7768055, -122.4246221 37.7765172, -122.4229484 37.7767334, -122.4230182 37.7770217, -122.4246758 37.7768055))",polygon3
Dropoff,2,17,POINT(-122.425113207741 37.7766043103469),POINT(-122.424941941529 37.7764817821035),"POLYGON((-122.4263119 37.7766275, -122.4262636 37.7763518, -122.4246221 37.7765172, -122.4246758 37.7768055, -122.4263119 37.7766275))",polygon2
Pickup,7,23,POINT(-122.422733688425 37.7764490718287),POINT(-122.422557406386 37.776904810142),"POLYGON((-122.4230182 37.7770217, -122.4229484 37.7767334, -122.421323 37.7769666, -122.4213874 37.7772422, -122.4230182 37.7770217))",polygon4
Pickup,1,15,POINT(-122.423115718239 37.776394319937),POINT(-122.42313325995 37.7767721273771),"POLYGON((-122.4246758 37.7768055, -122.4246221 37.7765172, -122.4229484 37.7767334, -122.4230182 37.7770217, -122.4246758 37.7768055))",polygon3
Dropoff,1,12,POINT(-122.42483021221 37.7766853906467),POINT(-122.424029697972 37.7768991780854),"POLYGON((-122.4263119 37.7766275, -122.4262636 37.7763518, -122.4246221 37.7765172, -122.4246758 37.7768055, -122.4263119 37.7766275))",polygon2
Dropoff,5,1,POINT(-122.423001999489 37.7767477208701),POINT(-122.421984574129 37.7772343043534),"POLYGON((-122.4246758 37.7768055, -122.4246221 37.7765172, -122.4229484 37.7767334, -122.4230182 37.7770217, -122.4246758 37.7768055))",polygon3
Dropoff,4,19,POINT(-122.423608786105 37.7767970128174),POINT(-122.423604119858 37.7766909977582),"POLYGON((-122.4246758 37.7768055, -122.4246221 37.7765172, -122.4229484 37.7767334, -122.4230182 37.7770217, -122.4246758 37.7768055))",polygon3
Pickup,5,19,POINT(-122.425866706624 37.7765055894921),POINT(-122.425934538541 37.776440379264),"POLYGON((-122.4263119 37.7766275, -122.4262636 37.7763518, -122.4246221 37.7765172, -122.4246758 37.7768055, -122.4263119 37.7766275))",polygon2
Dropoff,6,14,POINT(-122.421148608457 37.7771766722894),POINT(-122.422174337582 37.7771009907977),"POLYGON((-122.4230182 37.7770217, -122.4229484 37.7767334, -122.421323 37.7769666, -122.4213874 37.7772422, -122.4230182 37.7770217))",polygon4
Dropoff,5,19,POINT(-122.42332198438 37.7768290232458),POINT(-122.423176811772 37.7770403719393),"POLYGON((-122.4246758 37.7768055, -122.4246221 37.7765172, -122.4229484 37.7767334, -122.4230182 37.7770217, -122.4246758 37.7768055))",polygon3
Dropoff,7,1,POINT(-122.426457490898 37.7764721777419),POINT(-122.425732079583 37.7766681145017),"POLYGON((-122.4279642 37.7763815, -122.4279159 37.7761441, -122.4262636 37.7763518, -122.4263119 37.7766275, -122.4279642 37.7763815))",polygon1
Dropoff,7,1,POINT(-122.426457490898 37.7764721777419),POINT(-122.425732079583 37.7766681145017),"POLYGON((-122.4263119 37.7766275, -122.4262636 37.7763518, -122.4246221 37.7765172, -122.4246758 37.7768055, -122.4263119 37.7766275))",polygon2
Dropoff,5,19,POINT(-122.424387700723 37.7766938332243),POINT(-122.424380614993 37.7768528249401),"POLYGON((-122.4246758 37.7768055, -122.4246221 37.7765172, -122.4229484 37.7767334, -122.4230182 37.7770217, -122.4246758 37.7768055))",polygon3
Pickup,7,1,POINT(-122.424849741087 37.7766378002019),POINT(-122.424368863051 37.7767757432548),"POLYGON((-122.4246758 37.7768055, -122.4246221 37.7765172, -122.4229484 37.7767334, -122.4230182 37.7770217, -122.4246758 37.7768055))",polygon3
Pickup,7,1,POINT(-122.424849741087 37.7766378002019),POINT(-122.424368863051 37.7767757432548),"POLYGON((-122.4263119 37.7766275, -122.4262636 37.7763518, -122.4246221 37.7765172, -122.4246758 37.7768055, -122.4263119 37.7766275))",polygon2
Pickup,4,17,POINT(-122.424242788822 37.7762566951634),POINT(-122.424463569843 37.7765533069908),"POLYGON((-122.4246758 37.7768055, -122.4246221 37.7765172, -122.4229484 37.7767334, -122.4230182 37.7770217, -122.4246758 37.7768055))",polygon3
Dropoff,1,12,POINT(-122.425135069654 37.7766015119388),POINT(-122.425094024557 37.7764978903963),"POLYGON((-122.4263119 37.7766275, -122.4262636 37.7763518, -122.4246221 37.7765172, -122.4246758 37.7768055, -122.4263119 37.7766275))",polygon2
Pickup,7,1,POINT(-122.42483021221 37.7766853906467),POINT(-122.424379059589 37.7767156108739),"POLYGON((-122.4246758 37.7768055, -122.4246221 37.7765172, -122.4229484 37.7767334, -122.4230182 37.7770217, -122.4246758 37.7768055))",polygon3
Pickup,7,1,POINT(-122.42483021221 37.7766853906467),POINT(-122.424379059589 37.7767156108739),"POLYGON((-122.4263119 37.7766275, -122.4262636 37.7763518, -122.4246221 37.7765172, -122.4246758 37.7768055, -122.4263119 37.7766275))",polygon2
Pickup,1,0,POINT(-122.424287636355 37.7761765994006),POINT(-122.424221618015 37.7768038736073),"POLYGON((-122.4246758 37.7768055, -122.4246221 37.7765172, -122.4229484 37.7767334, -122.4230182 37.7770217, -122.4246758 37.7768055))",polygon3
Pickup,4,19,POINT(-122.423330798425 37.7768281299506),POINT(-122.423172404743 37.7769219182128),"POLYGON((-122.4246758 37.7768055, -122.4246221 37.7765172, -122.4229484 37.7767334, -122.4230182 37.7770217, -122.4246758 37.7768055))",polygon3
Pickup,5,20,POINT(-122.425125823707 37.7766468120099),POINT(-122.425126514993 37.7766762605934),"POLYGON((-122.4263119 37.7766275, -122.4262636 37.7763518, -122.4246221 37.7765172, -122.4246758 37.7768055, -122.4263119 37.7766275))",polygon2
Pickup,1,13,POINT(-122.422805238109 37.7773888149194),POINT(-122.422705604296 37.7769525066924),"POLYGON((-122.4230182 37.7770217, -122.4229484 37.7767334, -122.421323 37.7769666, -122.4213874 37.7772422, -122.4230182 37.7770217))",polygon4
Pickup,7,16,POINT(-122.424726778234 37.7769542755059),POINT(-122.424710878599 37.7765396916308),"POLYGON((-122.4263119 37.7766275, -122.4262636 37.7763518, -122.4246221 37.7765172, -122.4246758 37.7768055, -122.4263119 37.7766275))",polygon2
Dropoff,3,15,POINT(-122.425942661086 37.7765363877665),POINT(-122.426045402584 37.7766179779217),"POLYGON((-122.4263119 37.7766275, -122.4262636 37.7763518, -122.4246221 37.7765172, -122.4246758 37.7768055, -122.4263119 37.7766275))",polygon2
Pickup,7,20,POINT(-122.424726778234 37.7769542755059),POINT(-122.424662574803 37.7765674888591),"POLYGON((-122.4263119 37.7766275, -122.4262636 37.7763518, -122.4246221 37.7765172, -122.4246758 37.7768055, -122.4263119 37.7766275))",polygon2
Dropoff,5,16,POINT(-122.42332198438 37.7768290232458),POINT(-122.422740342202 37.7771040893142),"POLYGON((-122.4246758 37.7768055, -122.4246221 37.7765172, -122.4229484 37.7767334, -122.4230182 37.7770217, -122.4246758 37.7768055))",polygon3
Pickup,5,18,POINT(-122.424849741087 37.7766378002019),POINT(-122.424380614993 37.7768528249401),"POLYGON((-122.4263119 37.7766275, -122.4262636 37.7763518, -122.4246221 37.7765172, -122.4246758 37.7768055, -122.4263119 37.7766275))",polygon2
Dropoff,6,23,POINT(-122.421615329413 37.7775477130165),POINT(-122.421719630591 37.7771868869294),"POLYGON((-122.4230182 37.7770217, -122.4229484 37.7767334, -122.421323 37.7769666, -122.4213874 37.7772422, -122.4230182 37.7770217))",polygon4
Dropoff,7,11,POINT(-122.423137580568 37.776391521998),POINT(-122.423408482964 37.7767098007088),"POLYGON((-122.4246758 37.7768055, -122.4246221 37.7765172, -122.4229484 37.7767334, -122.4230182 37.7770217, -122.4246758 37.7768055))",polygon3
Dropoff,6,22,POINT(-122.424221704427 37.776261289738),POINT(-122.424319867807 37.7768448280664),"POLYGON((-122.4246758 37.7768055, -122.4246221 37.7765172, -122.4229484 37.7767334, -122.4230182 37.7770217, -122.4246758 37.7768055))",polygon3
Pickup,4,19,POINT(-122.42332198438 37.7768290232458),POINT(-122.423051168173 37.7770486980549),"POLYGON((-122.4246758 37.7768055, -122.4246221 37.7765172, -122.4229484 37.7767334, -122.4230182 37.7770217, -122.4246758 37.7768055))",polygon3
Dropoff,4,18,POINT(-122.423367091543 37.7768286725309),POINT(-122.423408482964 37.7767098007088),"POLYGON((-122.4246758 37.7768055, -122.4246221 37.7765172, -122.4229484 37.7767334, -122.4230182 37.7770217, -122.4246758 37.7768055))",polygon3
Pickup,1,12,POINT(-122.425502228138 37.7765543025746),POINT(-122.425499808647 37.7765714040198),"POLYGON((-122.4263119 37.7766275, -122.4262636 37.7763518, -122.4246221 37.7765172, -122.4246758 37.7768055, -122.4263119 37.7766275))",polygon2
Dropoff,1,12,POINT(-122.426457490898 37.7764721777419),POINT(-122.426045402584 37.7766179779217),"POLYGON((-122.4279642 37.7763815, -122.4279159 37.7761441, -122.4262636 37.7763518, -122.4263119 37.7766275, -122.4279642 37.7763815))",polygon1
Dropoff,1,12,POINT(-122.426457490898 37.7764721777419),POINT(-122.426045402584 37.7766179779217),"POLYGON((-122.4263119 37.7766275, -122.4262636 37.7763518, -122.4246221 37.7765172, -122.4246758 37.7768055, -122.4263119 37.7766275))",polygon2
Dropoff,5,17,POINT(-122.425866706624 37.7765055894921),POINT(-122.425907492189 37.7763879947026),"POLYGON((-122.4263119 37.7766275, -122.4262636 37.7763518, -122.4246221 37.7765172, -122.4246758 37.7768055, -122.4263119 37.7766275))",polygon2
Pickup,6,20,POINT(-122.423001999489 37.7767477208701),POINT(-122.422959138895 37.7769585737433),"POLYGON((-122.4230182 37.7770217, -122.4229484 37.7767334, -122.421323 37.7769666, -122.4213874 37.7772422, -122.4230182 37.7770217))",polygon4
Pickup,6,20,POINT(-122.423001999489 37.7767477208701),POINT(-122.422959138895 37.7769585737433),"POLYGON((-122.4246758 37.7768055, -122.4246221 37.7765172, -122.4229484 37.7767334, -122.4230182 37.7770217, -122.4246758 37.7768055))",polygon3
Pickup,3,19,POINT(-122.426457490898 37.7764721777419),POINT(-122.426181498191 37.776577280015),"POLYGON((-122.4279642 37.7763815, -122.4279159 37.7761441, -122.4262636 37.7763518, -122.4263119 37.7766275, -122.4279642 37.7763815))",polygon1
Pickup,3,19,POINT(-122.426457490898 37.7764721777419),POINT(-122.426181498191 37.776577280015),"POLYGON((-122.4263119 37.7766275, -122.4262636 37.7763518, -122.4246221 37.7765172, -122.4246758 37.7768055, -122.4263119 37.7766275))",polygon2
Dropoff,5,12,POINT(-122.422085072758 37.7770384405069),POINT(-122.422101836922 37.77709966012),"POLYGON((-122.4230182 37.7770217, -122.4229484 37.7767334, -122.421323 37.7769666, -122.4213874 37.7772422, -122.4230182 37.7770217))",polygon4
Pickup,6,1,POINT(-122.424407056859 37.7766915149081),POINT(-122.424419068031 37.7767922895955),"POLYGON((-122.4246758 37.7768055, -122.4246221 37.7765172, -122.4229484 37.7767334, -122.4230182 37.7770217, -122.4246758 37.7768055))",polygon3
Pickup,6,0,POINT(-122.424387700723 37.7766938332243),POINT(-122.424380614993 37.7768528249401),"POLYGON((-122.4246758 37.7768055, -122.4246221 37.7765172, -122.4229484 37.7767334, -122.4230182 37.7770217, -122.4246758 37.7768055))",polygon3
Dropoff,4,11,POINT(-122.425942661086 37.7765363877665),POINT(-122.426113925664 37.77669896997),"POLYGON((-122.4263119 37.7766275, -122.4262636 37.7763518, -122.4246221 37.7765172, -122.4246758 37.7768055, -122.4263119 37.7766275))",polygon2
Dropoff,7,16,POINT(-122.426457490898 37.7764721777419),POINT(-122.426418692969 37.776313415173),"POLYGON((-122.4279642 37.7763815, -122.4279159 37.7761441, -122.4262636 37.7763518, -122.4263119 37.7766275, -122.4279642 37.7763815))",polygon1
Pickup,5,22,POINT(-122.421784699956 37.7770755642284),POINT(-122.421772083589 37.7771711192631),"POLYGON((-122.4230182 37.7770217, -122.4229484 37.7767334, -122.421323 37.7769666, -122.4213874 37.7772422, -122.4230182 37.7770217))",polygon4
Pickup,4,17,POINT(-122.422754168231 37.7768962774229),POINT(-122.423124532301 37.7765673256471),"POLYGON((-122.4230182 37.7770217, -122.4229484 37.7767334, -122.421323 37.7769666, -122.4213874 37.7772422, -122.4230182 37.7770217))",polygon4
Pickup,3,19,POINT(-122.426457490898 37.7764721777419),POINT(-122.426154970363 37.7765734443485),"POLYGON((-122.4279642 37.7763815, -122.4279159 37.7761441, -122.4262636 37.7763518, -122.4263119 37.7766275, -122.4279642 37.7763815))",polygon1
Pickup,3,19,POINT(-122.426457490898 37.7764721777419),POINT(-122.426154970363 37.7765734443485),"POLYGON((-122.4263119 37.7766275, -122.4262636 37.7763518, -122.4246221 37.7765172, -122.4246758 37.7768055, -122.4263119 37.7766275))",polygon2
Dropoff,3,19,POINT(-122.425844758454 37.7765086327269),POINT(-122.425845795375 37.7764093706272),"POLYGON((-122.4263119 37.7766275, -122.4262636 37.7763518, -122.4246221 37.7765172, -122.4246758 37.7768055, -122.4263119 37.7766275))",polygon2
Pickup,1,18,POINT(-122.426457490898 37.7764721777419),POINT(-122.426172597976 37.7762253203576),"POLYGON((-122.4279642 37.7763815, -122.4279159 37.7761441, -122.4262636 37.7763518, -122.4263119 37.7766275, -122.4279642 37.7763815))",polygon1
Pickup,6,23,POINT(-122.426284066636 37.776333305778),POINT(-122.425929958807 37.7764473130252),"POLYGON((-122.4263119 37.7766275, -122.4262636 37.7763518, -122.4246221 37.7765172, -122.4246758 37.7768055, -122.4263119 37.7766275))",polygon2
Dropoff,3,21,POINT(-122.425795504668 37.7765572237663),POINT(-122.425810972087 37.7767072418296),"POLYGON((-122.4263119 37.7766275, -122.4262636 37.7763518, -122.4246221 37.7765172, -122.4246758 37.7768055, -122.4263119 37.7766275))",polygon2
Pickup,7,13,POINT(-122.425332085899 37.7765763917254),POINT(-122.42532137099 37.7765727082736),"POLYGON((-122.4263119 37.7766275, -122.4262636 37.7763518, -122.4246221 37.7765172, -122.4246758 37.7768055, -122.4263119 37.7766275))",polygon2
Pickup,2,22,POINT(-122.424387700723 37.7766938332243),POINT(-122.424347865092 37.77671982547),"POLYGON((-122.4246758 37.7768055, -122.4246221 37.7765172, -122.4229484 37.7767334, -122.4230182 37.7770217, -122.4246758 37.7768055))",polygon3
Dropoff,6,13,POINT(-122.42332198438 37.7768290232458),POINT(-122.422570281898 37.7770844905576),"POLYGON((-122.4246758 37.7768055, -122.4246221 37.7765172, -122.4229484 37.7767334, -122.4230182 37.7770217, -122.4246758 37.7768055))",polygon3
Pickup,6,8,POINT(-122.423209475626 37.776820223827),POINT(-122.423102842794 37.7764586210244),"POLYGON((-122.4246758 37.7768055, -122.4246221 37.7765172, -122.4229484 37.7767334, -122.4230182 37.7770217, -122.4246758 37.7768055))",polygon3
Dropoff,6,19,POINT(-122.423001999489 37.7767477208701),POINT(-122.423206883257 37.7765015045614),"POLYGON((-122.4246758 37.7768055, -122.4246221 37.7765172, -122.4229484 37.7767334, -122.4230182 37.7770217, -122.4246758 37.7768055))",polygon3
Dropoff,7,0,POINT(-122.42401846446 37.7767878407125),POINT(-122.423954260597 37.7769130015034),"POLYGON((-122.4246758 37.7768055, -122.4246221 37.7765172, -122.4229484 37.7767334, -122.4230182 37.7770217, -122.4246758 37.7768055))",polygon3
Dropoff,2,14,POINT(-122.424726778234 37.7769542755059),POINT(-122.424897871975 37.7765207086951),"POLYGON((-122.4263119 37.7766275, -122.4262636 37.7763518, -122.4246221 37.7765172, -122.4246758 37.7768055, -122.4263119 37.7766275))",polygon2
Pickup,2,12,POINT(-122.424387700723 37.7766938332243),POINT(-122.424331706166 37.7765338865837),"POLYGON((-122.4246758 37.7768055, -122.4246221 37.7765172, -122.4229484 37.7767334, -122.4230182 37.7770217, -122.4246758 37.7768055))",polygon3
Dropoff,6,11,POINT(-122.423367091543 37.7768286725309),POINT(-122.423408482964 37.7767098007088),"POLYGON((-122.4246758 37.7768055, -122.4246221 37.7765172, -122.4229484 37.7767334, -122.4230182 37.7770217, -122.4246758 37.7768055))",polygon3
Pickup,5,12,POINT(-122.426457490898 37.7764721777419),POINT(-122.426177264108 37.7763792425823),"POLYGON((-122.4279642 37.7763815, -122.4279159 37.7761441, -122.4262636 37.7763518, -122.4263119 37.7766275, -122.4279642 37.7763815))",polygon1
Pickup,5,12,POINT(-122.426457490898 37.7764721777419),POINT(-122.426177264108 37.7763792425823),"POLYGON((-122.4263119 37.7766275, -122.4262636 37.7763518, -122.4246221 37.7765172, -122.4246758 37.7768055, -122.4263119 37.7766275))",polygon2
Dropoff,3,15,POINT(-122.425135069654 37.7766015119388),POINT(-122.425094024557 37.7764978903963),"POLYGON((-122.4263119 37.7766275, -122.4262636 37.7763518, -122.4246221 37.7765172, -122.4246758 37.7768055, -122.4263119 37.7766275))",polygon2
Pickup,1,15,POINT(-122.423001999489 37.7767477208701),POINT(-122.42339137336 37.7766582115199),"POLYGON((-122.4246758 37.7768055, -122.4246221 37.7765172, -122.4229484 37.7767334, -122.4230182 37.7770217, -122.4246758 37.7768055))",polygon3
Dropoff,1,20,POINT(-122.425942661086 37.7765363877665),POINT(-122.426045402584 37.7766179779217),"POLYGON((-122.4263119 37.7766275, -122.4262636 37.7763518, -122.4246221 37.7765172, -122.4246758 37.7768055, -122.4263119 37.7766275))",polygon2
Dropoff,4,17,POINT(-122.423864133169 37.7767650064983),POINT(-122.424029697972 37.7768991780854),"POLYGON((-122.4246758 37.7768055, -122.4246221 37.7765172, -122.4229484 37.7767334, -122.4230182 37.7770217, -122.4246758 37.7768055))",polygon3
Dropoff,7,16,POINT(-122.426284066636 37.776333305778),POINT(-122.426045402584 37.7766179779217),"POLYGON((-122.4263119 37.7766275, -122.4262636 37.7763518, -122.4246221 37.7765172, -122.4246758 37.7768055, -122.4263119 37.7766275))",polygon2
Dropoff,6,13,POINT(-122.421877075918 37.7770096418963),POINT(-122.42182228981 37.7768783998537),"POLYGON((-122.4230182 37.7770217, -122.4229484 37.7767334, -122.421323 37.7769666, -122.4213874 37.7772422, -122.4230182 37.7770217))",polygon4
Dropoff,4,18,POINT(-122.423330798425 37.7768281299506),POINT(-122.423176811772 37.7770403719393),"POLYGON((-122.4246758 37.7768055, -122.4246221 37.7765172, -122.4229484 37.7767334, -122.4230182 37.7770217, -122.4246758 37.7768055))",polygon3
Dropoff,2,16,POINT(-122.422754168231 37.7768962774229),POINT(-122.422814397848 37.776811887749),"POLYGON((-122.4230182 37.7770217, -122.4229484 37.7767334, -122.421323 37.7769666, -122.4213874 37.7772422, -122.4230182 37.7770217))",polygon4
Pickup,6,23,POINT(-122.423001999489 37.7767477208701),POINT(-122.423170330847 37.7769960554717),"POLYGON((-122.4246758 37.7768055, -122.4246221 37.7765172, -122.4229484 37.7767334, -122.4230182 37.7770217, -122.4246758 37.7768055))",polygon3
Pickup,5,16,POINT(-122.42523452834 37.7766317700468),POINT(-122.425198840742 37.7767464153915),"POLYGON((-122.4263119 37.7766275, -122.4262636 37.7763518, -122.4246221 37.7765172, -122.4246758 37.7768055, -122.4263119 37.7766275))",polygon2
Dropoff,1,16,POINT(-122.426240775333 37.7763211770386),POINT(-122.426045402584 37.7766179779217),"POLYGON((-122.4263119 37.7766275, -122.4262636 37.7763518, -122.4246221 37.7765172, -122.4246758 37.7768055, -122.4263119 37.7766275))",polygon2
Pickup,7,13,POINT(-122.422733688425 37.7764490718287),POINT(-122.423197809965 37.7769103970976),"POLYGON((-122.4246758 37.7768055, -122.4246221 37.7765172, -122.4229484 37.7767334, -122.4230182 37.7770217, -122.4246758 37.7768055))",polygon3
Pickup,1,23,POINT(-122.424387700723 37.7766938332243),POINT(-122.424302326294 37.7768489146381),"POLYGON((-122.4246758 37.7768055, -122.4246221 37.7765172, -122.4229484 37.7767334, -122.4230182 37.7770217, -122.4246758 37.7768055))",polygon3
Dropoff,4,12,POINT(-122.425817280029 37.7765540882959),POINT(-122.425826785145 37.7766576683335),"POLYGON((-122.4263119 37.7766275, -122.4262636 37.7763518, -122.4246221 37.7765172, -122.4246758 37.7768055, -122.4263119 37.7766275))",polygon2
Dropoff,5,20,POINT(-122.426457490898 37.7764721777419),POINT(-122.425732079583 37.7766681145017),"POLYGON((-122.4279642 37.7763815, -122.4279159 37.7761441, -122.4262636 37.7763518, -122.4263119 37.7766275, -122.4279642 37.7763815))",polygon1
Dropoff,5,20,POINT(-122.426457490898 37.7764721777419),POINT(-122.425732079583 37.7766681145017),"POLYGON((-122.4263119 37.7766275, -122.4262636 37.7763518, -122.4246221 37.7765172, -122.4246758 37.7768055, -122.4263119 37.7766275))",polygon2
Pickup,5,23,POINT(-122.424463224198 37.7766844176431),POINT(-122.424614011752 37.7764136898717),"POLYGON((-122.4246758 37.7768055, -122.4246221 37.7765172, -122.4229484 37.7767334, -122.4230182 37.7770217, -122.4246758 37.7768055))",polygon3
Pickup,6,19,POINT(-122.42483021221 37.7766853906467),POINT(-122.424320213452 37.7768431950733),"POLYGON((-122.4246758 37.7768055, -122.4246221 37.7765172, -122.4229484 37.7767334, -122.4230182 37.7770217, -122.4246758 37.7768055))",polygon3
Pickup,6,19,POINT(-122.42483021221 37.7766853906467),POINT(-122.424320213452 37.7768431950733),"POLYGON((-122.4263119 37.7766275, -122.4262636 37.7763518, -122.4246221 37.7765172, -122.4246758 37.7768055, -122.4263119 37.7766275))",polygon2
Pickup,3,15,POINT(-122.423821618574 37.7767705215052),POINT(-122.423833197754 37.7767767746652),"POLYGON((-122.4246758 37.7768055, -122.4246221 37.7765172, -122.4229484 37.7767334, -122.4230182 37.7770217, -122.4246758 37.7768055))",polygon3
Pickup,5,21,POINT(-122.426457490898 37.7764721777419),POINT(-122.425910516542 37.7763982600946),"POLYGON((-122.4279642 37.7763815, -122.4279159 37.7761441, -122.4262636 37.7763518, -122.4263119 37.7766275, -122.4279642 37.7763815))",polygon1
Pickup,5,21,POINT(-122.426457490898 37.7764721777419),POINT(-122.425910516542 37.7763982600946),"POLYGON((-122.4263119 37.7766275, -122.4262636 37.7763518, -122.4246221 37.7765172, -122.4246758 37.7768055, -122.4263119 37.7766275))",polygon2
Dropoff,3,22,POINT(-122.425942661086 37.7765363877665),POINT(-122.426113925664 37.7766011177352),"POLYGON((-122.4263119 37.7766275, -122.4262636 37.7763518, -122.4246221 37.7765172, -122.4246758 37.7768055, -122.4263119 37.7766275))",polygon2
Pickup,1,21,POINT(-122.427943034668 37.7764120864173),POINT(-122.427577008037 37.7763832077617),"POLYGON((-122.4279642 37.7763815, -122.4279159 37.7761441, -122.4262636 37.7763518, -122.4263119 37.7766275, -122.4279642 37.7763815))",polygon1
Pickup,7,19,POINT(-122.426224616699 37.7762391266899),POINT(-122.424434276419 37.7767644936384),"POLYGON((-122.4246758 37.7768055, -122.4246221 37.7765172, -122.4229484 37.7767334, -122.4230182 37.7770217, -122.4246758 37.7768055))",polygon3
Pickup,2,20,POINT(-122.421794291851 37.777020197427),POINT(-122.42178081135 37.7769517881522),"POLYGON((-122.4230182 37.7770217, -122.4229484 37.7767334, -122.421323 37.7769666, -122.4213874 37.7772422, -122.4230182 37.7770217))",polygon4
Dropoff,2,17,POINT(-122.423864133169 37.7767650064983),POINT(-122.423954260597 37.7769130015034),"POLYGON((-122.4246758 37.7768055, -122.4246221 37.7765172, -122.4229484 37.7767334, -122.4230182 37.7770217, -122.4246758 37.7768055))",polygon3
Dropoff,1,13,POINT(-122.425860917147 37.7765480088597),POINT(-122.425889432481 37.7766751845954),"POLYGON((-122.4263119 37.7766275, -122.4262636 37.7763518, -122.4246221 37.7765172, -122.4246758 37.7768055, -122.4263119 37.7766275))",polygon2
Pickup,1,20,POINT(-122.42483021221 37.7766853906467),POINT(-122.424380010114 37.776715100427),"POLYGON((-122.4246758 37.7768055, -122.4246221 37.7765172, -122.4229484 37.7767334, -122.4230182 37.7770217, -122.4246758 37.7768055))",polygon3
Pickup,1,20,POINT(-122.42483021221 37.7766853906467),POINT(-122.424380010114 37.776715100427),"POLYGON((-122.4263119 37.7766275, -122.4262636 37.7763518, -122.4246221 37.7765172, -122.4246758 37.7768055, -122.4263119 37.7766275))",polygon2
Dropoff,2,20,POINT(-122.424387700723 37.7766938332243),POINT(-122.424319867807 37.7768448280664),"POLYGON((-122.4246758 37.7768055, -122.4246221 37.7765172, -122.4229484 37.7767334, -122.4230182 37.7770217, -122.4246758 37.7768055))",polygon3
Dropoff,6,10,POINT(-122.423864133169 37.7767650064983),POINT(-122.424029697972 37.7768991780854),"POLYGON((-122.4246758 37.7768055, -122.4246221 37.7765172, -122.4229484 37.7767334, -122.4230182 37.7770217, -122.4246758 37.7768055))",polygon3
Pickup,6,20,POINT(-122.426284066636 37.776333305778),POINT(-122.426045402584 37.7766179779217),"POLYGON((-122.4263119 37.7766275, -122.4262636 37.7763518, -122.4246221 37.7765172, -122.4246758 37.7768055, -122.4263119 37.7766275))",polygon2
Pickup,1,17,POINT(-122.424242788822 37.7762566951634),POINT(-122.424432029726 37.7766381788877),"POLYGON((-122.4246758 37.7768055, -122.4246221 37.7765172, -122.4229484 37.7767334, -122.4230182 37.7770217, -122.4246758 37.7768055))",polygon3
Dropoff,7,21,POINT(-122.421163385249 37.7770887404333),POINT(-122.422266021896 37.7768752677252),"POLYGON((-122.4230182 37.7770217, -122.4229484 37.7767334, -122.421323 37.7769666, -122.4213874 37.7772422, -122.4230182 37.7770217))",polygon4
Pickup,2,22,POINT(-122.424463224198 37.7766844176431),POINT(-122.424322028091 37.7765902973787),"POLYGON((-122.4246758 37.7768055, -122.4246221 37.7765172, -122.4229484 37.7767334, -122.4230182 37.7770217, -122.4246758 37.7768055))",polygon3
Dropoff,7,13,POINT(-122.424655057037 37.7768302824437),POINT(-122.424319867807 37.7768448280664),"POLYGON((-122.4246758 37.7768055, -122.4246221 37.7765172, -122.4229484 37.7767334, -122.4230182 37.7770217, -122.4246758 37.7768055))",polygon3
Pickup,2,19,POINT(-122.425113207741 37.7766043103469),POINT(-122.424935028659 37.7764837629074),"POLYGON((-122.4263119 37.7766275, -122.4262636 37.7763518, -122.4246221 37.7765172, -122.4246758 37.7768055, -122.4263119 37.7766275))",polygon2
Pickup,5,16,POINT(-122.424849741087 37.7766378002019),POINT(-122.424737579614 37.7763838266664),"POLYGON((-122.4263119 37.7766275, -122.4262636 37.7763518, -122.4246221 37.7765172, -122.4246758 37.7768055, -122.4263119 37.7766275))",polygon2
Pickup,7,15,POINT(-122.426284066636 37.776333305778),POINT(-122.425858497663 37.7765403199929),"POLYGON((-122.4263119 37.7766275, -122.4262636 37.7763518, -122.4246221 37.7765172, -122.4246758 37.7768055, -122.4263119 37.7766275))",polygon2
Dropoff,5,23,POINT(-122.42332198438 37.7768290232458),POINT(-122.423206883257 37.7765015045614),"POLYGON((-122.4246758 37.7768055, -122.4246221 37.7765172, -122.4229484 37.7767334, -122.4230182 37.7770217, -122.4246758 37.7768055))",polygon3
Pickup,4,20,POINT(-122.424018637284 37.7767436589665),POINT(-122.423961778413 37.7768213417264),"POLYGON((-122.4246758 37.7768055, -122.4246221 37.7765172, -122.4229484 37.7767334, -122.4230182 37.7770217, -122.4246758 37.7768055))",polygon3
Dropoff,1,13,POINT(-122.424726778234 37.7769542755059),POINT(-122.424319867807 37.7768448280664),"POLYGON((-122.4246758 37.7768055, -122.4246221 37.7765172, -122.4229484 37.7767334, -122.4230182 37.7770217, -122.4246758 37.7768055))",polygon3
Pickup,6,22,POINT(-122.422282094727 37.7770130351663),POINT(-122.422895971334 37.7769796729663),"POLYGON((-122.4230182 37.7770217, -122.4229484 37.7767334, -122.421323 37.7769666, -122.4213874 37.7772422, -122.4230182 37.7770217))",polygon4
Pickup,4,20,POINT(-122.424463224198 37.7766844176431),POINT(-122.424737579614 37.7763838266664),"POLYGON((-122.4246758 37.7768055, -122.4246221 37.7765172, -122.4229484 37.7767334, -122.4230182 37.7770217, -122.4246758 37.7768055))",polygon3
Dropoff,5,12,POINT(-122.424655057037 37.7768302824437),POINT(-122.424799709135 37.7767751050329),"POLYGON((-122.4263119 37.7766275, -122.4262636 37.7763518, -122.4246221 37.7765172, -122.4246758 37.7768055, -122.4263119 37.7766275))",polygon2
Pickup,5,13,POINT(-122.425713242153 37.7765262572933),POINT(-122.425664161126 37.7763347431585),"POLYGON((-122.4263119 37.7766275, -122.4262636 37.7763518, -122.4246221 37.7765172, -122.4246758 37.7768055, -122.4263119 37.7766275))",polygon2
Pickup,7,16,POINT(-122.425648520864 37.7765348959759),POINT(-122.425618709309 37.7763708237297),"POLYGON((-122.4263119 37.7766275, -122.4262636 37.7763518, -122.4246221 37.7765172, -122.4246758 37.7768055, -122.4263119 37.7766275))",polygon2
Pickup,6,10,POINT(-122.424387700723 37.7766938332243),POINT(-122.42431260925 37.7766855953067),"POLYGON((-122.4246758 37.7768055, -122.4246221 37.7765172, -122.4229484 37.7767334, -122.4230182 37.7770217, -122.4246758 37.7768055))",polygon3
Pickup,7,14,POINT(-122.423001999489 37.7767477208701),POINT(-122.423082103819 37.7767642329946),"POLYGON((-122.4246758 37.7768055, -122.4246221 37.7765172, -122.4229484 37.7767334, -122.4230182 37.7770217, -122.4246758 37.7768055))",polygon3
Pickup,5,8,POINT(-122.424951792369 37.7766703146799),POINT(-122.424954039051 37.776703501441),"POLYGON((-122.4263119 37.7766275, -122.4262636 37.7763518, -122.4246221 37.7765172, -122.4246758 37.7768055, -122.4263119 37.7766275))",polygon2
Dropoff,7,14,POINT(-122.424849741087 37.7766378002019),POINT(-122.424737579614 37.7763838266664),"POLYGON((-122.4263119 37.7766275, -122.4262636 37.7763518, -122.4246221 37.7765172, -122.4246758 37.7768055, -122.4263119 37.7766275))",polygon2
Dropoff,4,11,POINT(-122.426284066636 37.776333305778),POINT(-122.426119110258 37.776367177966),"POLYGON((-122.4263119 37.7766275, -122.4262636 37.7763518, -122.4246221 37.7765172, -122.4246758 37.7768055, -122.4263119 37.7766275))",polygon2
Pickup,3,19,POINT(-122.42483021221 37.7766853906467),POINT(-122.424506170589 37.776752195779),"POLYGON((-122.4246758 37.7768055, -122.4246221 37.7765172, -122.4229484 37.7767334, -122.4230182 37.7770217, -122.4246758 37.7768055))",polygon3
Pickup,3,19,POINT(-122.42483021221 37.7766853906467),POINT(-122.424506170589 37.776752195779),"POLYGON((-122.4263119 37.7766275, -122.4262636 37.7763518, -122.4246221 37.7765172, -122.4246758 37.7768055, -122.4263119 37.7766275))",polygon2
Pickup,6,20,POINT(-122.424726778234 37.7769542755059),POINT(-122.424372060271 37.7767383375395),"POLYGON((-122.4246758 37.7768055, -122.4246221 37.7765172, -122.4229484 37.7767334, -122.4230182 37.7770217, -122.4246758 37.7768055))",polygon3
Pickup,4,21,POINT(-122.426240775333 37.7763211770386),POINT(-122.426174931042 37.776406713347),"POLYGON((-122.4263119 37.7766275, -122.4262636 37.7763518, -122.4246221 37.7765172, -122.4246758 37.7768055, -122.4263119 37.7766275))",polygon2
Dropoff,4,17,POINT(-122.423330798425 37.7768281299506),POINT(-122.422654707195 37.7771086888349),"POLYGON((-122.4246758 37.7768055, -122.4246221 37.7765172, -122.4229484 37.7767334, -122.4230182 37.7770217, -122.4246758 37.7768055))",polygon3
Dropoff,6,22,POINT(-122.423001999489 37.7767477208701),POINT(-122.423206883257 37.7765015045614),"POLYGON((-122.4246758 37.7768055, -122.4246221 37.7765172, -122.4229484 37.7767334, -122.4230182 37.7770217, -122.4246758 37.7768055))",polygon3
Dropoff,1,18,POINT(-122.424726778234 37.7769542755059),POINT(-122.425002774767 37.7765249385779),"POLYGON((-122.4263119 37.7766275, -122.4262636 37.7763518, -122.4246221 37.7765172, -122.4246758 37.7768055, -122.4263119 37.7766275))",polygon2
Dropoff,4,20,POINT(-122.42332198438 37.7768290232458),POINT(-122.423170330847 37.7769962008711),"POLYGON((-122.4246758 37.7768055, -122.4246221 37.7765172, -122.4229484 37.7767334, -122.4230182 37.7770217, -122.4246758 37.7768055))",polygon3
Dropoff,2,17,POINT(-122.424387700723 37.7766938332243),POINT(-122.424319867807 37.7768448280664),"POLYGON((-122.4246758 37.7768055, -122.4246221 37.7765172, -122.4229484 37.7767334, -122.4230182 37.7770217, -122.4246758 37.7768055))",polygon3
Dropoff,4,1,POINT(-122.422085072758 37.7770384405069),POINT(-122.422101836922 37.77709966012),"POLYGON((-122.4230182 37.7770217, -122.4229484 37.7767334, -122.421323 37.7769666, -122.4213874 37.7772422, -122.4230182 37.7770217))",polygon4
Pickup,7,21,POINT(-122.424287636355 37.7761765994006),POINT(-122.423838382461 37.7768225074682),"POLYGON((-122.4246758 37.7768055, -122.4246221 37.7765172, -122.4229484 37.7767334, -122.4230182 37.7770217, -122.4246758 37.7768055))",polygon3
Pickup,5,22,POINT(-122.424146440012 37.7767715986847),POINT(-122.424327904065 37.7768198196185),"POLYGON((-122.4246758 37.7768055, -122.4246221 37.7765172, -122.4229484 37.7767334, -122.4230182 37.7770217, -122.4246758 37.7768055))",polygon3
Pickup,7,15,POINT(-122.423001999489 37.7767477208701),POINT(-122.423363980705 37.7768190151151),"POLYGON((-122.4246758 37.7768055, -122.4246221 37.7765172, -122.4229484 37.7767334, -122.4230182 37.7770217, -122.4246758 37.7768055))",polygon3
Pickup,6,10,POINT(-122.424196126629 37.7767185859009),POINT(-122.42422187725 37.7767063766802),"POLYGON((-122.4246758 37.7768055, -122.4246221 37.7765172, -122.4229484 37.7767334, -122.4230182 37.7770217, -122.4246758 37.7768055))",polygon3
Dropoff,1,19,POINT(-122.425113207741 37.7766043103469),POINT(-122.425002774767 37.7765249385779),"POLYGON((-122.4263119 37.7766275, -122.4262636 37.7763518, -122.4246221 37.7765172, -122.4246758 37.7768055, -122.4263119 37.7766275))",polygon2
Dropoff,1,10,POINT(-122.425942661086 37.7765363877665),POINT(-122.426150563459 37.7765657125264),"POLYGON((-122.4263119 37.7766275, -122.4262636 37.7763518, -122.4246221 37.7765172, -122.4246758 37.7768055, -122.4263119 37.7766275))",polygon2
Pickup,3,18,POINT(-122.422481103823 37.7769870909143),POINT(-122.422494929886 37.7770199885097),"POLYGON((-122.4230182 37.7770217, -122.4229484 37.7767334, -122.421323 37.7769666, -122.4213874 37.7772422, -122.4230182 37.7770217))",polygon4
Dropoff,2,19,POINT(-122.422754168231 37.7768962774229),POINT(-122.422814397848 37.776811887749),"POLYGON((-122.4230182 37.7770217, -122.4229484 37.7767334, -122.421323 37.7769666, -122.4213874 37.7772422, -122.4230182 37.7770217))",polygon4
Dropoff,7,13,POINT(-122.424726778234 37.7769542755059),POINT(-122.424319867807 37.7768448280664),"POLYGON((-122.4246758 37.7768055, -122.4246221 37.7765172, -122.4229484 37.7767334, -122.4230182 37.7770217, -122.4246758 37.7768055))",polygon3
Pickup,7,23,POINT(-122.424655057037 37.7768302824437),POINT(-122.424215309978 37.7767658290774),"POLYGON((-122.4246758 37.7768055, -122.4246221 37.7765172, -122.4229484 37.7767334, -122.4230182 37.7770217, -122.4246758 37.7768055))",polygon3
Pickup,4,13,POINT(-122.424890094992 37.7766780953956),POINT(-122.424865208646 37.7767971247238),"POLYGON((-122.4263119 37.7766275, -122.4262636 37.7763518, -122.4246221 37.7765172, -122.4246758 37.7768055, -122.4263119 37.7766275))",polygon2
Pickup,1,22,POINT(-122.425942661086 37.7765363877665),POINT(-122.426062598166 37.7765490048103),"POLYGON((-122.4263119 37.7766275, -122.4262636 37.7763518, -122.4246221 37.7765172, -122.4246758 37.7768055, -122.4263119 37.7766275))",polygon2
Pickup,6,23,POINT(-122.423001999489 37.7767477208701),POINT(-122.422740342202 37.7771040893142),"POLYGON((-122.4246758 37.7768055, -122.4246221 37.7765172, -122.4229484 37.7767334, -122.4230182 37.7770217, -122.4246758 37.7768055))",polygon3
Dropoff,7,18,POINT(-122.42655893575 37.7764185104574),POINT(-122.426529383682 37.7762606843251),"POLYGON((-122.4279642 37.7763815, -122.4279159 37.7761441, -122.4262636 37.7763518, -122.4263119 37.7766275, -122.4279642 37.7763815))",polygon1
Pickup,6,13,POINT(-122.423209475626 37.776820223827),POINT(-122.423068709895 37.7766976151894),"POLYGON((-122.4246758 37.7768055, -122.4246221 37.7765172, -122.4229484 37.7767334, -122.4230182 37.7770217, -122.4246758 37.7768055))",polygon3
Pickup,5,22,POINT(-122.423209475626 37.776820223827),POINT(-122.422922413573 37.7770259928484),"POLYGON((-122.4230182 37.7770217, -122.4229484 37.7767334, -122.421323 37.7769666, -122.4213874 37.7772422, -122.4230182 37.7770217))",polygon4
Pickup,5,22,POINT(-122.423209475626 37.776820223827),POINT(-122.422922413573 37.7770259928484),"POLYGON((-122.4246758 37.7768055, -122.4246221 37.7765172, -122.4229484 37.7767334, -122.4230182 37.7770217, -122.4246758 37.7768055))",polygon3
Dropoff,4,17,POINT(-122.422631894225 37.7769684875319),POINT(-122.422654707195 37.7771086888349),"POLYGON((-122.4230182 37.7770217, -122.4229484 37.7767334, -122.421323 37.7769666, -122.4213874 37.7772422, -122.4230182 37.7770217))",polygon4
Dropoff,6,17,POINT(-122.422733688425 37.7764490718287),POINT(-122.422814397848 37.776811887749),"POLYGON((-122.4230182 37.7770217, -122.4229484 37.7767334, -122.421323 37.7769666, -122.4213874 37.7772422, -122.4230182 37.7770217))",polygon4
Pickup,7,14,POINT(-122.424655057037 37.7768302824437),POINT(-122.424523020778 37.7766405087255),"POLYGON((-122.4246758 37.7768055, -122.4246221 37.7765172, -122.4229484 37.7767334, -122.4230182 37.7770217, -122.4246758 37.7768055))",polygon3
Dropoff,5,17,POINT(-122.426284066636 37.776333305778),POINT(-122.426045402584 37.7766179779217),"POLYGON((-122.4263119 37.7766275, -122.4262636 37.7763518, -122.4246221 37.7765172, -122.4246758 37.7768055, -122.4263119 37.7766275))",polygon2
Dropoff,7,19,POINT(-122.423001999489 37.7767477208701),POINT(-122.423206883257 37.7765015045614),"POLYGON((-122.4246758 37.7768055, -122.4246221 37.7765172, -122.4229484 37.7767334, -122.4230182 37.7770217, -122.4246758 37.7768055))",polygon3
Dropoff,4,17,POINT(-122.421148608457 37.7771766722894),POINT(-122.422174337582 37.7771009907977),"POLYGON((-122.4230182 37.7770217, -122.4229484 37.7767334, -122.421323 37.7769666, -122.4213874 37.7772422, -122.4230182 37.7770217))",polygon4
Pickup,4,14,POINT(-122.424655057037 37.7768302824437),POINT(-122.424829002457 37.776732290179),"POLYGON((-122.4263119 37.7766275, -122.4262636 37.7763518, -122.4246221 37.7765172, -122.4246758 37.7768055, -122.4263119 37.7766275))",polygon2
Pickup,7,23,POINT(-122.424762638814 37.7761943702403),POINT(-122.424634664013 37.776562623952),"POLYGON((-122.4263119 37.7766275, -122.4262636 37.7763518, -122.4246221 37.7765172, -122.4246758 37.7768055, -122.4263119 37.7766275))",polygon2
Dropoff,7,13,POINT(-122.426492832429 37.7764272114263),POINT(-122.426045402584 37.7766179779217),"POLYGON((-122.4279642 37.7763815, -122.4279159 37.7761441, -122.4262636 37.7763518, -122.4263119 37.7766275, -122.4279642 37.7763815))",polygon1
Dropoff,7,13,POINT(-122.426492832429 37.7764272114263),POINT(-122.426045402584 37.7766179779217),"POLYGON((-122.4263119 37.7766275, -122.4262636 37.7763518, -122.4246221 37.7765172, -122.4246758 37.7768055, -122.4263119 37.7766275))",polygon2
Pickup,1,17,POINT(-122.424849741087 37.7766378002019),POINT(-122.424906426654 37.7765371247325),"POLYGON((-122.4263119 37.7766275, -122.4262636 37.7763518, -122.4246221 37.7765172, -122.4246758 37.7768055, -122.4263119 37.7766275))",polygon2
Pickup,5,17,POINT(-122.423330798425 37.7768281299506),POINT(-122.423158060295 37.7766936902331),"POLYGON((-122.4246758 37.7768055, -122.4246221 37.7765172, -122.4229484 37.7767334, -122.4230182 37.7770217, -122.4246758 37.7768055))",polygon3
Pickup,5,21,POINT(-122.426492832429 37.7764272114263),POINT(-122.425824538481 37.7767267687931),"POLYGON((-122.4279642 37.7763815, -122.4279159 37.7761441, -122.4262636 37.7763518, -122.4263119 37.7766275, -122.4279642 37.7763815))",polygon1
Pickup,2,13,POINT(-122.42354501405 37.7768050670672),POINT(-122.423511226944 37.7767847065068),"POLYGON((-122.4246758 37.7768055, -122.4246221 37.7765172, -122.4229484 37.7767334, -122.4230182 37.7770217, -122.4246758 37.7768055))",polygon3
Pickup,6,15,POINT(-122.423115718239 37.776394319937),POINT(-122.422965965483 37.776745498991),"POLYGON((-122.4246758 37.7768055, -122.4246221 37.7765172, -122.4229484 37.7767334, -122.4230182 37.7770217, -122.4246758 37.7768055))",polygon3
Pickup,7,11,POINT(-122.425384277859 37.7766123184562),POINT(-122.42537926605 37.776621711461),"POLYGON((-122.4263119 37.7766275, -122.4262636 37.7763518, -122.4246221 37.7765172, -122.4246758 37.7768055, -122.4263119 37.7766275))",polygon2
Pickup,6,10,POINT(-122.425113207741 37.7766043103469),POINT(-122.424678128801 37.776772878483),"POLYGON((-122.4263119 37.7766275, -122.4262636 37.7763518, -122.4246221 37.7765172, -122.4246758 37.7768055, -122.4263119 37.7766275))",polygon2
Dropoff,6,15,POINT(-122.423001999489 37.7767477208701),POINT(-122.423625031554 37.7765675921975),"POLYGON((-122.4246758 37.7768055, -122.4246221 37.7765172, -122.4229484 37.7767334, -122.4230182 37.7770217, -122.4246758 37.7768055))",polygon3
Dropoff,1,20,POINT(-122.424655057037 37.7768302824437),POINT(-122.423604119858 37.7766909977582),"POLYGON((-122.4246758 37.7768055, -122.4246221 37.7765172, -122.4229484 37.7767334, -122.4230182 37.7770217, -122.4246758 37.7768055))",polygon3
Pickup,1,18,POINT(-122.426811942584 37.7763872872889),POINT(-122.42680338806 37.7763558957227),"POLYGON((-122.4279642 37.7763815, -122.4279159 37.7761441, -122.4262636 37.7763518, -122.4263119 37.7766275, -122.4279642 37.7763815))",polygon1
Dropoff,4,19,POINT(-122.423864133169 37.7767650064983),POINT(-122.424029697972 37.7768991780854),"POLYGON((-122.4246758 37.7768055, -122.4246221 37.7765172, -122.4229484 37.7767334, -122.4230182 37.7770217, -122.4246758 37.7768055))",polygon3
Pickup,6,22,POINT(-122.422733688425 37.7764490718287),POINT(-122.422580997088 37.7768937018425),"POLYGON((-122.4230182 37.7770217, -122.4229484 37.7767334, -122.421323 37.7769666, -122.4213874 37.7772422, -122.4230182 37.7770217))",polygon4
Pickup,1,20,POINT(-122.426201286045 37.7759227920388),POINT(-122.426075559658 37.7765570133261),"POLYGON((-122.4263119 37.7766275, -122.4262636 37.7763518, -122.4246221 37.7765172, -122.4246758 37.7768055, -122.4263119 37.7766275))",polygon2
Pickup,6,21,POINT(-122.426284066636 37.776333305778),POINT(-122.426075991707 37.7765687303134),"POLYGON((-122.4263119 37.7766275, -122.4262636 37.7763518, -122.4246221 37.7765172, -122.4246758 37.7768055, -122.4263119 37.7766275))",polygon2
Dropoff,1,21,POINT(-122.426284066636 37.776333305778),POINT(-122.426045402584 37.7766179779217),"POLYGON((-122.4263119 37.7766275, -122.4262636 37.7763518, -122.4246221 37.7765172, -122.4246758 37.7768055, -122.4263119 37.7766275))",polygon2
Pickup,5,20,POINT(-122.423209475626 37.776820223827),POINT(-122.422952312307 37.7768934985721),"POLYGON((-122.4230182 37.7770217, -122.4229484 37.7767334, -122.421323 37.7769666, -122.4213874 37.7772422, -122.4230182 37.7770217))",polygon4
Pickup,5,20,POINT(-122.423209475626 37.776820223827),POINT(-122.422952312307 37.7768934985721),"POLYGON((-122.4246758 37.7768055, -122.4246221 37.7765172, -122.4229484 37.7767334, -122.4230182 37.7770217, -122.4246758 37.7768055))",polygon3
Dropoff,1,14,POINT(-122.426268599287 37.7762551139851),POINT(-122.426285362783 37.7764697987568),"POLYGON((-122.4279642 37.7763815, -122.4279159 37.7761441, -122.4262636 37.7763518, -122.4263119 37.7766275, -122.4279642 37.7763815))",polygon1
Pickup,6,12,POINT(-122.424726778234 37.7769542755059),POINT(-122.42474466532 37.7767268964655),"POLYGON((-122.4263119 37.7766275, -122.4262636 37.7763518, -122.4246221 37.7765172, -122.4246758 37.7768055, -122.4263119 37.7766275))",polygon2
Dropoff,4,18,POINT(-122.423367091543 37.7768286725309),POINT(-122.423408482964 37.7767098007088),"POLYGON((-122.4246758 37.7768055, -122.4246221 37.7765172, -122.4229484 37.7767334, -122.4230182 37.7770217, -122.4246758 37.7768055))",polygon3
Pickup,6,19,POINT(-122.424849741087 37.7766378002019),POINT(-122.424719433294 37.7765840242456),"POLYGON((-122.4263119 37.7766275, -122.4262636 37.7763518, -122.4246221 37.7765172, -122.4246758 37.7768055, -122.4263119 37.7766275))",polygon2
Pickup,5,21,POINT(-122.424387700723 37.7766938332243),POINT(-122.424372492328 37.7768385296734),"POLYGON((-122.4246758 37.7768055, -122.4246221 37.7765172, -122.4229484 37.7767334, -122.4230182 37.7770217, -122.4246758 37.7768055))",polygon3
Pickup,6,17,POINT(-122.425942661086 37.7765363877665),POINT(-122.425993815822 37.7765990225806),"POLYGON((-122.4263119 37.7766275, -122.4262636 37.7763518, -122.4246221 37.7765172, -122.4246758 37.7768055, -122.4263119 37.7766275))",polygon2
Pickup,3,17,POINT(-122.425511819694 37.7765960622563),POINT(-122.425530138698 37.7767409869793),"POLYGON((-122.4263119 37.7766275, -122.4262636 37.7763518, -122.4246221 37.7765172, -122.4246758 37.7768055, -122.4263119 37.7766275))",polygon2
Dropoff,1,18,POINT(-122.424726778234 37.7769542755059),POINT(-122.425002774767 37.7765249385779),"POLYGON((-122.4263119 37.7766275, -122.4262636 37.7763518, -122.4246221 37.7765172, -122.4246758 37.7768055, -122.4263119 37.7766275))",polygon2
Dropoff,3,18,POINT(-122.424655057037 37.7768302824437),POINT(-122.424777760741 37.7765553976966),"POLYGON((-122.4263119 37.7766275, -122.4262636 37.7763518, -122.4246221 37.7765172, -122.4246758 37.7768055, -122.4263119 37.7766275))",polygon2
Dropoff,4,18,POINT(-122.425866706624 37.7765055894921),POINT(-122.426017060112 37.7763981308395),"POLYGON((-122.4263119 37.7766275, -122.4262636 37.7763518, -122.4246221 37.7765172, -122.4246758 37.7768055, -122.4263119 37.7766275))",polygon2
Pickup,3,15,POINT(-122.424574003385 37.7761043716093),POINT(-122.424659723237 37.7765144956623),"POLYGON((-122.4263119 37.7766275, -122.4262636 37.7763518, -122.4246221 37.7765172, -122.4246758 37.7768055, -122.4263119 37.7766275))",polygon2
Dropoff,1,19,POINT(-122.424849741087 37.7766378002019),POINT(-122.424737579614 37.7763838266664),"POLYGON((-122.4263119 37.7766275, -122.4262636 37.7763518, -122.4246221 37.7765172, -122.4246758 37.7768055, -122.4263119 37.7766275))",polygon2
Pickup,6,11,POINT(-122.424655057037 37.7768302824437),POINT(-122.424809387166 37.7766731121342),"POLYGON((-122.4263119 37.7766275, -122.4262636 37.7763518, -122.4246221 37.7765172, -122.4246758 37.7768055, -122.4263119 37.7766275))",polygon2
Pickup,7,17,POINT(-122.423001999489 37.7767477208701),POINT(-122.423055834445 37.776945483286),"POLYGON((-122.4246758 37.7768055, -122.4246221 37.7765172, -122.4229484 37.7767334, -122.4230182 37.7770217, -122.4246758 37.7768055))",polygon3
Dropoff,2,16,POINT(-122.424146440012 37.7767715986847),POINT(-122.424319867807 37.7768448280664),"POLYGON((-122.4246758 37.7768055, -122.4246221 37.7765172, -122.4229484 37.7767334, -122.4230182 37.7770217, -122.4246758 37.7768055))",polygon3
Pickup,2,16,POINT(-122.424196126629 37.7767185859009),POINT(-122.421764479202 37.7760894892809),"POLYGON((-122.4246758 37.7768055, -122.4246221 37.7765172, -122.4229484 37.7767334, -122.4230182 37.7770217, -122.4246758 37.7768055))",polygon3
Pickup,5,20,POINT(-122.423209475626 37.776820223827),POINT(-122.422994135954 37.7769758725404),"POLYGON((-122.4230182 37.7770217, -122.4229484 37.7767334, -122.421323 37.7769666, -122.4213874 37.7772422, -122.4230182 37.7770217))",polygon4
Pickup,5,20,POINT(-122.423209475626 37.776820223827),POINT(-122.422994135954 37.7769758725404),"POLYGON((-122.4246758 37.7768055, -122.4246221 37.7765172, -122.4229484 37.7767334, -122.4230182 37.7770217, -122.4246758 37.7768055))",polygon3
Pickup,5,12,POINT(-122.426457490898 37.7764721777419),POINT(-122.426365637426 37.7761948054673),"POLYGON((-122.4279642 37.7763815, -122.4279159 37.7761441, -122.4262636 37.7763518, -122.4263119 37.7766275, -122.4279642 37.7763815))",polygon1
Pickup,3,14,POINT(-122.423716109718 37.7768245634395),POINT(-122.42134848384 37.7767400691028),"POLYGON((-122.4246758 37.7768055, -122.4246221 37.7765172, -122.4229484 37.7767334, -122.4230182 37.7770217, -122.4246758 37.7768055))",polygon3
Dropoff,4,17,POINT(-122.424849741087 37.7766378002019),POINT(-122.424776896631 37.7765500656232),"POLYGON((-122.4263119 37.7766275, -122.4262636 37.7763518, -122.4246221 37.7765172, -122.4246758 37.7768055, -122.4263119 37.7766275))",polygon2
Dropoff,5,18,POINT(-122.42332198438 37.7768290232458),POINT(-122.422740342202 37.7771040893142),"POLYGON((-122.4246758 37.7768055, -122.4246221 37.7765172, -122.4229484 37.7767334, -122.4230182 37.7770217, -122.4246758 37.7768055))",polygon3
Dropoff,1,14,POINT(-122.424726778234 37.7769542755059),POINT(-122.425094024557 37.7764978903963),"POLYGON((-122.4263119 37.7766275, -122.4262636 37.7763518, -122.4246221 37.7765172, -122.4246758 37.7768055, -122.4263119 37.7766275))",polygon2
Dropoff,1,18,POINT(-122.425942661086 37.7765363877665),POINT(-122.426045402584 37.7766179779217),"POLYGON((-122.4263119 37.7766275, -122.4262636 37.7763518, -122.4246221 37.7765172, -122.4246758 37.7768055, -122.4263119 37.7766275))",polygon2
Pickup,2,21,POINT(-122.423001999489 37.7767477208701),POINT(-122.423101892258 37.7771358951),"POLYGON((-122.4246758 37.7768055, -122.4246221 37.7765172, -122.4229484 37.7767334, -122.4230182 37.7770217, -122.4246758 37.7768055))",polygon3
Dropoff,2,16,POINT(-122.424387700723 37.7766938332243),POINT(-122.424319867807 37.7768448280664),"POLYGON((-122.4246758 37.7768055, -122.4246221 37.7765172, -122.4229484 37.7767334, -122.4230182 37.7770217, -122.4246758 37.7768055))",polygon3
Pickup,1,13,POINT(-122.424655057037 37.7768302824437),POINT(-122.424862011441 37.7767214832749),"POLYGON((-122.4263119 37.7766275, -122.4262636 37.7763518, -122.4246221 37.7765172, -122.4246758 37.7768055, -122.4263119 37.7766275))",polygon2
Dropoff,2,21,POINT(-122.422512212463 37.7769275059873),POINT(-122.42254081512 37.7768266710287),"POLYGON((-122.4230182 37.7770217, -122.4229484 37.7767334, -122.421323 37.7769666, -122.4213874 37.7772422, -122.4230182 37.7770217))",polygon4
Pickup,2,6,POINT(-122.425642817785 37.7765785973798),POINT(-122.425710736256 37.7767021594238),"POLYGON((-122.4263119 37.7766275, -122.4262636 37.7763518, -122.4246221 37.7765172, -122.4246758 37.7768055, -122.4263119 37.7766275))",polygon2
Dropoff,4,8,POINT(-122.424446028354 37.7766867258339),POINT(-122.424193879931 37.776390820041),"POLYGON((-122.4246758 37.7768055, -122.4246221 37.7765172, -122.4229484 37.7767334, -122.4230182 37.7770217, -122.4246758 37.7768055))",polygon3
Pickup,2,22,POINT(-122.425860917147 37.7765480088597),POINT(-122.425899283232 37.7767378014981),"POLYGON((-122.4263119 37.7766275, -122.4262636 37.7763518, -122.4246221 37.7765172, -122.4246758 37.7768055, -122.4263119 37.7766275))",polygon2
Pickup,2,20,POINT(-122.425686541386 37.7765724914371),POINT(-122.425686282155 37.7766174263395),"POLYGON((-122.4263119 37.7766275, -122.4262636 37.7763518, -122.4246221 37.7765172, -122.4246758 37.7768055, -122.4263119 37.7766275))",polygon2
Pickup,1,18,POINT(-122.426457490898 37.7764721777419),POINT(-122.426257798063 37.7765751845382),"POLYGON((-122.4279642 37.7763815, -122.4279159 37.7761441, -122.4262636 37.7763518, -122.4263119 37.7766275, -122.4279642 37.7763815))",polygon1
Pickup,1,18,POINT(-122.426457490898 37.7764721777419),POINT(-122.426257798063 37.7765751845382),"POLYGON((-122.4263119 37.7766275, -122.4262636 37.7763518, -122.4246221 37.7765172, -122.4246758 37.7768055, -122.4263119 37.7766275))",polygon2
Dropoff,6,12,POINT(-122.426284066636 37.776333305778),POINT(-122.426150563459 37.7765657125264),"POLYGON((-122.4263119 37.7766275, -122.4262636 37.7763518, -122.4246221 37.7765172, -122.4246758 37.7768055, -122.4263119 37.7766275))",polygon2
Dropoff,5,12,POINT(-122.423425333329 37.7768612136313),POINT(-122.423176811772 37.7770403719393),"POLYGON((-122.4246758 37.7768055, -122.4246221 37.7765172, -122.4229484 37.7767334, -122.4230182 37.7770217, -122.4246758 37.7768055))",polygon3
Pickup,3,21,POINT(-122.426492832429 37.7764272114263),POINT(-122.425671938051 37.7765625887688),"POLYGON((-122.4279642 37.7763815, -122.4279159 37.7761441, -122.4262636 37.7763518, -122.4263119 37.7766275, -122.4279642 37.7763815))",polygon1
Pickup,3,21,POINT(-122.426492832429 37.7764272114263),POINT(-122.425671938051 37.7765625887688),"POLYGON((-122.4263119 37.7766275, -122.4262636 37.7763518, -122.4246221 37.7765172, -122.4246758 37.7768055, -122.4263119 37.7766275))",polygon2
Pickup,5,21,POINT(-122.424463224198 37.7766844176431),POINT(-122.424647884915 37.7766194796768),"POLYGON((-122.4246758 37.7768055, -122.4246221 37.7765172, -122.4229484 37.7767334, -122.4230182 37.7770217, -122.4246758 37.7768055))",polygon3
Pickup,5,21,POINT(-122.424463224198 37.7766844176431),POINT(-122.424647884915 37.7766194796768),"POLYGON((-122.4263119 37.7766275, -122.4262636 37.7763518, -122.4246221 37.7765172, -122.4246758 37.7768055, -122.4263119 37.7766275))",polygon2
Pickup,6,23,POINT(-122.424762638814 37.7761943702403),POINT(-122.424844124375 37.7765338957266),"POLYGON((-122.4263119 37.7766275, -122.4262636 37.7763518, -122.4246221 37.7765172, -122.4246758 37.7768055, -122.4263119 37.7766275))",polygon2
Dropoff,7,12,POINT(-122.424849741087 37.7766378002019),POINT(-122.424776896631 37.7765500656232),"POLYGON((-122.4263119 37.7766275, -122.4262636 37.7763518, -122.4246221 37.7765172, -122.4246758 37.7768055, -122.4263119 37.7766275))",polygon2
Pickup,6,21,POINT(-122.424655057037 37.7768302824437),POINT(-122.424106172232 37.7767122291824),"POLYGON((-122.4246758 37.7768055, -122.4246221 37.7765172, -122.4229484 37.7767334, -122.4230182 37.7770217, -122.4246758 37.7768055))",polygon3
Dropoff,2,12,POINT(-122.423864133169 37.7767650064983),POINT(-122.424029697972 37.7768991780854),"POLYGON((-122.4246758 37.7768055, -122.4246221 37.7765172, -122.4229484 37.7767334, -122.4230182 37.7770217, -122.4246758 37.7768055))",polygon3
Dropoff,2,14,POINT(-122.425533595113 37.7765932903383),POINT(-122.425557703608 37.7766774756103),"POLYGON((-122.4263119 37.7766275, -122.4262636 37.7763518, -122.4246221 37.7765172, -122.4246758 37.7768055, -122.4263119 37.7766275))",polygon2
Dropoff,5,19,POINT(-122.423001999489 37.7767477208701),POINT(-122.422740342202 37.7771040893142),"POLYGON((-122.4246758 37.7768055, -122.4246221 37.7765172, -122.4229484 37.7767334, -122.4230182 37.7770217, -122.4246758 37.7768055))",polygon3
Pickup,5,21,POINT(-122.424655057037 37.7768302824437),POINT(-122.42466542637 37.7765430572094),"POLYGON((-122.4263119 37.7766275, -122.4262636 37.7763518, -122.4246221 37.7765172, -122.4246758 37.7768055, -122.4263119 37.7766275))",polygon2
Dropoff,4,14,POINT(-122.423425333329 37.7768612136313),POINT(-122.422740342202 37.7771040893142),"POLYGON((-122.4246758 37.7768055, -122.4246221 37.7765172, -122.4229484 37.7767334, -122.4230182 37.7770217, -122.4246758 37.7768055))",polygon3
Dropoff,1,20,POINT(-122.425942661086 37.7765363877665),POINT(-122.426045402584 37.7766179779217),"POLYGON((-122.4263119 37.7766275, -122.4262636 37.7763518, -122.4246221 37.7765172, -122.4246758 37.7768055, -122.4263119 37.7766275))",polygon2
Dropoff,7,10,POINT(-122.425942661086 37.7765363877665),POINT(-122.426143218619 37.776627293737),"POLYGON((-122.4263119 37.7766275, -122.4262636 37.7763518, -122.4246221 37.7765172, -122.4246758 37.7768055, -122.4263119 37.7766275))",polygon2
Dropoff,2,15,POINT(-122.423209475626 37.776820223827),POINT(-122.423206883257 37.7765015045614),"POLYGON((-122.4246758 37.7768055, -122.4246221 37.7765172, -122.4229484 37.7767334, -122.4230182 37.7770217, -122.4246758 37.7768055))",polygon3
Pickup,7,18,POINT(-122.423001999489 37.7767477208701),POINT(-122.423792584206 37.776867272343),"POLYGON((-122.4246758 37.7768055, -122.4246221 37.7765172, -122.4229484 37.7767334, -122.4230182 37.7770217, -122.4246758 37.7768055))",polygon3
Pickup,4,21,POINT(-122.422644164838 37.7769104795419),POINT(-122.42264986808 37.776938023648),"POLYGON((-122.4230182 37.7770217, -122.4229484 37.7767334, -122.421323 37.7769666, -122.4213874 37.7772422, -122.4230182 37.7770217))",polygon4
Pickup,5,20,POINT(-122.423864133169 37.7767650064983),POINT(-122.423953828538 37.7767044868724),"POLYGON((-122.4246758 37.7768055, -122.4246221 37.7765172, -122.4229484 37.7767334, -122.4230182 37.7770217, -122.4246758 37.7768055))",polygon3
Pickup,6,20,POINT(-122.425942661086 37.7765363877665),POINT(-122.426022158301 37.776595539173),"POLYGON((-122.4263119 37.7766275, -122.4262636 37.7763518, -122.4246221 37.7765172, -122.4246758 37.7768055, -122.4263119 37.7766275))",polygon2
Dropoff,3,18,POINT(-122.424387700723 37.7766938332243),POINT(-122.424319867807 37.7768448280664),"POLYGON((-122.4246758 37.7768055, -122.4246221 37.7765172, -122.4229484 37.7767334, -122.4230182 37.7770217, -122.4246758 37.7768055))",polygon3
Pickup,7,0,POINT(-122.424574003385 37.7761043716093),POINT(-122.424590767152 37.7765588954633),"POLYGON((-122.4246758 37.7768055, -122.4246221 37.7765172, -122.4229484 37.7767334, -122.4230182 37.7770217, -122.4246758 37.7768055))",polygon3
Dropoff,1,15,POINT(-122.425795504668 37.7765572237663),POINT(-122.425810972087 37.7767072418296),"POLYGON((-122.4263119 37.7766275, -122.4262636 37.7763518, -122.4246221 37.7765172, -122.4246758 37.7768055, -122.4263119 37.7766275))",polygon2
Dropoff,3,18,POINT(-122.424387700723 37.7766938332243),POINT(-122.424380614993 37.7768528249401),"POLYGON((-122.4246758 37.7768055, -122.4246221 37.7765172, -122.4229484 37.7767334, -122.4230182 37.7770217, -122.4246758 37.7768055))",polygon3
Dropoff,7,8,POINT(-122.42332198438 37.7768290232458),POINT(-122.423206883257 37.7765015045614),"POLYGON((-122.4246758 37.7768055, -122.4246221 37.7765172, -122.4229484 37.7767334, -122.4230182 37.7770217, -122.4246758 37.7768055))",polygon3
Pickup,7,19,POINT(-122.423001999489 37.7767477208701),POINT(-122.423633586337 37.7767720828136),"POLYGON((-122.4246758 37.7768055, -122.4246221 37.7765172, -122.4229484 37.7767334, -122.4230182 37.7770217, -122.4246758 37.7768055))",polygon3
Dropoff,6,11,POINT(-122.425113207741 37.7766043103469),POINT(-122.425002774767 37.7765249385779),"POLYGON((-122.4263119 37.7766275, -122.4262636 37.7763518, -122.4246221 37.7765172, -122.4246758 37.7768055, -122.4263119 37.7766275))",polygon2
Pickup,2,20,POINT(-122.426492832429 37.7764272114263),POINT(-122.426153069345 37.7765665411195),"POLYGON((-122.4279642 37.7763815, -122.4279159 37.7761441, -122.4262636 37.7763518, -122.4263119 37.7766275, -122.4279642 37.7763815))",polygon1
Pickup,2,20,POINT(-122.426492832429 37.7764272114263),POINT(-122.426153069345 37.7765665411195),"POLYGON((-122.4263119 37.7766275, -122.4262636 37.7763518, -122.4246221 37.7765172, -122.4246758 37.7768055, -122.4263119 37.7766275))",polygon2
Dropoff,3,22,POINT(-122.421163385249 37.7770887404333),POINT(-122.422110737483 37.7771039747568),"POLYGON((-122.4230182 37.7770217, -122.4229484 37.7767334, -122.421323 37.7769666, -122.4213874 37.7772422, -122.4230182 37.7770217))",polygon4
Dropoff,2,20,POINT(-122.426457490898 37.7764721777419),POINT(-122.426045402584 37.7766179779217),"POLYGON((-122.4279642 37.7763815, -122.4279159 37.7761441, -122.4262636 37.7763518, -122.4263119 37.7766275, -122.4279642 37.7763815))",polygon1
Dropoff,2,20,POINT(-122.426457490898 37.7764721777419),POINT(-122.426045402584 37.7766179779217),"POLYGON((-122.4263119 37.7766275, -122.4262636 37.7763518, -122.4246221 37.7765172, -122.4246758 37.7768055, -122.4263119 37.7766275))",polygon2
Dropoff,1,11,POINT(-122.425135069654 37.7766015119388),POINT(-122.425094024557 37.7764978903963),"POLYGON((-122.4263119 37.7766275, -122.4262636 37.7763518, -122.4246221 37.7765172, -122.4246758 37.7768055, -122.4263119 37.7766275))",polygon2
Pickup,6,21,POINT(-122.427596536402 37.7763263121249),POINT(-122.427634901853 37.7765123220631),"POLYGON((-122.4279642 37.7763815, -122.4279159 37.7761441, -122.4262636 37.7763518, -122.4263119 37.7766275, -122.4279642 37.7763815))",polygon1
Pickup,7,23,POINT(-122.422754168231 37.7768962774229),POINT(-122.423200920808 37.7763979229897),"POLYGON((-122.4230182 37.7770217, -122.4229484 37.7767334, -122.421323 37.7769666, -122.4213874 37.7772422, -122.4230182 37.7770217))",polygon4
Pickup,2,6,POINT(-122.425664679588 37.7765755807601),POINT(-122.425684121898 37.7766132199738),"POLYGON((-122.4263119 37.7766275, -122.4262636 37.7763518, -122.4246221 37.7765172, -122.4246758 37.7768055, -122.4263119 37.7766275))",polygon2
Pickup,6,14,POINT(-122.42332198438 37.7768290232458),POINT(-122.422554122698 37.7769945867891),"POLYGON((-122.4230182 37.7770217, -122.4229484 37.7767334, -122.421323 37.7769666, -122.4213874 37.7772422, -122.4230182 37.7770217))",polygon4
Pickup,6,14,POINT(-122.42332198438 37.7768290232458),POINT(-122.422554122698 37.7769945867891),"POLYGON((-122.4246758 37.7768055, -122.4246221 37.7765172, -122.4229484 37.7767334, -122.4230182 37.7770217, -122.4246758 37.7768055))",polygon3
Dropoff,4,14,POINT(-122.424655057037 37.7768302824437),POINT(-122.424799709135 37.7767751050329),"POLYGON((-122.4263119 37.7766275, -122.4262636 37.7763518, -122.4246221 37.7765172, -122.4246758 37.7768055, -122.4263119 37.7766275))",polygon2
Pickup,5,22,POINT(-122.423425333329 37.7768612136313),POINT(-122.422725997695 37.7769434721743),"POLYGON((-122.4230182 37.7770217, -122.4229484 37.7767334, -122.421323 37.7769666, -122.4213874 37.7772422, -122.4230182 37.7770217))",polygon4
Pickup,5,22,POINT(-122.423425333329 37.7768612136313),POINT(-122.422725997695 37.7769434721743),"POLYGON((-122.4246758 37.7768055, -122.4246221 37.7765172, -122.4229484 37.7767334, -122.4230182 37.7770217, -122.4246758 37.7768055))",polygon3
Pickup,1,15,POINT(-122.421163385249 37.7770887404333),POINT(-122.421810537582 37.7769928822652),"POLYGON((-122.4230182 37.7770217, -122.4229484 37.7767334, -122.421323 37.7769666, -122.4213874 37.7772422, -122.4230182 37.7770217))",polygon4
Pickup,4,21,POINT(-122.424655057037 37.7768302824437),POINT(-122.424397465203 37.7767907188774),"POLYGON((-122.4246758 37.7768055, -122.4246221 37.7765172, -122.4229484 37.7767334, -122.4230182 37.7770217, -122.4246758 37.7768055))",polygon3
Pickup,2,20,POINT(-122.423209475626 37.776820223827),POINT(-122.423138876753 37.7770348091117),"POLYGON((-122.4246758 37.7768055, -122.4246221 37.7765172, -122.4229484 37.7767334, -122.4230182 37.7770217, -122.4246758 37.7768055))",polygon3
Dropoff,7,11,POINT(-122.425384277859 37.7766123184562),POINT(-122.425438975697 37.7767009080141),"POLYGON((-122.4263119 37.7766275, -122.4262636 37.7763518, -122.4246221 37.7765172, -122.4246758 37.7768055, -122.4263119 37.7766275))",polygon2
Pickup,1,0,POINT(-122.426284066636 37.776333305778),POINT(-122.425924514973 37.7764777761917),"POLYGON((-122.4263119 37.7766275, -122.4262636 37.7763518, -122.4246221 37.7765172, -122.4246758 37.7768055, -122.4263119 37.7766275))",polygon2
Pickup,6,14,POINT(-122.425178879877 37.7765960339293),POINT(-122.425157622848 37.7764786927214),"POLYGON((-122.4263119 37.7766275, -122.4262636 37.7763518, -122.4246221 37.7765172, -122.4246758 37.7768055, -122.4263119 37.7766275))",polygon2
Pickup,4,6,POINT(-122.425642817785 37.7765785973798),POINT(-122.425712464461 37.7767171853788),"POLYGON((-122.4263119 37.7766275, -122.4262636 37.7763518, -122.4246221 37.7765172, -122.4246758 37.7768055, -122.4263119 37.7766275))",polygon2
Pickup,7,15,POINT(-122.421342521285 37.7772425193096),POINT(-122.422592922056 37.7770528097107),"POLYGON((-122.4230182 37.7770217, -122.4229484 37.7767334, -122.421323 37.7769666, -122.4213874 37.7772422, -122.4230182 37.7770217))",polygon4
Pickup,4,16,POINT(-122.421528829352 37.7771072160929),POINT(-122.42143982322 37.7771718836776),"POLYGON((-122.4230182 37.7770217, -122.4229484 37.7767334, -122.421323 37.7769666, -122.4213874 37.7772422, -122.4230182 37.7770217))",polygon4
Dropoff,1,9,POINT(-122.424726778234 37.7769542755059),POINT(-122.424799709135 37.7767751050329),"POLYGON((-122.4263119 37.7766275, -122.4262636 37.7763518, -122.4246221 37.7765172, -122.4246758 37.7768055, -122.4263119 37.7766275))",polygon2
Dropoff,5,13,POINT(-122.42401846446 37.7767878407125),POINT(-122.423954260597 37.7769130015034),"POLYGON((-122.4246758 37.7768055, -122.4246221 37.7765172, -122.4229484 37.7767334, -122.4230182 37.7770217, -122.4246758 37.7768055))",polygon3
Pickup,4,13,POINT(-122.424018637284 37.7767436589665),POINT(-122.423969296229 37.7767179772131),"POLYGON((-122.4246758 37.7768055, -122.4246221 37.7765172, -122.4229484 37.7767334, -122.4230182 37.7770217, -122.4246758 37.7768055))",polygon3
Pickup,4,19,POINT(-122.421163385249 37.7770887404333),POINT(-122.421526496182 37.7770273815083),"POLYGON((-122.4230182 37.7770217, -122.4229484 37.7767334, -122.421323 37.7769666, -122.4213874 37.7772422, -122.4230182 37.7770217))",polygon4
Dropoff,7,11,POINT(-122.425942661086 37.7765363877665),POINT(-122.42598007663 37.7766208416138),"POLYGON((-122.4263119 37.7766275, -122.4262636 37.7763518, -122.4246221 37.7765172, -122.4246758 37.7768055, -122.4263119 37.7766275))",polygon2
Dropoff,4,13,POINT(-122.426284066636 37.776333305778),POINT(-122.426150563459 37.7765657125264),"POLYGON((-122.4263119 37.7766275, -122.4262636 37.7763518, -122.4246221 37.7765172, -122.4246758 37.7768055, -122.4263119 37.7766275))",polygon2
Dropoff,6,11,POINT(-122.42271018417 37.7769020256692),POINT(-122.422742416106 37.7768000018691),"POLYGON((-122.4230182 37.7770217, -122.4229484 37.7767334, -122.421323 37.7769666, -122.4213874 37.7772422, -122.4230182 37.7770217))",polygon4
Dropoff,5,15,POINT(-122.424655057037 37.7768302824437),POINT(-122.424799709135 37.7767751050329),"POLYGON((-122.4263119 37.7766275, -122.4262636 37.7763518, -122.4246221 37.7765172, -122.4246758 37.7768055, -122.4263119 37.7766275))",polygon2
Dropoff,7,19,POINT(-122.424849741087 37.7766378002019),POINT(-122.424737579614 37.7763838266664),"POLYGON((-122.4263119 37.7766275, -122.4262636 37.7763518, -122.4246221 37.7765172, -122.4246758 37.7768055, -122.4263119 37.7766275))",polygon2
Pickup,4,21,POINT(-122.424387700723 37.7766938332243),POINT(-122.424374998256 37.7766912698208),"POLYGON((-122.4246758 37.7768055, -122.4246221 37.7765172, -122.4229484 37.7767334, -122.4230182 37.7770217, -122.4246758 37.7768055))",polygon3
Pickup,4,6,POINT(-122.426240775333 37.7763211770386),POINT(-122.425793862875 37.776676881981),"POLYGON((-122.4263119 37.7766275, -122.4262636 37.7763518, -122.4246221 37.7765172, -122.4246758 37.7768055, -122.4263119 37.7766275))",polygon2
Dropoff,5,16,POINT(-122.425648520864 37.7765348959759),POINT(-122.425618709309 37.7763708237297),"POLYGON((-122.4263119 37.7766275, -122.4262636 37.7763518, -122.4246221 37.7765172, -122.4246758 37.7768055, -122.4263119 37.7766275))",polygon2
Pickup,3,21,POINT(-122.425866706624 37.7765055894921),POINT(-122.425942315445 37.7764978183388),"POLYGON((-122.4263119 37.7766275, -122.4262636 37.7763518, -122.4246221 37.7765172, -122.4246758 37.7768055, -122.4263119 37.7766275))",polygon2
Pickup,1,12,POINT(-122.422805238109 37.7773888149194),POINT(-122.422519298318 37.7769584780112),"POLYGON((-122.4230182 37.7770217, -122.4229484 37.7767334, -122.421323 37.7769666, -122.4213874 37.7772422, -122.4230182 37.7770217))",polygon4
Dropoff,5,22,POINT(-122.424387700723 37.7766938332243),POINT(-122.424319867807 37.7768448280664),"POLYGON((-122.4246758 37.7768055, -122.4246221 37.7765172, -122.4229484 37.7767334, -122.4230182 37.7770217, -122.4246758 37.7768055))",polygon3
Dropoff,6,21,POINT(-122.426457490898 37.7764721777419),POINT(-122.426045402584 37.7766179779217),"POLYGON((-122.4279642 37.7763815, -122.4279159 37.7761441, -122.4262636 37.7763518, -122.4263119 37.7766275, -122.4279642 37.7763815))",polygon1
Dropoff,6,21,POINT(-122.426457490898 37.7764721777419),POINT(-122.426045402584 37.7766179779217),"POLYGON((-122.4263119 37.7766275, -122.4262636 37.7763518, -122.4246221 37.7765172, -122.4246758 37.7768055, -122.4263119 37.7766275))",polygon2
Pickup,5,22,POINT(-122.424387700723 37.7766938332243),POINT(-122.42439599621 37.7767516949725),"POLYGON((-122.4246758 37.7768055, -122.4246221 37.7765172, -122.4229484 37.7767334, -122.4230182 37.7770217, -122.4246758 37.7768055))",polygon3
Pickup,7,19,POINT(-122.423115718239 37.776394319937),POINT(-122.423114335641 37.7769315623799),"POLYGON((-122.4246758 37.7768055, -122.4246221 37.7765172, -122.4229484 37.7767334, -122.4230182 37.7770217, -122.4246758 37.7768055))",polygon3
Pickup,3,17,POINT(-122.42332198438 37.7768290232458),POINT(-122.423176811772 37.7770403719393),"POLYGON((-122.4246758 37.7768055, -122.4246221 37.7765172, -122.4229484 37.7767334, -122.4230182 37.7770217, -122.4246758 37.7768055))",polygon3
Dropoff,7,11,POINT(-122.424655057037 37.7768302824437),POINT(-122.424799709135 37.7767751050329),"POLYGON((-122.4263119 37.7766275, -122.4262636 37.7763518, -122.4246221 37.7765172, -122.4246758 37.7768055, -122.4263119 37.7766275))",polygon2
Dropoff,1,10,POINT(-122.42523452834 37.7766317700468),POINT(-122.425245761721 37.7766946163948),"POLYGON((-122.4263119 37.7766275, -122.4262636 37.7763518, -122.4246221 37.7765172, -122.4246758 37.7768055, -122.4263119 37.7766275))",polygon2
Pickup,4,15,POINT(-122.426457490898 37.7764721777419),POINT(-122.425800862098 37.7767056260737),"POLYGON((-122.4279642 37.7763815, -122.4279159 37.7761441, -122.4262636 37.7763518, -122.4263119 37.7766275, -122.4279642 37.7763815))",polygon1
Pickup,7,17,POINT(-122.425866706624 37.7765055894921),POINT(-122.42593341521 37.7764394162026),"POLYGON((-122.4263119 37.7766275, -122.4262636 37.7763518, -122.4246221 37.7765172, -122.4246758 37.7768055, -122.4263119 37.7766275))",polygon2
Pickup,4,19,POINT(-122.425942661086 37.7765363877665),POINT(-122.426089039607 37.7765839821064),"POLYGON((-122.4263119 37.7766275, -122.4262636 37.7763518, -122.4246221 37.7765172, -122.4246758 37.7768055, -122.4263119 37.7766275))",polygon2
Dropoff,4,17,POINT(-122.424387700723 37.7766938332243),POINT(-122.424380614993 37.7768528249401),"POLYGON((-122.4246758 37.7768055, -122.4246221 37.7765172, -122.4229484 37.7767334, -122.4230182 37.7770217, -122.4246758 37.7768055))",polygon3
Dropoff,7,1,POINT(-122.422803509856 37.7769471141156),POINT(-122.423206883257 37.7765015045614),"POLYGON((-122.4230182 37.7770217, -122.4229484 37.7767334, -122.421323 37.7769666, -122.4213874 37.7772422, -122.4230182 37.7770217))",polygon4
Pickup,3,14,POINT(-122.421615329413 37.7775477130165),POINT(-122.42164911713 37.7771795648776),"POLYGON((-122.4230182 37.7770217, -122.4229484 37.7767334, -122.421323 37.7769666, -122.4213874 37.7772422, -122.4230182 37.7770217))",polygon4
Pickup,4,17,POINT(-122.42523452834 37.7766317700468),POINT(-122.425230380629 37.7766261393748),"POLYGON((-122.4263119 37.7766275, -122.4262636 37.7763518, -122.4246221 37.7765172, -122.4246758 37.7768055, -122.4263119 37.7766275))",polygon2
Pickup,6,14,POINT(-122.421342521285 37.7772425193096),POINT(-122.422465376674 37.7770265329204),"POLYGON((-122.4230182 37.7770217, -122.4229484 37.7767334, -122.421323 37.7769666, -122.4213874 37.7772422, -122.4230182 37.7770217))",polygon4
Pickup,2,15,POINT(-122.425942661086 37.7765363877665),POINT(-122.426138379665 37.7765856718803),"POLYGON((-122.4263119 37.7766275, -122.4262636 37.7763518, -122.4246221 37.7765172, -122.4246758 37.7768055, -122.4263119 37.7766275))",polygon2
Dropoff,2,18,POINT(-122.42332198438 37.7768290232458),POINT(-122.423166960766 37.7770716090959),"POLYGON((-122.4246758 37.7768055, -122.4246221 37.7765172, -122.4229484 37.7767334, -122.4230182 37.7770217, -122.4246758 37.7768055))",polygon3
Pickup,6,20,POINT(-122.426492832429 37.7764272114263),POINT(-122.42626721673 37.7763544823198),"POLYGON((-122.4279642 37.7763815, -122.4279159 37.7761441, -122.4262636 37.7763518, -122.4263119 37.7766275, -122.4279642 37.7763815))",polygon1
Pickup,5,12,POINT(-122.423330798425 37.7768281299506),POINT(-122.423204463713 37.7768866861898),"POLYGON((-122.4246758 37.7768055, -122.4246221 37.7765172, -122.4229484 37.7767334, -122.4230182 37.7770217, -122.4246758 37.7768055))",polygon3
Pickup,6,23,POINT(-122.422803509856 37.7769471141156),POINT(-122.422893983845 37.7771019836644),"POLYGON((-122.4230182 37.7770217, -122.4229484 37.7767334, -122.421323 37.7769666, -122.4213874 37.7772422, -122.4230182 37.7770217))",polygon4
Dropoff,5,11,POINT(-122.425135069654 37.7766015119388),POINT(-122.425094024557 37.7764978903963),"POLYGON((-122.4263119 37.7766275, -122.4262636 37.7763518, -122.4246221 37.7765172, -122.4246758 37.7768055, -122.4263119 37.7766275))",polygon2
Pickup,4,22,POINT(-122.426284066636 37.776333305778),POINT(-122.425942401855 37.7764754005326),"POLYGON((-122.4263119 37.7766275, -122.4262636 37.7763518, -122.4246221 37.7765172, -122.4246758 37.7768055, -122.4263119 37.7766275))",polygon2
Pickup,1,16,POINT(-122.421167619534 37.777089328486),POINT(-122.421614465277 37.7770496190086),"POLYGON((-122.4230182 37.7770217, -122.4229484 37.7767334, -122.421323 37.7769666, -122.4213874 37.7772422, -122.4230182 37.7770217))",polygon4
Pickup,4,12,POINT(-122.424446028354 37.7766867258339),POINT(-122.424273032825 37.7764735622167),"POLYGON((-122.4246758 37.7768055, -122.4246221 37.7765172, -122.4229484 37.7767334, -122.4230182 37.7770217, -122.4246758 37.7768055))",polygon3
Dropoff,4,14,POINT(-122.425942661086 37.7765363877665),POINT(-122.426143218619 37.776627293737),"POLYGON((-122.4263119 37.7766275, -122.4262636 37.7763518, -122.4246221 37.7765172, -122.4246758 37.7768055, -122.4263119 37.7766275))",polygon2
Pickup,3,0,POINT(-122.427418793581 37.7763117047579),POINT(-122.427415682863 37.7762877261244),"POLYGON((-122.4279642 37.7763815, -122.4279159 37.7761441, -122.4262636 37.7763518, -122.4263119 37.7766275, -122.4279642 37.7763815))",polygon1
Pickup,4,14,POINT(-122.423209475626 37.776820223827),POINT(-122.42291480927 37.7770902717419),"POLYGON((-122.4246758 37.7768055, -122.4246221 37.7765172, -122.4229484 37.7767334, -122.4230182 37.7770217, -122.4246758 37.7768055))",polygon3
Pickup,7,23,POINT(-122.424762638814 37.7761943702403),POINT(-122.424776896631 37.7765500656232),"POLYGON((-122.4263119 37.7766275, -122.4262636 37.7763518, -122.4246221 37.7765172, -122.4246758 37.7768055, -122.4263119 37.7766275))",polygon2
Pickup,6,12,POINT(-122.42523452834 37.7766317700468),POINT(-122.425236342963 37.7766163086151),"POLYGON((-122.4263119 37.7766275, -122.4262636 37.7763518, -122.4246221 37.7765172, -122.4246758 37.7768055, -122.4263119 37.7766275))",polygon2
Pickup,1,20,POINT(-122.424726778234 37.7769542755059),POINT(-122.424379318823 37.7767877215702),"POLYGON((-122.4246758 37.7768055, -122.4246221 37.7765172, -122.4229484 37.7767334, -122.4230182 37.7770217, -122.4246758 37.7768055))",polygon3
Pickup,5,16,POINT(-122.423425333329 37.7768612136313),POINT(-122.423037515009 37.7770084048624),"POLYGON((-122.4246758 37.7768055, -122.4246221 37.7765172, -122.4229484 37.7767334, -122.4230182 37.7770217, -122.4246758 37.7768055))",polygon3
Pickup,7,13,POINT(-122.425942661086 37.7765363877665),POINT(-122.426188843028 37.7765685506674),"POLYGON((-122.4263119 37.7766275, -122.4262636 37.7763518, -122.4246221 37.7765172, -122.4246758 37.7768055, -122.4263119 37.7766275))",polygon2
Dropoff,6,15,POINT(-122.425730092148 37.7765665113315),POINT(-122.425780987758 37.7767240251403),"POLYGON((-122.4263119 37.7766275, -122.4262636 37.7763518, -122.4246221 37.7765172, -122.4246758 37.7768055, -122.4263119 37.7766275))",polygon2
Pickup,4,13,POINT(-122.424849741087 37.7766378002019),POINT(-122.424936670466 37.7765533400338),"POLYGON((-122.4263119 37.7766275, -122.4262636 37.7763518, -122.4246221 37.7765172, -122.4246758 37.7768055, -122.4263119 37.7766275))",polygon2
Pickup,5,13,POINT(-122.423651387198 37.776791689419),POINT(-122.423637993347 37.7766909758119),"POLYGON((-122.4246758 37.7768055, -122.4246221 37.7765172, -122.4229484 37.7767334, -122.4230182 37.7770217, -122.4246758 37.7768055))",polygon3
Pickup,2,19,POINT(-122.425113207741 37.7766043103469),POINT(-122.424952310834 37.7765190136013),"POLYGON((-122.4263119 37.7766275, -122.4262636 37.7763518, -122.4246221 37.7765172, -122.4246758 37.7768055, -122.4263119 37.7766275))",polygon2
Pickup,1,16,POINT(-122.422733688425 37.7764490718287),POINT(-122.422881799674 37.7768267814874),"POLYGON((-122.4230182 37.7770217, -122.4229484 37.7767334, -122.421323 37.7769666, -122.4213874 37.7772422, -122.4230182 37.7770217))",polygon4
Pickup,7,18,POINT(-122.421163385249 37.7770887404333),POINT(-122.422220136542 37.7769412146266),"POLYGON((-122.4230182 37.7770217, -122.4229484 37.7767334, -122.421323 37.7769666, -122.4213874 37.7772422, -122.4230182 37.7770217))",polygon4
Pickup,7,15,POINT(-122.423153998915 37.7774616295067),POINT(-122.422460278312 37.7770075994799),"POLYGON((-122.4230182 37.7770217, -122.4229484 37.7767334, -122.421323 37.7769666, -122.4213874 37.7772422, -122.4230182 37.7770217))",polygon4
Dropoff,5,22,POINT(-122.423864133169 37.7767650064983),POINT(-122.423876403638 37.7766004936682),"POLYGON((-122.4246758 37.7768055, -122.4246221 37.7765172, -122.4229484 37.7767334, -122.4230182 37.7770217, -122.4246758 37.7768055))",polygon3
Pickup,5,20,POINT(-122.424146440012 37.7767715986847),POINT(-122.424380614993 37.7768528249401),"POLYGON((-122.4246758 37.7768055, -122.4246221 37.7765172, -122.4229484 37.7767334, -122.4230182 37.7770217, -122.4246758 37.7768055))",polygon3
Pickup,1,17,POINT(-122.424762638814 37.7761943702403),POINT(-122.424687979665 37.7765113300291),"POLYGON((-122.4263119 37.7766275, -122.4262636 37.7763518, -122.4246221 37.7765172, -122.4246758 37.7768055, -122.4263119 37.7766275))",polygon2
Pickup,6,23,POINT(-122.423001999489 37.7767477208701),POINT(-122.422878083933 37.7769395913894),"POLYGON((-122.4230182 37.7770217, -122.4229484 37.7767334, -122.421323 37.7769666, -122.4213874 37.7772422, -122.4230182 37.7770217))",polygon4
Pickup,6,23,POINT(-122.423001999489 37.7767477208701),POINT(-122.422878083933 37.7769395913894),"POLYGON((-122.4246758 37.7768055, -122.4246221 37.7765172, -122.4229484 37.7767334, -122.4230182 37.7770217, -122.4246758 37.7768055))",polygon3
Pickup,1,16,POINT(-122.426457490898 37.7764721777419),POINT(-122.424460026981 37.7762702138286),"POLYGON((-122.4279642 37.7763815, -122.4279159 37.7761441, -122.4262636 37.7763518, -122.4263119 37.7766275, -122.4279642 37.7763815))",polygon1
Dropoff,7,14,POINT(-122.425942661086 37.7765363877665),POINT(-122.426143218619 37.776627293737),"POLYGON((-122.4263119 37.7766275, -122.4262636 37.7763518, -122.4246221 37.7765172, -122.4246758 37.7768055, -122.4263119 37.7766275))",polygon2
Dropoff,5,15,POINT(-122.424387700723 37.7766938332243),POINT(-122.424380614993 37.7768528249401),"POLYGON((-122.4246758 37.7768055, -122.4246221 37.7765172, -122.4229484 37.7767334, -122.4230182 37.7770217, -122.4246758 37.7768055))",polygon3
Pickup,3,16,POINT(-122.423425333329 37.7768612136313),POINT(-122.423161084727 37.7766660064594),"POLYGON((-122.4246758 37.7768055, -122.4246221 37.7765172, -122.4229484 37.7767334, -122.4230182 37.7770217, -122.4246758 37.7768055))",polygon3
Dropoff,2,11,POINT(-122.425178879877 37.7765960339293),POINT(-122.425153734367 37.7765027162634),"POLYGON((-122.4263119 37.7766275, -122.4262636 37.7763518, -122.4246221 37.7765172, -122.4246758 37.7768055, -122.4263119 37.7766275))",polygon2
Dropoff,4,16,POINT(-122.424446028354 37.7766867258339),POINT(-122.424507898814 37.7768775065389),"POLYGON((-122.4246758 37.7768055, -122.4246221 37.7765172, -122.4229484 37.7767334, -122.4230182 37.7770217, -122.4246758 37.7768055))",polygon3
Pickup,5,22,POINT(-122.422733688425 37.7764490718287),POINT(-122.422589811195 37.7768918635106),"POLYGON((-122.4230182 37.7770217, -122.4229484 37.7767334, -122.421323 37.7769666, -122.4213874 37.7772422, -122.4230182 37.7770217))",polygon4
Pickup,6,13,POINT(-122.424463224198 37.7766844176431),POINT(-122.424659636826 37.7767122643874),"POLYGON((-122.4246758 37.7768055, -122.4246221 37.7765172, -122.4229484 37.7767334, -122.4230182 37.7770217, -122.4246758 37.7768055))",polygon3
Pickup,6,13,POINT(-122.424463224198 37.7766844176431),POINT(-122.424659636826 37.7767122643874),"POLYGON((-122.4263119 37.7766275, -122.4262636 37.7763518, -122.4246221 37.7765172, -122.4246758 37.7768055, -122.4263119 37.7766275))",polygon2
Pickup,5,19,POINT(-122.426457490898 37.7764721777419),POINT(-122.424943669747 37.775396496057),"POLYGON((-122.4279642 37.7763815, -122.4279159 37.7761441, -122.4262636 37.7763518, -122.4263119 37.7766275, -122.4279642 37.7763815))",polygon1
Pickup,7,21,POINT(-122.422805238109 37.7773888149194),POINT(-122.422675100603 37.7770021637673),"POLYGON((-122.4230182 37.7770217, -122.4229484 37.7767334, -122.421323 37.7769666, -122.4213874 37.7772422, -122.4230182 37.7770217))",polygon4
Pickup,5,6,POINT(-122.425730092148 37.7765665113315),POINT(-122.425740979836 37.7767139396732),"POLYGON((-122.4263119 37.7766275, -122.4262636 37.7763518, -122.4246221 37.7765172, -122.4246758 37.7768055, -122.4263119 37.7766275))",polygon2
Dropoff,3,16,POINT(-122.422733688425 37.7764490718287),POINT(-122.422266021896 37.7768752677252),"POLYGON((-122.4230182 37.7770217, -122.4229484 37.7767334, -122.421323 37.7769666, -122.4213874 37.7772422, -122.4230182 37.7770217))",polygon4
Pickup,6,22,POINT(-122.424200015146 37.7762641074496),POINT(-122.423777721372 37.7768397830507),"POLYGON((-122.4246758 37.7768055, -122.4246221 37.7765172, -122.4229484 37.7767334, -122.4230182 37.7770217, -122.4246758 37.7768055))",polygon3
Pickup,3,20,POINT(-122.424446028354 37.7766867258339),POINT(-122.424184461078 37.7763460985534),"POLYGON((-122.4246758 37.7768055, -122.4246221 37.7765172, -122.4229484 37.7767334, -122.4230182 37.7770217, -122.4246758 37.7768055))",polygon3
Dropoff,2,16,POINT(-122.423367091543 37.7768286725309),POINT(-122.423389299468 37.7767460165065),"POLYGON((-122.4246758 37.7768055, -122.4246221 37.7765172, -122.4229484 37.7767334, -122.4230182 37.7770217, -122.4246758 37.7768055))",polygon3
Dropoff,1,12,POINT(-122.425178879877 37.7765960339293),POINT(-122.425153734367 37.7765027162634),"POLYGON((-122.4263119 37.7766275, -122.4262636 37.7763518, -122.4246221 37.7765172, -122.4246758 37.7768055, -122.4263119 37.7766275))",polygon2
Dropoff,2,18,POINT(-122.42332198438 37.7768290232458),POINT(-122.423206883257 37.7765015045614),"POLYGON((-122.4246758 37.7768055, -122.4246221 37.7765172, -122.4229484 37.7767334, -122.4230182 37.7770217, -122.4246758 37.7768055))",polygon3
Dropoff,2,11,POINT(-122.42332198438 37.7768290232458),POINT(-122.423176811772 37.7770403719393),"POLYGON((-122.4246758 37.7768055, -122.4246221 37.7765172, -122.4229484 37.7767334, -122.4230182 37.7770217, -122.4246758 37.7768055))",polygon3
Dropoff,1,20,POINT(-122.422868664962 37.7773805764614),POINT(-122.422814397848 37.776811887749),"POLYGON((-122.4230182 37.7770217, -122.4229484 37.7767334, -122.421323 37.7769666, -122.4213874 37.7772422, -122.4230182 37.7770217))",polygon4
Dropoff,1,9,POINT(-122.424726778234 37.7769542755059),POINT(-122.424799709135 37.7767751050329),"POLYGON((-122.4263119 37.7766275, -122.4262636 37.7763518, -122.4246221 37.7765172, -122.4246758 37.7768055, -122.4263119 37.7766275))",polygon2
Pickup,6,20,POINT(-122.426284066636 37.776333305778),POINT(-122.426150217819 37.7764282002479),"POLYGON((-122.4263119 37.7766275, -122.4262636 37.7763518, -122.4246221 37.7765172, -122.4246758 37.7768055, -122.4263119 37.7766275))",polygon2
Pickup,7,17,POINT(-122.424287636355 37.7761765994006),POINT(-122.424319090104 37.7766385283683),"POLYGON((-122.4246758 37.7768055, -122.4246221 37.7765172, -122.4229484 37.7767334, -122.4230182 37.7770217, -122.4246758 37.7768055))",polygon3
Pickup,6,20,POINT(-122.426457490898 37.7764721777419),POINT(-122.426128528938 37.7765503896577),"POLYGON((-122.4279642 37.7763815, -122.4279159 37.7761441, -122.4262636 37.7763518, -122.4263119 37.7766275, -122.4279642 37.7763815))",polygon1
Pickup,6,20,POINT(-122.426457490898 37.7764721777419),POINT(-122.426128528938 37.7765503896577),"POLYGON((-122.4263119 37.7766275, -122.4262636 37.7763518, -122.4246221 37.7765172, -122.4246758 37.7768055, -122.4263119 37.7766275))",polygon2
Pickup,5,22,POINT(-122.421554407799 37.7766004052056),POINT(-122.421579899826 37.777070281705),"POLYGON((-122.4230182 37.7770217, -122.4229484 37.7767334, -122.421323 37.7769666, -122.4213874 37.7772422, -122.4230182 37.7770217))",polygon4
Pickup,6,23,POINT(-122.423001999489 37.7767477208701),POINT(-122.423146394628 37.7769091255306),"POLYGON((-122.4246758 37.7768055, -122.4246221 37.7765172, -122.4229484 37.7767334, -122.4230182 37.7770217, -122.4246758 37.7768055))",polygon3
Dropoff,4,14,POINT(-122.421677806436 37.7770888813592),POINT(-122.421904296135 37.7771332943632),"POLYGON((-122.4230182 37.7770217, -122.4229484 37.7767334, -122.421323 37.7769666, -122.4213874 37.7772422, -122.4230182 37.7770217))",polygon4
Pickup,3,19,POINT(-122.421342521285 37.7772425193096),POINT(-122.421538680511 37.7770782324829),"POLYGON((-122.4230182 37.7770217, -122.4229484 37.7767334, -122.421323 37.7769666, -122.4213874 37.7772422, -122.4230182 37.7770217))",polygon4
Pickup,3,22,POINT(-122.424146440012 37.7767715986847),POINT(-122.424363591959 37.7767597712276),"POLYGON((-122.4246758 37.7768055, -122.4246221 37.7765172, -122.4229484 37.7767334, -122.4230182 37.7770217, -122.4246758 37.7768055))",polygon3
Dropoff,2,20,POINT(-122.425942661086 37.7765363877665),POINT(-122.426045402584 37.7766179779217),"POLYGON((-122.4263119 37.7766275, -122.4262636 37.7763518, -122.4246221 37.7765172, -122.4246758 37.7768055, -122.4263119 37.7766275))",polygon2
Pickup,2,14,POINT(-122.425669259332 37.7765322248752),POINT(-122.425665802921 37.7765217288757),"POLYGON((-122.4263119 37.7766275, -122.4262636 37.7763518, -122.4246221 37.7765172, -122.4246758 37.7768055, -122.4263119 37.7766275))",polygon2
Pickup,4,18,POINT(-122.424387700723 37.7766938332243),POINT(-122.424319867807 37.7768448280664),"POLYGON((-122.4246758 37.7768055, -122.4246221 37.7765172, -122.4229484 37.7767334, -122.4230182 37.7770217, -122.4246758 37.7768055))",polygon3
Pickup,3,14,POINT(-122.421425564949 37.7776472929307),POINT(-122.422112120094 37.7769745067096),"POLYGON((-122.4230182 37.7770217, -122.4229484 37.7767334, -122.421323 37.7769666, -122.4213874 37.7772422, -122.4230182 37.7770217))",polygon4
Pickup,5,20,POINT(-122.423425333329 37.7768612136313),POINT(-122.423066290348 37.776967276294),"POLYGON((-122.4246758 37.7768055, -122.4246221 37.7765172, -122.4229484 37.7767334, -122.4230182 37.7770217, -122.4246758 37.7768055))",polygon3
Pickup,1,19,POINT(-122.426492832429 37.7764272114263),POINT(-122.426056031009 37.7765676000643),"POLYGON((-122.4279642 37.7763815, -122.4279159 37.7761441, -122.4262636 37.7763518, -122.4263119 37.7766275, -122.4279642 37.7763815))",polygon1
Pickup,1,19,POINT(-122.426492832429 37.7764272114263),POINT(-122.426056031009 37.7765676000643),"POLYGON((-122.4263119 37.7766275, -122.4262636 37.7763518, -122.4246221 37.7765172, -122.4246758 37.7768055, -122.4263119 37.7766275))",polygon2
Dropoff,6,13,POINT(-122.42332198438 37.7768290232458),POINT(-122.422740342202 37.7771040893142),"POLYGON((-122.4246758 37.7768055, -122.4246221 37.7765172, -122.4229484 37.7767334, -122.4230182 37.7770217, -122.4246758 37.7768055))",polygon3
Pickup,1,16,POINT(-122.424200015146 37.7762641074496),POINT(-122.423689235619 37.7767493695995),"POLYGON((-122.4246758 37.7768055, -122.4246221 37.7765172, -122.4229484 37.7767334, -122.4230182 37.7770217, -122.4246758 37.7768055))",polygon3
Pickup,6,11,POINT(-122.421234331106 37.7766728114458),POINT(-122.42231389473 37.7768500033142),"POLYGON((-122.4230182 37.7770217, -122.4229484 37.7767334, -122.421323 37.7769666, -122.4213874 37.7772422, -122.4230182 37.7770217))",polygon4
Pickup,6,22,POINT(-122.424200015146 37.7762641074496),POINT(-122.423805200331 37.7768236981985),"POLYGON((-122.4246758 37.7768055, -122.4246221 37.7765172, -122.4229484 37.7767334, -122.4230182 37.7770217, -122.4246758 37.7768055))",polygon3
Pickup,5,22,POINT(-122.424726778234 37.7769542755059),POINT(-122.424700682093 37.7767431869435),"POLYGON((-122.4263119 37.7766275, -122.4262636 37.7763518, -122.4246221 37.7765172, -122.4246758 37.7768055, -122.4263119 37.7766275))",polygon2
Dropoff,6,18,POINT(-122.421148608457 37.7771766722894),POINT(-122.422322017555 37.7770461947908),"POLYGON((-122.4230182 37.7770217, -122.4229484 37.7767334, -122.421323 37.7769666, -122.4213874 37.7772422, -122.4230182 37.7770217))",polygon4
Pickup,1,19,POINT(-122.425866706624 37.7765055894921),POINT(-122.426145724506 37.7763664070901),"POLYGON((-122.4263119 37.7766275, -122.4262636 37.7763518, -122.4246221 37.7765172, -122.4246758 37.7768055, -122.4263119 37.7766275))",polygon2
Dropoff,6,13,POINT(-122.421163385249 37.7770887404333),POINT(-122.422115663035 37.776883123342),"POLYGON((-122.4230182 37.7770217, -122.4229484 37.7767334, -122.421323 37.7769666, -122.4213874 37.7772422, -122.4230182 37.7770217))",polygon4
Dropoff,7,15,POINT(-122.424726778234 37.7769542755059),POINT(-122.424319867807 37.7768448280664),"POLYGON((-122.4246758 37.7768055, -122.4246221 37.7765172, -122.4229484 37.7767334, -122.4230182 37.7770217, -122.4246758 37.7768055))",polygon3
Pickup,2,20,POINT(-122.426268599287 37.7762551139851),POINT(-122.426394411853 37.776348727374),"POLYGON((-122.4279642 37.7763815, -122.4279159 37.7761441, -122.4262636 37.7763518, -122.4263119 37.7766275, -122.4279642 37.7763815))",polygon1
Pickup,7,15,POINT(-122.424850173142 37.7766830315993),POINT(-122.424858641414 37.7766827533757),"POLYGON((-122.4263119 37.7766275, -122.4262636 37.7763518, -122.4246221 37.7765172, -122.4246758 37.7768055, -122.4263119 37.7766275))",polygon2
Dropoff,5,10,POINT(-122.424655057037 37.7768302824437),POINT(-122.425153734367 37.7765027162634),"POLYGON((-122.4263119 37.7766275, -122.4262636 37.7763518, -122.4246221 37.7765172, -122.4246758 37.7768055, -122.4263119 37.7766275))",polygon2
Dropoff,2,21,POINT(-122.425942661086 37.7765363877665),POINT(-122.426045402584 37.7766179779217),"POLYGON((-122.4263119 37.7766275, -122.4262636 37.7763518, -122.4246221 37.7765172, -122.4246758 37.7768055, -122.4263119 37.7766275))",polygon2
Pickup,1,0,POINT(-122.424655057037 37.7768302824437),POINT(-122.424317534699 37.7768239539657),"POLYGON((-122.4246758 37.7768055, -122.4246221 37.7765172, -122.4229484 37.7767334, -122.4230182 37.7770217, -122.4246758 37.7768055))",polygon3
Pickup,6,9,POINT(-122.423737712686 37.776821917747),POINT(-122.423736157273 37.7767848104346),"POLYGON((-122.4246758 37.7768055, -122.4246221 37.7765172, -122.4229484 37.7767334, -122.4230182 37.7770217, -122.4246758 37.7768055))",polygon3
Pickup,6,13,POINT(-122.42332198438 37.7768290232458),POINT(-122.423190205682 37.7770276740527),"POLYGON((-122.4246758 37.7768055, -122.4246221 37.7765172, -122.4229484 37.7767334, -122.4230182 37.7770217, -122.4246758 37.7768055))",polygon3
Pickup,1,1,POINT(-122.424287636355 37.7761765994006),POINT(-122.424246936572 37.7767891073899),"POLYGON((-122.4246758 37.7768055, -122.4246221 37.7765172, -122.4229484 37.7767334, -122.4230182 37.7770217, -122.4246758 37.7768055))",polygon3
Pickup,6,6,POINT(-122.423209475626 37.776820223827),POINT(-122.4231336056 37.7765720959656),"POLYGON((-122.4246758 37.7768055, -122.4246221 37.7765172, -122.4229484 37.7767334, -122.4230182 37.7770217, -122.4246758 37.7768055))",polygon3
Dropoff,1,23,POINT(-122.423566271406 37.7768023823216),POINT(-122.42367480483 37.7768621303388),"POLYGON((-122.4246758 37.7768055, -122.4246221 37.7765172, -122.4229484 37.7767334, -122.4230182 37.7770217, -122.4246758 37.7768055))",polygon3
Dropoff,7,15,POINT(-122.424655057037 37.7768302824437),POINT(-122.424319867807 37.7768448280664),"POLYGON((-122.4246758 37.7768055, -122.4246221 37.7765172, -122.4229484 37.7767334, -122.4230182 37.7770217, -122.4246758 37.7768055))",polygon3
Dropoff,7,17,POINT(-122.424726778234 37.7769542755059),POINT(-122.425002774767 37.7765249385779),"POLYGON((-122.4263119 37.7766275, -122.4262636 37.7763518, -122.4246221 37.7765172, -122.4246758 37.7768055, -122.4263119 37.7766275))",polygon2
Pickup,3,19,POINT(-122.424655057037 37.7768302824437),POINT(-122.424506429823 37.7766158775099),"POLYGON((-122.4246758 37.7768055, -122.4246221 37.7765172, -122.4229484 37.7767334, -122.4230182 37.7770217, -122.4246758 37.7768055))",polygon3
Pickup,6,22,POINT(-122.421148608457 37.7771766722894),POINT(-122.421737258949 37.7769325395367),"POLYGON((-122.4230182 37.7770217, -122.4229484 37.7767334, -122.421323 37.7769666, -122.4213874 37.7772422, -122.4230182 37.7770217))",polygon4
Dropoff,6,19,POINT(-122.425082359105 37.7766528379882),POINT(-122.425000528085 37.7767387107341),"POLYGON((-122.4263119 37.7766275, -122.4262636 37.7763518, -122.4246221 37.7765172, -122.4246758 37.7768055, -122.4263119 37.7766275))",polygon2
Pickup,2,21,POINT(-122.425942661086 37.7765363877665),POINT(-122.426037280047 37.7765154267267),"POLYGON((-122.4263119 37.7766275, -122.4262636 37.7763518, -122.4246221 37.7765172, -122.4246758 37.7768055, -122.4263119 37.7766275))",polygon2
Pickup,7,21,POINT(-122.426284066636 37.776333305778),POINT(-122.425898159901 37.7764375378397),"POLYGON((-122.4263119 37.7766275, -122.4262636 37.7763518, -122.4246221 37.7765172, -122.4246758 37.7768055, -122.4263119 37.7766275))",polygon2
Pickup,4,21,POINT(-122.422998629403 37.7767313820286),POINT(-122.422764624164 37.7771204669908),"POLYGON((-122.4246758 37.7768055, -122.4246221 37.7765172, -122.4229484 37.7767334, -122.4230182 37.7770217, -122.4246758 37.7768055))",polygon3
Pickup,5,21,POINT(-122.426240775333 37.7763211770386),POINT(-122.426052488201 37.7765587300631),"POLYGON((-122.4263119 37.7766275, -122.4262636 37.7763518, -122.4246221 37.7765172, -122.4246758 37.7768055, -122.4263119 37.7766275))",polygon2
Pickup,1,20,POINT(-122.424726778234 37.7769542755059),POINT(-122.424049831879 37.7767930966843),"POLYGON((-122.4246758 37.7768055, -122.4246221 37.7765172, -122.4229484 37.7767334, -122.4230182 37.7770217, -122.4246758 37.7768055))",polygon3
Dropoff,5,12,POINT(-122.425585786974 37.7765432868184),POINT(-122.42552400356 37.7763833778196),"POLYGON((-122.4263119 37.7766275, -122.4262636 37.7763518, -122.4246221 37.7765172, -122.4246758 37.7768055, -122.4263119 37.7766275))",polygon2
Pickup,3,6,POINT(-122.426240775333 37.7763211770386),POINT(-122.425730092148 37.7766602200496),"POLYGON((-122.4263119 37.7766275, -122.4262636 37.7763518, -122.4246221 37.7765172, -122.4246758 37.7768055, -122.4263119 37.7766275))",polygon2
Pickup,5,21,POINT(-122.424387700723 37.7766938332243),POINT(-122.424377590597 37.7767465237108),"POLYGON((-122.4246758 37.7768055, -122.4246221 37.7765172, -122.4229484 37.7767334, -122.4230182 37.7770217, -122.4246758 37.7768055))",polygon3
Pickup,5,16,POINT(-122.42332198438 37.7768290232458),POINT(-122.422389074045 37.7770230275679),"POLYGON((-122.4230182 37.7770217, -122.4229484 37.7767334, -122.421323 37.7769666, -122.4213874 37.7772422, -122.4230182 37.7770217))",polygon4
Pickup,5,16,POINT(-122.42332198438 37.7768290232458),POINT(-122.422389074045 37.7770230275679),"POLYGON((-122.4246758 37.7768055, -122.4246221 37.7765172, -122.4229484 37.7767334, -122.4230182 37.7770217, -122.4246758 37.7768055))",polygon3
Dropoff,7,14,POINT(-122.425533595113 37.7765932903383),POINT(-122.425557703608 37.7766774756103),"POLYGON((-122.4263119 37.7766275, -122.4262636 37.7763518, -122.4246221 37.7765172, -122.4246758 37.7768055, -122.4263119 37.7766275))",polygon2
Pickup,2,20,POINT(-122.426457490898 37.7764721777419),POINT(-122.426004271433 37.7766139085586),"POLYGON((-122.4279642 37.7763815, -122.4279159 37.7761441, -122.4262636 37.7763518, -122.4263119 37.7766275, -122.4279642 37.7763815))",polygon1
Pickup,2,20,POINT(-122.426457490898 37.7764721777419),POINT(-122.426004271433 37.7766139085586),"POLYGON((-122.4263119 37.7766275, -122.4262636 37.7763518, -122.4246221 37.7765172, -122.4246758 37.7768055, -122.4263119 37.7766275))",polygon2
Pickup,6,20,POINT(-122.423001999489 37.7767477208701),POINT(-122.423487031567 37.7766581621845),"POLYGON((-122.4246758 37.7768055, -122.4246221 37.7765172, -122.4229484 37.7767334, -122.4230182 37.7770217, -122.4246758 37.7768055))",polygon3
Pickup,3,12,POINT(-122.421163385249 37.7770887404333),POINT(-122.421749529667 37.777136979757),"POLYGON((-122.4230182 37.7770217, -122.4229484 37.7767334, -122.421323 37.7769666, -122.4213874 37.7772422, -122.4230182 37.7770217))",polygon4
Dropoff,4,20,POINT(-122.424387700723 37.7766938332243),POINT(-122.424319867807 37.7768448280664),"POLYGON((-122.4246758 37.7768055, -122.4246221 37.7765172, -122.4229484 37.7767334, -122.4230182 37.7770217, -122.4246758 37.7768055))",polygon3
Dropoff,6,11,POINT(-122.425113207741 37.7766043103469),POINT(-122.425002774767 37.7765249385779),"POLYGON((-122.4263119 37.7766275, -122.4262636 37.7763518, -122.4246221 37.7765172, -122.4246758 37.7768055, -122.4263119 37.7766275))",polygon2
Dropoff,2,20,POINT(-122.424146440012 37.7767715986847),POINT(-122.424319867807 37.7768448280664),"POLYGON((-122.4246758 37.7768055, -122.4246221 37.7765172, -122.4229484 37.7767334, -122.4230182 37.7770217, -122.4246758 37.7768055))",polygon3
Pickup,4,19,POINT(-122.422733688425 37.7764490718287),POINT(-122.422958188357 37.7768977981893),"POLYGON((-122.4230182 37.7770217, -122.4229484 37.7767334, -122.421323 37.7769666, -122.4213874 37.7772422, -122.4230182 37.7770217))",polygon4
Pickup,7,0,POINT(-122.424849741087 37.7766378002019),POINT(-122.424715717618 37.7765869118568),"POLYGON((-122.4263119 37.7766275, -122.4262636 37.7763518, -122.4246221 37.7765172, -122.4246758 37.7768055, -122.4263119 37.7766275))",polygon2
Dropoff,7,9,POINT(-122.423001999489 37.7767477208701),POINT(-122.423206883257 37.7765015045614),"POLYGON((-122.4246758 37.7768055, -122.4246221 37.7765172, -122.4229484 37.7767334, -122.4230182 37.7770217, -122.4246758 37.7768055))",polygon3
Dropoff,5,18,POINT(-122.423209475626 37.776820223827),POINT(-122.422740342202 37.7771040893142),"POLYGON((-122.4246758 37.7768055, -122.4246221 37.7765172, -122.4229484 37.7767334, -122.4230182 37.7770217, -122.4246758 37.7768055))",polygon3
Dropoff,4,1,POINT(-122.423608786105 37.7767970128174),POINT(-122.423604119858 37.7766909977582),"POLYGON((-122.4246758 37.7768055, -122.4246221 37.7765172, -122.4229484 37.7767334, -122.4230182 37.7770217, -122.4246758 37.7768055))",polygon3
Dropoff,1,15,POINT(-122.422733688425 37.7764490718287),POINT(-122.422814397848 37.776811887749),"POLYGON((-122.4230182 37.7770217, -122.4229484 37.7767334, -122.421323 37.7769666, -122.4213874 37.7772422, -122.4230182 37.7770217))",polygon4
Pickup,6,14,POINT(-122.424221704427 37.776261289738),POINT(-122.424298869838 37.7765591073778),"POLYGON((-122.4246758 37.7768055, -122.4246221 37.7765172, -122.4229484 37.7767334, -122.4230182 37.7770217, -122.4246758 37.7768055))",polygon3
Dropoff,7,18,POINT(-122.424200015146 37.7762641074496),POINT(-122.423637993347 37.7766909758119),"POLYGON((-122.4246758 37.7768055, -122.4246221 37.7765172, -122.4229484 37.7767334, -122.4230182 37.7770217, -122.4246758 37.7768055))",polygon3
Dropoff,4,20,POINT(-122.425860917147 37.7765480088597),POINT(-122.425889432481 37.7766751845954),"POLYGON((-122.4263119 37.7766275, -122.4262636 37.7763518, -122.4246221 37.7765172, -122.4246758 37.7768055, -122.4263119 37.7766275))",polygon2
Dropoff,1,13,POINT(-122.424849741087 37.7766378002019),POINT(-122.424776896631 37.7765500656232),"POLYGON((-122.4263119 37.7766275, -122.4262636 37.7763518, -122.4246221 37.7765172, -122.4246758 37.7768055, -122.4263119 37.7766275))",polygon2
Pickup,2,15,POINT(-122.423209475626 37.776820223827),POINT(-122.422896403397 37.7768312322385),"POLYGON((-122.4230182 37.7770217, -122.4229484 37.7767334, -122.421323 37.7769666, -122.4213874 37.7772422, -122.4230182 37.7770217))",polygon4
Pickup,2,15,POINT(-122.423209475626 37.776820223827),POINT(-122.422896403397 37.7768312322385),"POLYGON((-122.4246758 37.7768055, -122.4246221 37.7765172, -122.4229484 37.7767334, -122.4230182 37.7770217, -122.4246758 37.7768055))",polygon3
Pickup,6,23,POINT(-122.424655057037 37.7768302824437),POINT(-122.424606926038 37.7765462193731),"POLYGON((-122.4246758 37.7768055, -122.4246221 37.7765172, -122.4229484 37.7767334, -122.4230182 37.7770217, -122.4246758 37.7768055))",polygon3
Pickup,1,10,POINT(-122.424762638814 37.7761943702403),POINT(-122.424656266792 37.7765483461858),"POLYGON((-122.4263119 37.7766275, -122.4262636 37.7763518, -122.4246221 37.7765172, -122.4246758 37.7768055, -122.4263119 37.7766275))",polygon2
Pickup,4,17,POINT(-122.426284066636 37.776333305778),POINT(-122.426086965769 37.7765322042653),"POLYGON((-122.4263119 37.7766275, -122.4262636 37.7763518, -122.4246221 37.7765172, -122.4246758 37.7768055, -122.4263119 37.7766275))",polygon2
Pickup,5,19,POINT(-122.42401846446 37.7767878407125),POINT(-122.423920300798 37.7767539837468),"POLYGON((-122.4246758 37.7768055, -122.4246221 37.7765172, -122.4229484 37.7767334, -122.4230182 37.7770217, -122.4246758 37.7768055))",polygon3
Dropoff,5,19,POINT(-122.423864133169 37.7767650064983),POINT(-122.424029697972 37.7768991780854),"POLYGON((-122.4246758 37.7768055, -122.4246221 37.7765172, -122.4229484 37.7767334, -122.4230182 37.7770217, -122.4246758 37.7768055))",polygon3
Dropoff,7,18,POINT(-122.424655057037 37.7768302824437),POINT(-122.424319867807 37.7768448280664),"POLYGON((-122.4246758 37.7768055, -122.4246221 37.7765172, -122.4229484 37.7767334, -122.4230182 37.7770217, -122.4246758 37.7768055))",polygon3
Pickup,6,11,POINT(-122.423330798425 37.7768281299506),POINT(-122.423155381513 37.7769522351544),"POLYGON((-122.4246758 37.7768055, -122.4246221 37.7765172, -122.4229484 37.7767334, -122.4230182 37.7770217, -122.4246758 37.7768055))",polygon3
Pickup,2,13,POINT(-122.423209475626 37.776820223827),POINT(-122.422939609667 37.7769695962336),"POLYGON((-122.4230182 37.7770217, -122.4229484 37.7767334, -122.421323 37.7769666, -122.4213874 37.7772422, -122.4230182 37.7770217))",polygon4
Pickup,2,13,POINT(-122.423209475626 37.776820223827),POINT(-122.422939609667 37.7769695962336),"POLYGON((-122.4246758 37.7768055, -122.4246221 37.7765172, -122.4229484 37.7767334, -122.4230182 37.7770217, -122.4246758 37.7768055))",polygon3
Pickup,4,22,POINT(-122.424196126629 37.7767185859009),POINT(-122.424284698367 37.7766305676776),"POLYGON((-122.4246758 37.7768055, -122.4246221 37.7765172, -122.4229484 37.7767334, -122.4230182 37.7770217, -122.4246758 37.7768055))",polygon3
Pickup,2,20,POINT(-122.423864133169 37.7767650064983),POINT(-122.423916412271 37.7767253001796),"POLYGON((-122.4246758 37.7768055, -122.4246221 37.7765172, -122.4229484 37.7767334, -122.4230182 37.7770217, -122.4246758 37.7768055))",polygon3
Dropoff,7,16,POINT(-122.422733688425 37.7764490718287),POINT(-122.422266021896 37.7768752677252),"POLYGON((-122.4230182 37.7770217, -122.4229484 37.7767334, -122.421323 37.7769666, -122.4213874 37.7772422, -122.4230182 37.7770217))",polygon4
Dropoff,6,10,POINT(-122.424655057037 37.7768302824437),POINT(-122.424799709135 37.7767751050329),"POLYGON((-122.4263119 37.7766275, -122.4262636 37.7763518, -122.4246221 37.7765172, -122.4246758 37.7768055, -122.4263119 37.7766275))",polygon2
Pickup,7,15,POINT(-122.426284066636 37.776333305778),POINT(-122.426091372676 37.7764676735923),"POLYGON((-122.4263119 37.7766275, -122.4262636 37.7763518, -122.4246221 37.7765172, -122.4246758 37.7768055, -122.4263119 37.7766275))",polygon2
Dropoff,1,12,POINT(-122.426457490898 37.7764721777419),POINT(-122.425889432481 37.7766751845954),"POLYGON((-122.4279642 37.7763815, -122.4279159 37.7761441, -122.4262636 37.7763518, -122.4263119 37.7766275, -122.4279642 37.7763815))",polygon1
Pickup,5,6,POINT(-122.425817280029 37.7765540882959),POINT(-122.425741584707 37.7766265151739),"POLYGON((-122.4263119 37.7766275, -122.4262636 37.7763518, -122.4246221 37.7765172, -122.4246758 37.7768055, -122.4263119 37.7766275))",polygon2
Dropoff,4,15,POINT(-122.424726778234 37.7769542755059),POINT(-122.424824941141 37.7765494649312),"POLYGON((-122.4263119 37.7766275, -122.4262636 37.7763518, -122.4246221 37.7765172, -122.4246758 37.7768055, -122.4263119 37.7766275))",polygon2
Pickup,5,19,POINT(-122.42354501405 37.7768050670672),POINT(-122.423524966459 37.7767956023844),"POLYGON((-122.4246758 37.7768055, -122.4246221 37.7765172, -122.4229484 37.7767334, -122.4230182 37.7770217, -122.4246758 37.7768055))",polygon3
Pickup,1,1,POINT(-122.424387700723 37.7766938332243),POINT(-122.424354000299 37.7767678829432),"POLYGON((-122.4246758 37.7768055, -122.4246221 37.7765172, -122.4229484 37.7767334, -122.4230182 37.7770217, -122.4246758 37.7768055))",polygon3
Dropoff,4,14,POINT(-122.423425333329 37.7768612136313),POINT(-122.422740342202 37.7771040893142),"POLYGON((-122.4246758 37.7768055, -122.4246221 37.7765172, -122.4229484 37.7767334, -122.4230182 37.7770217, -122.4246758 37.7768055))",polygon3
Pickup,7,22,POINT(-122.424655057037 37.7768302824437),POINT(-122.424348642794 37.7767794905326),"POLYGON((-122.4246758 37.7768055, -122.4246221 37.7765172, -122.4229484 37.7767334, -122.4230182 37.7770217, -122.4246758 37.7768055))",polygon3
Pickup,3,21,POINT(-122.423001999489 37.7767477208701),POINT(-122.423098608587 37.7769755844297),"POLYGON((-122.4246758 37.7768055, -122.4246221 37.7765172, -122.4229484 37.7767334, -122.4230182 37.7770217, -122.4246758 37.7768055))",polygon3
Pickup,6,22,POINT(-122.424849741087 37.7766378002019),POINT(-122.424760910593 37.7765195778651),"POLYGON((-122.4263119 37.7766275, -122.4262636 37.7763518, -122.4246221 37.7765172, -122.4246758 37.7768055, -122.4263119 37.7766275))",polygon2
Pickup,7,13,POINT(-122.423137580568 37.776391521998),POINT(-122.423478390359 37.776723487094),"POLYGON((-122.4246758 37.7768055, -122.4246221 37.7765172, -122.4229484 37.7767334, -122.4230182 37.7770217, -122.4246758 37.7768055))",polygon3
Dropoff,2,18,POINT(-122.426457490898 37.7764721777419),POINT(-122.426119110258 37.776367177966),"POLYGON((-122.4279642 37.7763815, -122.4279159 37.7761441, -122.4262636 37.7763518, -122.4263119 37.7766275, -122.4279642 37.7763815))",polygon1
Dropoff,2,18,POINT(-122.426457490898 37.7764721777419),POINT(-122.426119110258 37.776367177966),"POLYGON((-122.4263119 37.7766275, -122.4262636 37.7763518, -122.4246221 37.7765172, -122.4246758 37.7768055, -122.4263119 37.7766275))",polygon2
Pickup,1,14,POINT(-122.424287636355 37.7761765994006),POINT(-122.423922720326 37.7768302283832),"POLYGON((-122.4246758 37.7768055, -122.4246221 37.7765172, -122.4229484 37.7767334, -122.4230182 37.7770217, -122.4246758 37.7768055))",polygon3
Dropoff,4,20,POINT(-122.423425333329 37.7768612136313),POINT(-122.423176811772 37.7770403719393),"POLYGON((-122.4246758 37.7768055, -122.4246221 37.7765172, -122.4229484 37.7767334, -122.4230182 37.7770217, -122.4246758 37.7768055))",polygon3
Pickup,7,23,POINT(-122.424146440012 37.7767715986847),POINT(-122.424344495049 37.7767875999706),"POLYGON((-122.4246758 37.7768055, -122.4246221 37.7765172, -122.4229484 37.7767334, -122.4230182 37.7770217, -122.4246758 37.7768055))",polygon3
Pickup,5,22,POINT(-122.425866706624 37.7765055894921),POINT(-122.425876298146 37.7763933002134),"POLYGON((-122.4263119 37.7766275, -122.4262636 37.7763518, -122.4246221 37.7765172, -122.4246758 37.7768055, -122.4263119 37.7766275))",polygon2
Dropoff,7,22,POINT(-122.426492832429 37.7764272114263),POINT(-122.426045402584 37.7766179779217),"POLYGON((-122.4279642 37.7763815, -122.4279159 37.7761441, -122.4262636 37.7763518, -122.4263119 37.7766275, -122.4279642 37.7763815))",polygon1
Dropoff,7,22,POINT(-122.426492832429 37.7764272114263),POINT(-122.426045402584 37.7766179779217),"POLYGON((-122.4263119 37.7766275, -122.4262636 37.7763518, -122.4246221 37.7765172, -122.4246758 37.7768055, -122.4263119 37.7766275))",polygon2
Dropoff,2,22,POINT(-122.423864133169 37.7767650064983),POINT(-122.423954260597 37.7769130015034),"POLYGON((-122.4246758 37.7768055, -122.4246221 37.7765172, -122.4229484 37.7767334, -122.4230182 37.7770217, -122.4246758 37.7768055))",polygon3
Dropoff,4,20,POINT(-122.425860917147 37.7765480088597),POINT(-122.425889432481 37.7766751845954),"POLYGON((-122.4263119 37.7766275, -122.4262636 37.7763518, -122.4246221 37.7765172, -122.4246758 37.7768055, -122.4263119 37.7766275))",polygon2
Pickup,6,20,POINT(-122.423153998915 37.7774616295067),POINT(-122.42299957994 37.7768791795374),"POLYGON((-122.4246758 37.7768055, -122.4246221 37.7765172, -122.4229484 37.7767334, -122.4230182 37.7770217, -122.4246758 37.7768055))",polygon3
Dropoff,6,9,POINT(-122.424446028354 37.7766867258339),POINT(-122.424193879931 37.776390820041),"POLYGON((-122.4246758 37.7768055, -122.4246221 37.7765172, -122.4229484 37.7767334, -122.4230182 37.7770217, -122.4246758 37.7768055))",polygon3
Pickup,3,21,POINT(-122.426492832429 37.7764272114263),POINT(-122.426433901068 37.7764315980646),"POLYGON((-122.4279642 37.7763815, -122.4279159 37.7761441, -122.4262636 37.7763518, -122.4263119 37.7766275, -122.4279642 37.7763815))",polygon1
Pickup,4,20,POINT(-122.424655057037 37.7768302824437),POINT(-122.424621875166 37.7765518721169),"POLYGON((-122.4246758 37.7768055, -122.4246221 37.7765172, -122.4229484 37.7767334, -122.4230182 37.7770217, -122.4246758 37.7768055))",polygon3
Pickup,5,18,POINT(-122.424146440012 37.7767715986847),POINT(-122.424406797625 37.7767145676367),"POLYGON((-122.4246758 37.7768055, -122.4246221 37.7765172, -122.4229484 37.7767334, -122.4230182 37.7770217, -122.4246758 37.7768055))",polygon3
Pickup,1,15,POINT(-122.426240775333 37.7763211770386),POINT(-122.426024404961 37.7765675134405),"POLYGON((-122.4263119 37.7766275, -122.4262636 37.7763518, -122.4246221 37.7765172, -122.4246758 37.7768055, -122.4263119 37.7766275))",polygon2
Pickup,6,22,POINT(-122.424287636355 37.7761765994006),POINT(-122.424363419136 37.7767751639374),"POLYGON((-122.4246758 37.7768055, -122.4246221 37.7765172, -122.4229484 37.7767334, -122.4230182 37.7770217, -122.4246758 37.7768055))",polygon3
Pickup,1,19,POINT(-122.423115718239 37.776394319937),POINT(-122.423153998915 37.7768849768792),"POLYGON((-122.4246758 37.7768055, -122.4246221 37.7765172, -122.4229484 37.7767334, -122.4230182 37.7770217, -122.4246758 37.7768055))",polygon3
Pickup,6,23,POINT(-122.423001999489 37.7767477208701),POINT(-122.422936758053 37.7768409220155),"POLYGON((-122.4230182 37.7770217, -122.4229484 37.7767334, -122.421323 37.7769666, -122.4213874 37.7772422, -122.4230182 37.7770217))",polygon4
Pickup,6,23,POINT(-122.423001999489 37.7767477208701),POINT(-122.422936758053 37.7768409220155),"POLYGON((-122.4246758 37.7768055, -122.4246221 37.7765172, -122.4229484 37.7767334, -122.4230182 37.7770217, -122.4246758 37.7768055))",polygon3
Pickup,7,21,POINT(-122.424726778234 37.7769542755059),POINT(-122.424603383181 37.776546436649),"POLYGON((-122.4246758 37.7768055, -122.4246221 37.7765172, -122.4229484 37.7767334, -122.4230182 37.7770217, -122.4246758 37.7768055))",polygon3
Pickup,5,21,POINT(-122.424387700723 37.7766938332243),POINT(-122.424324966078 37.7768048747962),"POLYGON((-122.4246758 37.7768055, -122.4246221 37.7765172, -122.4229484 37.7767334, -122.4230182 37.7770217, -122.4246758 37.7768055))",polygon3
Pickup,7,21,POINT(-122.426457490898 37.7764721777419),POINT(-122.426187201241 37.776560986116),"POLYGON((-122.4279642 37.7763815, -122.4279159 37.7761441, -122.4262636 37.7763518, -122.4263119 37.7766275, -122.4279642 37.7763815))",polygon1
Pickup,7,21,POINT(-122.426457490898 37.7764721777419),POINT(-122.426187201241 37.776560986116),"POLYGON((-122.4263119 37.7766275, -122.4262636 37.7763518, -122.4246221 37.7765172, -122.4246758 37.7768055, -122.4263119 37.7766275))",polygon2
Dropoff,1,11,POINT(-122.423001999489 37.7767477208701),POINT(-122.422740342202 37.7771040893142),"POLYGON((-122.4246758 37.7768055, -122.4246221 37.7765172, -122.4229484 37.7767334, -122.4230182 37.7770217, -122.4246758 37.7768055))",polygon3
Dropoff,7,12,POINT(-122.425533595113 37.7765932903383),POINT(-122.425557703608 37.7766774756103),"POLYGON((-122.4263119 37.7766275, -122.4262636 37.7763518, -122.4246221 37.7765172, -122.4246758 37.7768055, -122.4263119 37.7766275))",polygon2
Dropoff,1,15,POINT(-122.425113207741 37.7766043103469),POINT(-122.425002774767 37.7765249385779),"POLYGON((-122.4263119 37.7766275, -122.4262636 37.7763518, -122.4246221 37.7765172, -122.4246758 37.7768055, -122.4263119 37.7766275))",polygon2
Dropoff,2,12,POINT(-122.423864133169 37.7767650064983),POINT(-122.424029697972 37.7768991780854),"POLYGON((-122.4246758 37.7768055, -122.4246221 37.7765172, -122.4229484 37.7767334, -122.4230182 37.7770217, -122.4246758 37.7768055))",polygon3
Pickup,1,17,POINT(-122.424849741087 37.7766378002019),POINT(-122.424837470731 37.7766025347255),"POLYGON((-122.4263119 37.7766275, -122.4262636 37.7763518, -122.4246221 37.7765172, -122.4246758 37.7768055, -122.4263119 37.7766275))",polygon2
Pickup,3,21,POINT(-122.423350413993 37.77682922169),POINT(-122.423361906813 37.7768757044526),"POLYGON((-122.4246758 37.7768055, -122.4246221 37.7765172, -122.4229484 37.7767334, -122.4230182 37.7770217, -122.4246758 37.7768055))",polygon3
Dropoff,7,12,POINT(-122.423001999489 37.7767477208701),POINT(-122.423408482964 37.7767098007088),"POLYGON((-122.4246758 37.7768055, -122.4246221 37.7765172, -122.4229484 37.7767334, -122.4230182 37.7770217, -122.4246758 37.7768055))",polygon3
Pickup,4,22,POINT(-122.426284066636 37.776333305778),POINT(-122.425777876991 37.7765249877322),"POLYGON((-122.4263119 37.7766275, -122.4262636 37.7763518, -122.4246221 37.7765172, -122.4246758 37.7768055, -122.4263119 37.7766275))",polygon2
Pickup,1,15,POINT(-122.426284066636 37.776333305778),POINT(-122.425333727699 37.776499988937),"POLYGON((-122.4263119 37.7766275, -122.4262636 37.7763518, -122.4246221 37.7765172, -122.4246758 37.7768055, -122.4263119 37.7766275))",polygon2
Pickup,7,10,POINT(-122.424726778234 37.7769542755059),POINT(-122.42412552842 37.7765917014454),"POLYGON((-122.4246758 37.7768055, -122.4246221 37.7765172, -122.4229484 37.7767334, -122.4230182 37.7770217, -122.4246758 37.7768055))",polygon3
Pickup,5,7,POINT(-122.42354501405 37.7768050670672),POINT(-122.423417815475 37.7764354686746),"POLYGON((-122.4246758 37.7768055, -122.4246221 37.7765172, -122.4229484 37.7767334, -122.4230182 37.7770217, -122.4246758 37.7768055))",polygon3
Dropoff,4,20,POINT(-122.424387700723 37.7766938332243),POINT(-122.424380614993 37.7768528249401),"POLYGON((-122.4246758 37.7768055, -122.4246221 37.7765172, -122.4229484 37.7767334, -122.4230182 37.7770217, -122.4246758 37.7768055))",polygon3
Pickup,1,1,POINT(-122.423001999489 37.7767477208701),POINT(-122.422554727588 37.7769403119307),"POLYGON((-122.4230182 37.7770217, -122.4229484 37.7767334, -122.421323 37.7769666, -122.4213874 37.7772422, -122.4230182 37.7770217))",polygon4
Pickup,1,1,POINT(-122.423001999489 37.7767477208701),POINT(-122.422554727588 37.7769403119307),"POLYGON((-122.4246758 37.7768055, -122.4246221 37.7765172, -122.4229484 37.7767334, -122.4230182 37.7770217, -122.4246758 37.7768055))",polygon3
Dropoff,2,20,POINT(-122.42332198438 37.7768290232458),POINT(-122.423166960766 37.7770716090959),"POLYGON((-122.4246758 37.7768055, -122.4246221 37.7765172, -122.4229484 37.7767334, -122.4230182 37.7770217, -122.4246758 37.7768055))",polygon3
Dropoff,3,19,POINT(-122.423864133169 37.7767650064983),POINT(-122.423876403638 37.7766004936682),"POLYGON((-122.4246758 37.7768055, -122.4246221 37.7765172, -122.4229484 37.7767334, -122.4230182 37.7770217, -122.4246758 37.7768055))",polygon3
Pickup,4,21,POINT(-122.423209475626 37.776820223827),POINT(-122.422989296855 37.7768589327246),"POLYGON((-122.4246758 37.7768055, -122.4246221 37.7765172, -122.4229484 37.7767334, -122.4230182 37.7770217, -122.4246758 37.7768055))",polygon3
Dropoff,3,14,POINT(-122.423330798425 37.7768281299506),POINT(-122.42319910615 37.7767063661216),"POLYGON((-122.4246758 37.7768055, -122.4246221 37.7765172, -122.4229484 37.7767334, -122.4230182 37.7770217, -122.4246758 37.7768055))",polygon3
Pickup,7,18,POINT(-122.426036243128 37.776029898525),POINT(-122.426392165201 37.7763606140172),"POLYGON((-122.4279642 37.7763815, -122.4279159 37.7761441, -122.4262636 37.7763518, -122.4263119 37.7766275, -122.4279642 37.7763815))",polygon1
Pickup,7,0,POINT(-122.423001999489 37.7767477208701),POINT(-122.423482019666 37.7767553038891),"POLYGON((-122.4246758 37.7768055, -122.4246221 37.7765172, -122.4229484 37.7767334, -122.4230182 37.7770217, -122.4246758 37.7768055))",polygon3
Dropoff,7,14,POINT(-122.426284066636 37.776333305778),POINT(-122.426150563459 37.7765657125264),"POLYGON((-122.4263119 37.7766275, -122.4262636 37.7763518, -122.4246221 37.7765172, -122.4246758 37.7768055, -122.4263119 37.7766275))",polygon2
Dropoff,7,1,POINT(-122.425642817785 37.7765785973798),POINT(-122.425663815485 37.7767082310155),"POLYGON((-122.4263119 37.7766275, -122.4262636 37.7763518, -122.4246221 37.7765172, -122.4246758 37.7768055, -122.4263119 37.7766275))",polygon2
Dropoff,5,19,POINT(-122.423864133169 37.7767650064983),POINT(-122.424029697972 37.7768991780854),"POLYGON((-122.4246758 37.7768055, -122.4246221 37.7765172, -122.4229484 37.7767334, -122.4230182 37.7770217, -122.4246758 37.7768055))",polygon3
Dropoff,3,15,POINT(-122.423864133169 37.7767650064983),POINT(-122.424029697972 37.7768991780854),"POLYGON((-122.4246758 37.7768055, -122.4246221 37.7765172, -122.4229484 37.7767334, -122.4230182 37.7770217, -122.4246758 37.7768055))",polygon3
Dropoff,1,18,POINT(-122.425942661086 37.7765363877665),POINT(-122.426045402584 37.7766179779217),"POLYGON((-122.4263119 37.7766275, -122.4262636 37.7763518, -122.4246221 37.7765172, -122.4246758 37.7768055, -122.4263119 37.7766275))",polygon2
Pickup,6,18,POINT(-122.42483021221 37.7766853906467),POINT(-122.424380614993 37.7768528249401),"POLYGON((-122.4263119 37.7766275, -122.4262636 37.7763518, -122.4246221 37.7765172, -122.4246758 37.7768055, -122.4263119 37.7766275))",polygon2
Dropoff,1,1,POINT(-122.422754168231 37.7768962774229),POINT(-122.423206883257 37.7765015045614),"POLYGON((-122.4230182 37.7770217, -122.4229484 37.7767334, -122.421323 37.7769666, -122.4213874 37.7772422, -122.4230182 37.7770217))",polygon4
Dropoff,2,14,POINT(-122.425533595113 37.7765932903383),POINT(-122.425557703608 37.7766774756103),"POLYGON((-122.4263119 37.7766275, -122.4262636 37.7763518, -122.4246221 37.7765172, -122.4246758 37.7768055, -122.4263119 37.7766275))",polygon2
Dropoff,1,10,POINT(-122.423137580568 37.776391521998),POINT(-122.423389299468 37.7767460165065),"POLYGON((-122.4246758 37.7768055, -122.4246221 37.7765172, -122.4229484 37.7767334, -122.4230182 37.7770217, -122.4246758 37.7768055))",polygon3
Pickup,3,20,POINT(-122.426492832429 37.7764272114263),POINT(-122.426105284673 37.7765693164413),"POLYGON((-122.4279642 37.7763815, -122.4279159 37.7761441, -122.4262636 37.7763518, -122.4263119 37.7766275, -122.4279642 37.7763815))",polygon1
Pickup,3,20,POINT(-122.426492832429 37.7764272114263),POINT(-122.426105284673 37.7765693164413),"POLYGON((-122.4263119 37.7766275, -122.4262636 37.7763518, -122.4246221 37.7765172, -122.4246758 37.7768055, -122.4263119 37.7766275))",polygon2
Pickup,7,1,POINT(-122.425113207741 37.7766043103469),POINT(-122.424953693408 37.7763827133079),"POLYGON((-122.4263119 37.7766275, -122.4262636 37.7763518, -122.4246221 37.7765172, -122.4246758 37.7768055, -122.4263119 37.7766275))",polygon2
Pickup,4,22,POINT(-122.424387700723 37.7766938332243),POINT(-122.424380614993 37.7768528249401),"POLYGON((-122.4246758 37.7768055, -122.4246221 37.7765172, -122.4229484 37.7767334, -122.4230182 37.7770217, -122.4246758 37.7768055))",polygon3
Pickup,5,23,POINT(-122.424655057037 37.7768302824437),POINT(-122.424576336486 37.7765301829291),"POLYGON((-122.4246758 37.7768055, -122.4246221 37.7765172, -122.4229484 37.7767334, -122.4230182 37.7770217, -122.4246758 37.7768055))",polygon3
Pickup,2,20,POINT(-122.426284066636 37.776333305778),POINT(-122.426132763023 37.7765881991661),"POLYGON((-122.4263119 37.7766275, -122.4262636 37.7763518, -122.4246221 37.7765172, -122.4246758 37.7768055, -122.4263119 37.7766275))",polygon2
Dropoff,1,15,POINT(-122.425178879877 37.7765960339293),POINT(-122.425153734367 37.7765027162634),"POLYGON((-122.4263119 37.7766275, -122.4262636 37.7763518, -122.4246221 37.7765172, -122.4246758 37.7768055, -122.4263119 37.7766275))",polygon2
Pickup,6,20,POINT(-122.422889922455 37.7773778190985),POINT(-122.422928376038 37.7769644725451),"POLYGON((-122.4230182 37.7770217, -122.4229484 37.7767334, -122.421323 37.7769666, -122.4213874 37.7772422, -122.4230182 37.7770217))",polygon4
Pickup,7,15,POINT(-122.426240775333 37.7763211770386),POINT(-122.42541927411 37.7765869419098),"POLYGON((-122.4263119 37.7766275, -122.4262636 37.7763518, -122.4246221 37.7765172, -122.4246758 37.7768055, -122.4263119 37.7766275))",polygon2
Pickup,5,6,POINT(-122.426492832429 37.7764272114263),POINT(-122.425779778016 37.7766665290984),"POLYGON((-122.4279642 37.7763815, -122.4279159 37.7761441, -122.4262636 37.7763518, -122.4263119 37.7766275, -122.4279642 37.7763815))",polygon1
Pickup,5,6,POINT(-122.426492832429 37.7764272114263),POINT(-122.425779778016 37.7766665290984),"POLYGON((-122.4263119 37.7766275, -122.4262636 37.7763518, -122.4246221 37.7765172, -122.4246758 37.7768055, -122.4263119 37.7766275))",polygon2
Dropoff,5,16,POINT(-122.42332198438 37.7768290232458),POINT(-122.422740342202 37.7771040893142),"POLYGON((-122.4246758 37.7768055, -122.4246221 37.7765172, -122.4229484 37.7767334, -122.4230182 37.7770217, -122.4246758 37.7768055))",polygon3
Pickup,3,7,POINT(-122.42354501405 37.7768050670672),POINT(-122.423447714067 37.7764475016884),"POLYGON((-122.4246758 37.7768055, -122.4246221 37.7765172, -122.4229484 37.7767334, -122.4230182 37.7770217, -122.4246758 37.7768055))",polygon3
Dropoff,4,13,POINT(-122.423425333329 37.7768612136313),POINT(-122.422740342202 37.7771040893142),"POLYGON((-122.4246758 37.7768055, -122.4246221 37.7765172, -122.4229484 37.7767334, -122.4230182 37.7770217, -122.4246758 37.7768055))",polygon3
Pickup,6,23,POINT(-122.424849741087 37.7766378002019),POINT(-122.424754516177 37.7765176915265),"POLYGON((-122.4263119 37.7766275, -122.4262636 37.7763518, -122.4246221 37.7765172, -122.4246758 37.7768055, -122.4263119 37.7766275))",polygon2
Pickup,5,14,POINT(-122.426240775333 37.7763211770386),POINT(-122.425875174815 37.7766360962209),"POLYGON((-122.4263119 37.7766275, -122.4262636 37.7763518, -122.4246221 37.7765172, -122.4246758 37.7768055, -122.4263119 37.7766275))",polygon2
Dropoff,2,16,POINT(-122.422733688425 37.7764490718287),POINT(-122.422814397848 37.776811887749),"POLYGON((-122.4230182 37.7770217, -122.4229484 37.7767334, -122.421323 37.7769666, -122.4213874 37.7772422, -122.4230182 37.7770217))",polygon4
Dropoff,6,12,POINT(-122.426457490898 37.7764721777419),POINT(-122.426119110258 37.776367177966),"POLYGON((-122.4279642 37.7763815, -122.4279159 37.7761441, -122.4262636 37.7763518, -122.4263119 37.7766275, -122.4279642 37.7763815))",polygon1
Dropoff,6,12,POINT(-122.426457490898 37.7764721777419),POINT(-122.426119110258 37.776367177966),"POLYGON((-122.4263119 37.7766275, -122.4262636 37.7763518, -122.4246221 37.7765172, -122.4246758 37.7768055, -122.4263119 37.7766275))",polygon2
Dropoff,7,21,POINT(-122.425860917147 37.7765480088597),POINT(-122.425889432481 37.7766751845954),"POLYGON((-122.4263119 37.7766275, -122.4262636 37.7763518, -122.4246221 37.7765172, -122.4246758 37.7768055, -122.4263119 37.7766275))",polygon2
Pickup,1,23,POINT(-122.424655057037 37.7768302824437),POINT(-122.424671129502 37.7765930650492),"POLYGON((-122.4263119 37.7766275, -122.4262636 37.7763518, -122.4246221 37.7765172, -122.4246758 37.7768055, -122.4263119 37.7766275))",polygon2
Pickup,3,21,POINT(-122.424018637284 37.7767436589665),POINT(-122.423974135283 37.7767279027408),"POLYGON((-122.4246758 37.7768055, -122.4246221 37.7765172, -122.4229484 37.7767334, -122.4230182 37.7770217, -122.4246758 37.7768055))",polygon3
Pickup,1,19,POINT(-122.424655057037 37.7768302824437),POINT(-122.424617381786 37.7765611056715),"POLYGON((-122.4246758 37.7768055, -122.4246221 37.7765172, -122.4229484 37.7767334, -122.4230182 37.7770217, -122.4246758 37.7768055))",polygon3
Pickup,7,22,POINT(-122.423001999489 37.7767477208701),POINT(-122.42306637676 37.7769287188261),"POLYGON((-122.4246758 37.7768055, -122.4246221 37.7765172, -122.4229484 37.7767334, -122.4230182 37.7770217, -122.4246758 37.7768055))",polygon3
Pickup,2,22,POINT(-122.424463224198 37.7766844176431),POINT(-122.424484740601 37.7766908130964),"POLYGON((-122.4246758 37.7768055, -122.4246221 37.7765172, -122.4229484 37.7767334, -122.4230182 37.7770217, -122.4246758 37.7768055))",polygon3
Dropoff,5,20,POINT(-122.426457490898 37.7764721777419),POINT(-122.426045402584 37.7766179779217),"POLYGON((-122.4279642 37.7763815, -122.4279159 37.7761441, -122.4262636 37.7763518, -122.4263119 37.7766275, -122.4279642 37.7763815))",polygon1
Dropoff,5,20,POINT(-122.426457490898 37.7764721777419),POINT(-122.426045402584 37.7766179779217),"POLYGON((-122.4263119 37.7766275, -122.4262636 37.7763518, -122.4246221 37.7765172, -122.4246758 37.7768055, -122.4263119 37.7766275))",polygon2
Pickup,5,18,POINT(-122.425708316769 37.7765695013865),POINT(-122.425707193436 37.7766141204753),"POLYGON((-122.4263119 37.7766275, -122.4262636 37.7763518, -122.4246221 37.7765172, -122.4246758 37.7768055, -122.4263119 37.7766275))",polygon2
Pickup,6,15,POINT(-122.422805238109 37.7773888149194),POINT(-122.422391925673 37.7770736221978),"POLYGON((-122.4230182 37.7770217, -122.4229484 37.7767334, -122.421323 37.7769666, -122.4213874 37.7772422, -122.4230182 37.7770217))",polygon4
Pickup,7,11,POINT(-122.424890094992 37.7766780953956),POINT(-122.424910574378 37.7767450772048),"POLYGON((-122.4263119 37.7766275, -122.4262636 37.7763518, -122.4246221 37.7765172, -122.4246758 37.7768055, -122.4263119 37.7766275))",polygon2
Dropoff,7,7,POINT(-122.421647302445 37.7770384299589),POINT(-122.421530039143 37.776830509218),"POLYGON((-122.4230182 37.7770217, -122.4229484 37.7767334, -122.421323 37.7769666, -122.4213874 37.7772422, -122.4230182 37.7770217))",polygon4
Dropoff,6,9,POINT(-122.424655057037 37.7768302824437),POINT(-122.424799709135 37.7767751050329),"POLYGON((-122.4263119 37.7766275, -122.4262636 37.7763518, -122.4246221 37.7765172, -122.4246758 37.7768055, -122.4263119 37.7766275))",polygon2
Pickup,3,12,POINT(-122.423001999489 37.7767477208701),POINT(-122.423158924419 37.7769396589667),"POLYGON((-122.4246758 37.7768055, -122.4246221 37.7765172, -122.4229484 37.7767334, -122.4230182 37.7770217, -122.4246758 37.7768055))",polygon3
Pickup,2,6,POINT(-122.426240775333 37.7763211770386),POINT(-122.425759990082 37.7766199816339),"POLYGON((-122.4263119 37.7766275, -122.4262636 37.7763518, -122.4246221 37.7765172, -122.4246758 37.7768055, -122.4263119 37.7766275))",polygon2
Pickup,2,16,POINT(-122.424849741087 37.7766378002019),POINT(-122.424829866566 37.7766484203758),"POLYGON((-122.4263119 37.7766275, -122.4262636 37.7763518, -122.4246221 37.7765172, -122.4246758 37.7768055, -122.4263119 37.7766275))",polygon2
Pickup,1,16,POINT(-122.424242788822 37.7762566951634),POINT(-122.424489320397 37.7766300091264),"POLYGON((-122.4246758 37.7768055, -122.4246221 37.7765172, -122.4229484 37.7767334, -122.4230182 37.7770217, -122.4246758 37.7768055))",polygon3
Dropoff,5,19,POINT(-122.42401846446 37.7767878407125),POINT(-122.424029697972 37.7768991780854),"POLYGON((-122.4246758 37.7768055, -122.4246221 37.7765172, -122.4229484 37.7767334, -122.4230182 37.7770217, -122.4246758 37.7768055))",polygon3
Pickup,6,22,POINT(-122.424655057037 37.7768302824437),POINT(-122.424383293745 37.7767656343221),"POLYGON((-122.4246758 37.7768055, -122.4246221 37.7765172, -122.4229484 37.7767334, -122.4230182 37.7770217, -122.4246758 37.7768055))",polygon3
Pickup,6,15,POINT(-122.425730092148 37.7765665113315),POINT(-122.425778741093 37.7767111942269),"POLYGON((-122.4263119 37.7766275, -122.4262636 37.7763518, -122.4246221 37.7765172, -122.4246758 37.7768055, -122.4263119 37.7766275))",polygon2
Pickup,1,19,POINT(-122.424287636355 37.7761765994006),POINT(-122.42389334034 37.7767705634583),"POLYGON((-122.4246758 37.7768055, -122.4246221 37.7765172, -122.4229484 37.7767334, -122.4230182 37.7770217, -122.4246758 37.7768055))",polygon3
Pickup,7,19,POINT(-122.42483021221 37.7766853906467),POINT(-122.423863096228 37.776741625355),"POLYGON((-122.4246758 37.7768055, -122.4246221 37.7765172, -122.4229484 37.7767334, -122.4230182 37.7770217, -122.4246758 37.7768055))",polygon3
Pickup,7,19,POINT(-122.42483021221 37.7766853906467),POINT(-122.423863096228 37.776741625355),"POLYGON((-122.4263119 37.7766275, -122.4262636 37.7763518, -122.4246221 37.7765172, -122.4246758 37.7768055, -122.4263119 37.7766275))",polygon2
Dropoff,7,12,POINT(-122.42354501405 37.7768050670672),POINT(-122.423485994622 37.7766917049361),"POLYGON((-122.4246758 37.7768055, -122.4246221 37.7765172, -122.4229484 37.7767334, -122.4230182 37.7770217, -122.4246758 37.7768055))",polygon3
Pickup,2,17,POINT(-122.422975298032 37.7766172937823),POINT(-122.423948730249 37.7767802084474),"POLYGON((-122.4246758 37.7768055, -122.4246221 37.7765172, -122.4229484 37.7767334, -122.4230182 37.7770217, -122.4246758 37.7768055))",polygon3
Dropoff,7,2,POINT(-122.427618484207 37.7763234139178),POINT(-122.42763058142 37.7764144910363),"POLYGON((-122.4279642 37.7763815, -122.4279159 37.7761441, -122.4262636 37.7763518, -122.4263119 37.7766275, -122.4279642 37.7763815))",polygon1
Dropoff,4,17,POINT(-122.42332198438 37.7768290232458),POINT(-122.423255533372 37.7770072188445),"POLYGON((-122.4246758 37.7768055, -122.4246221 37.7765172, -122.4229484 37.7767334, -122.4230182 37.7770217, -122.4246758 37.7768055))",polygon3
Pickup,5,16,POINT(-122.422419491408 37.7774391124177),POINT(-122.4232543236 37.7768722240575),"POLYGON((-122.4246758 37.7768055, -122.4246221 37.7765172, -122.4229484 37.7767334, -122.4230182 37.7770217, -122.4246758 37.7768055))",polygon3
Dropoff,7,16,POINT(-122.426268599287 37.7762551139851),POINT(-122.426285362783 37.7764697987568),"POLYGON((-122.4279642 37.7763815, -122.4279159 37.7761441, -122.4262636 37.7763518, -122.4263119 37.7766275, -122.4279642 37.7763815))",polygon1
Dropoff,6,19,POINT(-122.424655057037 37.7768302824437),POINT(-122.424319867807 37.7768448280664),"POLYGON((-122.4246758 37.7768055, -122.4246221 37.7765172, -122.4229484 37.7767334, -122.4230182 37.7770217, -122.4246758 37.7768055))",polygon3
Dropoff,6,12,POINT(-122.42483021221 37.7766853906467),POINT(-122.424799709135 37.7767751050329),"POLYGON((-122.4263119 37.7766275, -122.4262636 37.7763518, -122.4246221 37.7765172, -122.4246758 37.7768055, -122.4263119 37.7766275))",polygon2
Pickup,3,23,POINT(-122.426523075784 37.7764645813346),POINT(-122.426538888734 37.7765164222413),"POLYGON((-122.4279642 37.7763815, -122.4279159 37.7761441, -122.4262636 37.7763518, -122.4263119 37.7766275, -122.4279642 37.7763815))",polygon1
Dropoff,3,16,POINT(-122.423864133169 37.7767650064983),POINT(-122.424029697972 37.7768991780854),"POLYGON((-122.4246758 37.7768055, -122.4246221 37.7765172, -122.4229484 37.7767334, -122.4230182 37.7770217, -122.4246758 37.7768055))",polygon3
Pickup,7,10,POINT(-122.424849741087 37.7766378002019),POINT(-122.42429593185 37.7764946540652),"POLYGON((-122.4263119 37.7766275, -122.4262636 37.7763518, -122.4246221 37.7765172, -122.4246758 37.7768055, -122.4263119 37.7766275))",polygon2
Dropoff,1,15,POINT(-122.426268599287 37.7762551139851),POINT(-122.426258662161 37.7763810314819),"POLYGON((-122.4263119 37.7766275, -122.4262636 37.7763518, -122.4246221 37.7765172, -122.4246758 37.7768055, -122.4263119 37.7766275))",polygon2
Dropoff,7,16,POINT(-122.425942661086 37.7765363877665),POINT(-122.426165858006 37.7766273092287),"POLYGON((-122.4263119 37.7766275, -122.4262636 37.7763518, -122.4246221 37.7765172, -122.4246758 37.7768055, -122.4263119 37.7766275))",polygon2
Pickup,5,22,POINT(-122.426492832429 37.7764272114263),POINT(-122.426002802463 37.7765764843937),"POLYGON((-122.4279642 37.7763815, -122.4279159 37.7761441, -122.4262636 37.7763518, -122.4263119 37.7766275, -122.4279642 37.7763815))",polygon1
Pickup,5,22,POINT(-122.426492832429 37.7764272114263),POINT(-122.426002802463 37.7765764843937),"POLYGON((-122.4263119 37.7766275, -122.4262636 37.7763518, -122.4246221 37.7765172, -122.4246758 37.7768055, -122.4263119 37.7766275))",polygon2
Dropoff,6,16,POINT(-122.422998629403 37.7767313820286),POINT(-122.422814397848 37.776811887749),"POLYGON((-122.4230182 37.7770217, -122.4229484 37.7767334, -122.421323 37.7769666, -122.4213874 37.7772422, -122.4230182 37.7770217))",polygon4
Dropoff,6,16,POINT(-122.422998629403 37.7767313820286),POINT(-122.422814397848 37.776811887749),"POLYGON((-122.4246758 37.7768055, -122.4246221 37.7765172, -122.4229484 37.7767334, -122.4230182 37.7770217, -122.4246758 37.7768055))",polygon3
Pickup,4,22,POINT(-122.424196126629 37.7767185859009),POINT(-122.424276230048 37.7767952919211),"POLYGON((-122.4246758 37.7768055, -122.4246221 37.7765172, -122.4229484 37.7767334, -122.4230182 37.7770217, -122.4246758 37.7768055))",polygon3
Dropoff,7,17,POINT(-122.424726778234 37.7769542755059),POINT(-122.424319867807 37.7768448280664),"POLYGON((-122.4246758 37.7768055, -122.4246221 37.7765172, -122.4229484 37.7767334, -122.4230182 37.7770217, -122.4246758 37.7768055))",polygon3
Pickup,7,15,POINT(-122.422733688425 37.7764490718287),POINT(-122.423404075945 37.7767240239797),"POLYGON((-122.4246758 37.7768055, -122.4246221 37.7765172, -122.4229484 37.7767334, -122.4230182 37.7770217, -122.4246758 37.7768055))",polygon3
Pickup,6,22,POINT(-122.422889922455 37.7773778190985),POINT(-122.423048835038 37.7770121206555),"POLYGON((-122.4246758 37.7768055, -122.4246221 37.7765172, -122.4229484 37.7767334, -122.4230182 37.7770217, -122.4246758 37.7768055))",polygon3
Pickup,4,20,POINT(-122.423209475626 37.776820223827),POINT(-122.423111224795 37.7770364070471),"POLYGON((-122.4246758 37.7768055, -122.4246221 37.7765172, -122.4229484 37.7767334, -122.4230182 37.7770217, -122.4246758 37.7768055))",polygon3
Dropoff,6,19,POINT(-122.424221704427 37.776261289738),POINT(-122.424319867807 37.7768448280664),"POLYGON((-122.4246758 37.7768055, -122.4246221 37.7765172, -122.4229484 37.7767334, -122.4230182 37.7770217, -122.4246758 37.7768055))",polygon3
Dropoff,3,8,POINT(-122.421288080554 37.7769366891584),POINT(-122.421353582256 37.7770972791424),"POLYGON((-122.4230182 37.7770217, -122.4229484 37.7767334, -122.421323 37.7769666, -122.4213874 37.7772422, -122.4230182 37.7770217))",polygon4
Pickup,1,17,POINT(-122.425200828187 37.7765932089297),POINT(-122.425199618438 37.776599106147),"POLYGON((-122.4263119 37.7766275, -122.4262636 37.7763518, -122.4246221 37.7765172, -122.4246758 37.7768055, -122.4263119 37.7766275))",polygon2
Pickup,2,16,POINT(-122.425866706624 37.7765055894921),POINT(-122.426010492953 37.7764213788528),"POLYGON((-122.4263119 37.7766275, -122.4262636 37.7763518, -122.4246221 37.7765172, -122.4246758 37.7768055, -122.4263119 37.7766275))",polygon2
Dropoff,6,18,POINT(-122.424655057037 37.7768302824437),POINT(-122.423408482964 37.7767098007088),"POLYGON((-122.4246758 37.7768055, -122.4246221 37.7765172, -122.4229484 37.7767334, -122.4230182 37.7770217, -122.4246758 37.7768055))",polygon3
Dropoff,1,0,POINT(-122.424655057037 37.7768302824437),POINT(-122.423604119858 37.7766909977582),"POLYGON((-122.4246758 37.7768055, -122.4246221 37.7765172, -122.4229484 37.7767334, -122.4230182 37.7770217, -122.4246758 37.7768055))",polygon3
Pickup,4,19,POINT(-122.424463224198 37.7766844176431),POINT(-122.424577114187 37.7765668750424),"POLYGON((-122.4246758 37.7768055, -122.4246221 37.7765172, -122.4229484 37.7767334, -122.4230182 37.7770217, -122.4246758 37.7768055))",polygon3
Dropoff,7,9,POINT(-122.425648520864 37.7765348959759),POINT(-122.425618709309 37.7763708237297),"POLYGON((-122.4263119 37.7766275, -122.4262636 37.7763518, -122.4246221 37.7765172, -122.4246758 37.7768055, -122.4263119 37.7766275))",polygon2
Pickup,3,22,POINT(-122.423001999489 37.7767477208701),POINT(-122.423003122851 37.7769095689651),"POLYGON((-122.4246758 37.7768055, -122.4246221 37.7765172, -122.4229484 37.7767334, -122.4230182 37.7770217, -122.4246758 37.7768055))",polygon3
Pickup,4,23,POINT(-122.424196126629 37.7767185859009),POINT(-122.424331014875 37.7767867297524),"POLYGON((-122.4246758 37.7768055, -122.4246221 37.7765172, -122.4229484 37.7767334, -122.4230182 37.7770217, -122.4246758 37.7768055))",polygon3
Dropoff,5,16,POINT(-122.42332198438 37.7768290232458),POINT(-122.423176811772 37.7770403719393),"POLYGON((-122.4246758 37.7768055, -122.4246221 37.7765172, -122.4229484 37.7767334, -122.4230182 37.7770217, -122.4246758 37.7768055))",polygon3
Pickup,3,19,POINT(-122.425942661086 37.7765363877665),POINT(-122.426018183442 37.7766171900948),"POLYGON((-122.4263119 37.7766275, -122.4262636 37.7763518, -122.4246221 37.7765172, -122.4246758 37.7768055, -122.4263119 37.7766275))",polygon2
Dropoff,4,15,POINT(-122.425585786974 37.7765432868184),POINT(-122.42552400356 37.7763833778196),"POLYGON((-122.4263119 37.7766275, -122.4262636 37.7763518, -122.4246221 37.7765172, -122.4246758 37.7768055, -122.4263119 37.7766275))",polygon2
Pickup,4,18,POINT(-122.425942661086 37.7765363877665),POINT(-122.4261421817 37.7767054000836),"POLYGON((-122.4263119 37.7766275, -122.4262636 37.7763518, -122.4246221 37.7765172, -122.4246758 37.7768055, -122.4263119 37.7766275))",polygon2
Dropoff,3,23,POINT(-122.421163385249 37.7770887404333),POINT(-122.422101836922 37.77709966012),"POLYGON((-122.4230182 37.7770217, -122.4229484 37.7767334, -122.421323 37.7769666, -122.4213874 37.7772422, -122.4230182 37.7770217))",polygon4
Pickup,5,1,POINT(-122.421163385249 37.7770887404333),POINT(-122.422047742238 37.7770015027432),"POLYGON((-122.4230182 37.7770217, -122.4229484 37.7767334, -122.421323 37.7769666, -122.4213874 37.7772422, -122.4230182 37.7770217))",polygon4
Dropoff,3,11,POINT(-122.424655057037 37.7768302824437),POINT(-122.424799709135 37.7767751050329),"POLYGON((-122.4263119 37.7766275, -122.4262636 37.7763518, -122.4246221 37.7765172, -122.4246758 37.7768055, -122.4263119 37.7766275))",polygon2
Pickup,4,6,POINT(-122.425730092148 37.7765665113315),POINT(-122.425784703396 37.7767481813964),"POLYGON((-122.4263119 37.7766275, -122.4262636 37.7763518, -122.4246221 37.7765172, -122.4246758 37.7768055, -122.4263119 37.7766275))",polygon2
Dropoff,5,21,POINT(-122.426240775333 37.7763211770386),POINT(-122.425779778016 37.7766665290984),"POLYGON((-122.4263119 37.7766275, -122.4262636 37.7763518, -122.4246221 37.7765172, -122.4246758 37.7768055, -122.4263119 37.7766275))",polygon2
Dropoff,1,14,POINT(-122.423001999489 37.7767477208701),POINT(-122.423637993347 37.7766909758119),"POLYGON((-122.4246758 37.7768055, -122.4246221 37.7765172, -122.4229484 37.7767334, -122.4230182 37.7770217, -122.4246758 37.7768055))",polygon3
Dropoff,2,16,POINT(-122.425585786974 37.7765432868184),POINT(-122.42552400356 37.7763833778196),"POLYGON((-122.4263119 37.7766275, -122.4262636 37.7763518, -122.4246221 37.7765172, -122.4246758 37.7768055, -122.4263119 37.7766275))",polygon2
Pickup,2,21,POINT(-122.424446028354 37.7766867258339),POINT(-122.424474112017 37.7765827066321),"POLYGON((-122.4246758 37.7768055, -122.4246221 37.7765172, -122.4229484 37.7767334, -122.4230182 37.7770217, -122.4246758 37.7768055))",polygon3
Dropoff,3,21,POINT(-122.425942661086 37.7765363877665),POINT(-122.426045402584 37.7766179779217),"POLYGON((-122.4263119 37.7766275, -122.4262636 37.7763518, -122.4246221 37.7765172, -122.4246758 37.7768055, -122.4263119 37.7766275))",polygon2
Dropoff,1,8,POINT(-122.424446028354 37.7766867258339),POINT(-122.424484135723 37.7768766729888),"POLYGON((-122.4246758 37.7768055, -122.4246221 37.7765172, -122.4229484 37.7767334, -122.4230182 37.7770217, -122.4246758 37.7768055))",polygon3
Dropoff,7,16,POINT(-122.42655893575 37.7764185104574),POINT(-122.426529383682 37.7762606843251),"POLYGON((-122.4279642 37.7763815, -122.4279159 37.7761441, -122.4262636 37.7763518, -122.4263119 37.7766275, -122.4279642 37.7763815))",polygon1
Pickup,6,20,POINT(-122.424849741087 37.7766378002019),POINT(-122.424776896631 37.7765500656232),"POLYGON((-122.4263119 37.7766275, -122.4262636 37.7763518, -122.4246221 37.7765172, -122.4246758 37.7768055, -122.4263119 37.7766275))",polygon2
Pickup,3,19,POINT(-122.423821618574 37.7767705215052),POINT(-122.423819717514 37.7767412993558),"POLYGON((-122.4246758 37.7768055, -122.4246221 37.7765172, -122.4229484 37.7767334, -122.4230182 37.7770217, -122.4246758 37.7768055))",polygon3
Pickup,3,21,POINT(-122.42483021221 37.7766853906467),POINT(-122.424690226353 37.7765872641522),"POLYGON((-122.4263119 37.7766275, -122.4262636 37.7763518, -122.4246221 37.7765172, -122.4246758 37.7768055, -122.4263119 37.7766275))",polygon2
Dropoff,1,17,POINT(-122.424726778234 37.7769542755059),POINT(-122.424897871975 37.7765207086951),"POLYGON((-122.4263119 37.7766275, -122.4262636 37.7763518, -122.4246221 37.7765172, -122.4246758 37.7768055, -122.4263119 37.7766275))",polygon2
Pickup,5,19,POINT(-122.42354501405 37.7768050670672),POINT(-122.423455577568 37.7766644191154),"POLYGON((-122.4246758 37.7768055, -122.4246221 37.7765172, -122.4229484 37.7767334, -122.4230182 37.7770217, -122.4246758 37.7768055))",polygon3
Dropoff,7,13,POINT(-122.422889922455 37.7773778190985),POINT(-122.422994740841 37.7768869199917),"POLYGON((-122.4246758 37.7768055, -122.4246221 37.7765172, -122.4229484 37.7767334, -122.4230182 37.7770217, -122.4246758 37.7768055))",polygon3
Dropoff,7,11,POINT(-122.422733688425 37.7764490718287),POINT(-122.422266021896 37.7768752677252),"POLYGON((-122.4230182 37.7770217, -122.4229484 37.7767334, -122.421323 37.7769666, -122.4213874 37.7772422, -122.4230182 37.7770217))",polygon4
Dropoff,2,19,POINT(-122.422803509856 37.7769471141156),POINT(-122.423176811772 37.7770403719393),"POLYGON((-122.4230182 37.7770217, -122.4229484 37.7767334, -122.421323 37.7769666, -122.4213874 37.7772422, -122.4230182 37.7770217))",polygon4
Dropoff,5,17,POINT(-122.42401846446 37.7767878407125),POINT(-122.424029697972 37.7768991780854),"POLYGON((-122.4246758 37.7768055, -122.4246221 37.7765172, -122.4229484 37.7767334, -122.4230182 37.7770217, -122.4246758 37.7768055))",polygon3
Pickup,1,13,POINT(-122.423001999489 37.7767477208701),POINT(-122.423215870136 37.7767851787429),"POLYGON((-122.4246758 37.7768055, -122.4246221 37.7765172, -122.4229484 37.7767334, -122.4230182 37.7770217, -122.4246758 37.7768055))",polygon3
Pickup,6,6,POINT(-122.426240775333 37.7763211770386),POINT(-122.425720068562 37.776610887317),"POLYGON((-122.4263119 37.7766275, -122.4262636 37.7763518, -122.4246221 37.7765172, -122.4246758 37.7768055, -122.4263119 37.7766275))",polygon2
Dropoff,6,13,POINT(-122.424655057037 37.7768302824437),POINT(-122.424799709135 37.7767751050329),"POLYGON((-122.4263119 37.7766275, -122.4262636 37.7763518, -122.4246221 37.7765172, -122.4246758 37.7768055, -122.4263119 37.7766275))",polygon2
Pickup,7,14,POINT(-122.426964973403 37.7763686409407),POINT(-122.426971626912 37.7763644134006),"POLYGON((-122.4279642 37.7763815, -122.4279159 37.7761441, -122.4262636 37.7763518, -122.4263119 37.7766275, -122.4279642 37.7763815))",polygon1
Dropoff,2,10,POINT(-122.424387700723 37.7766938332243),POINT(-122.424397119557 37.7767142001101),"POLYGON((-122.4246758 37.7768055, -122.4246221 37.7765172, -122.4229484 37.7767334, -122.4230182 37.7770217, -122.4246758 37.7768055))",polygon3
Dropoff,1,14,POINT(-122.425212839269 37.776634806121),POINT(-122.425217419033 37.7768120914548),"POLYGON((-122.4263119 37.7766275, -122.4262636 37.7763518, -122.4246221 37.7765172, -122.4246758 37.7768055, -122.4263119 37.7766275))",polygon2
Dropoff,2,20,POINT(-122.426284066636 37.776333305778),POINT(-122.426045402584 37.7766179779217),"POLYGON((-122.4263119 37.7766275, -122.4262636 37.7763518, -122.4246221 37.7765172, -122.4246758 37.7768055, -122.4263119 37.7766275))",polygon2
Pickup,4,16,POINT(-122.423864133169 37.7767650064983),POINT(-122.423880810637 37.7768870286152),"POLYGON((-122.4246758 37.7768055, -122.4246221 37.7765172, -122.4229484 37.7767334, -122.4230182 37.7770217, -122.4246758 37.7768055))",polygon3
Pickup,2,20,POINT(-122.421148608457 37.7771766722894),POINT(-122.421790835313 37.7769476149211),"POLYGON((-122.4230182 37.7770217, -122.4229484 37.7767334, -122.421323 37.7769666, -122.4213874 37.7772422, -122.4230182 37.7770217))",polygon4
Pickup,1,14,POINT(-122.425942661086 37.7765363877665),POINT(-122.42598059509 37.7767140998325),"POLYGON((-122.4263119 37.7766275, -122.4262636 37.7763518, -122.4246221 37.7765172, -122.4246758 37.7768055, -122.4263119 37.7766275))",polygon2
Pickup,2,18,POINT(-122.426240775333 37.7763211770386),POINT(-122.425919330369 37.7765948165087),"POLYGON((-122.4263119 37.7766275, -122.4262636 37.7763518, -122.4246221 37.7765172, -122.4246758 37.7768055, -122.4263119 37.7766275))",polygon2
Dropoff,7,23,POINT(-122.424655057037 37.7768302824437),POINT(-122.423604119858 37.7766909977582),"POLYGON((-122.4246758 37.7768055, -122.4246221 37.7765172, -122.4229484 37.7767334, -122.4230182 37.7770217, -122.4246758 37.7768055))",polygon3
Pickup,4,11,POINT(-122.425342541575 37.7766175948862),POINT(-122.425362588819 37.7766658076206),"POLYGON((-122.4263119 37.7766275, -122.4262636 37.7763518, -122.4246221 37.7765172, -122.4246758 37.7768055, -122.4263119 37.7766275))",polygon2
Pickup,2,20,POINT(-122.426492832429 37.7764272114263),POINT(-122.426079534515 37.776549974826),"POLYGON((-122.4279642 37.7763815, -122.4279159 37.7761441, -122.4262636 37.7763518, -122.4263119 37.7766275, -122.4279642 37.7763815))",polygon1
Pickup,2,20,POINT(-122.426492832429 37.7764272114263),POINT(-122.426079534515 37.776549974826),"POLYGON((-122.4263119 37.7766275, -122.4262636 37.7763518, -122.4246221 37.7765172, -122.4246758 37.7768055, -122.4263119 37.7766275))",polygon2
Pickup,2,21,POINT(-122.423842875873 37.7767676913044),POINT(-122.423862404934 37.7768508872819),"POLYGON((-122.4246758 37.7768055, -122.4246221 37.7765172, -122.4229484 37.7767334, -122.4230182 37.7770217, -122.4246758 37.7768055))",polygon3
Pickup,4,19,POINT(-122.425839141795 37.7765509989415),POINT(-122.425852362545 37.7766497284674),"POLYGON((-122.4263119 37.7766275, -122.4262636 37.7763518, -122.4246221 37.7765172, -122.4246758 37.7768055, -122.4263119 37.7766275))",polygon2
Dropoff,6,18,POINT(-122.425113207741 37.7766043103469),POINT(-122.425002774767 37.7765249385779),"POLYGON((-122.4263119 37.7766275, -122.4262636 37.7763518, -122.4246221 37.7765172, -122.4246758 37.7768055, -122.4263119 37.7766275))",polygon2
Pickup,6,13,POINT(-122.424146440012 37.7767715986847),POINT(-122.42431321413 37.7766495684424),"POLYGON((-122.4246758 37.7768055, -122.4246221 37.7765172, -122.4229484 37.7767334, -122.4230182 37.7770217, -122.4246758 37.7768055))",polygon3
Dropoff,3,19,POINT(-122.42722299098 37.7763746233702),POINT(-122.427257036119 37.7765269950168),"POLYGON((-122.4279642 37.7763815, -122.4279159 37.7761441, -122.4262636 37.7763518, -122.4263119 37.7766275, -122.4279642 37.7763815))",polygon1
Dropoff,7,16,POINT(-122.424726778234 37.7769542755059),POINT(-122.424319867807 37.7768448280664),"POLYGON((-122.4246758 37.7768055, -122.4246221 37.7765172, -122.4229484 37.7767334, -122.4230182 37.7770217, -122.4246758 37.7768055))",polygon3
Pickup,7,14,POINT(-122.425178879877 37.7765960339293),POINT(-122.425143624315 37.7765131684711),"POLYGON((-122.4263119 37.7766275, -122.4262636 37.7763518, -122.4246221 37.7765172, -122.4246758 37.7768055, -122.4263119 37.7766275))",polygon2
Pickup,5,20,POINT(-122.423864133169 37.7767650064983),POINT(-122.423826111987 37.7768797155032),"POLYGON((-122.4246758 37.7768055, -122.4246221 37.7765172, -122.4229484 37.7767334, -122.4230182 37.7770217, -122.4246758 37.7768055))",polygon3
Dropoff,1,17,POINT(-122.423001999489 37.7767477208701),POINT(-122.423078474498 37.7766632056592),"POLYGON((-122.4246758 37.7768055, -122.4246221 37.7765172, -122.4229484 37.7767334, -122.4230182 37.7770217, -122.4246758 37.7768055))",polygon3
Pickup,2,20,POINT(-122.424463224198 37.7766844176431),POINT(-122.424926560393 37.7764657208979),"POLYGON((-122.4246758 37.7768055, -122.4246221 37.7765172, -122.4229484 37.7767334, -122.4230182 37.7770217, -122.4246758 37.7768055))",polygon3
Pickup,2,0,POINT(-122.424146440012 37.7767715986847),POINT(-122.424403427584 37.7768969887899),"POLYGON((-122.4246758 37.7768055, -122.4246221 37.7765172, -122.4229484 37.7767334, -122.4230182 37.7770217, -122.4246758 37.7768055))",polygon3
Pickup,1,20,POINT(-122.421533409277 37.7766030824683),POINT(-122.421623970774 37.7770565830051),"POLYGON((-122.4230182 37.7770217, -122.4229484 37.7767334, -122.421323 37.7769666, -122.4213874 37.7772422, -122.4230182 37.7770217))",polygon4
Pickup,3,20,POINT(-122.423209475626 37.776820223827),POINT(-122.42309653469 37.7771219124153),"POLYGON((-122.4246758 37.7768055, -122.4246221 37.7765172, -122.4229484 37.7767334, -122.4230182 37.7770217, -122.4246758 37.7768055))",polygon3
Dropoff,7,14,POINT(-122.424849741087 37.7766378002019),POINT(-122.424777760741 37.7765553976966),"POLYGON((-122.4263119 37.7766275, -122.4262636 37.7763518, -122.4246221 37.7765172, -122.4246758 37.7768055, -122.4263119 37.7766275))",polygon2
Pickup,1,20,POINT(-122.423001999489 37.7767477208701),POINT(-122.423215783724 37.7768810237017),"POLYGON((-122.4246758 37.7768055, -122.4246221 37.7765172, -122.4229484 37.7767334, -122.4230182 37.7770217, -122.4246758 37.7768055))",polygon3
Dropoff,4,22,POINT(-122.425795504668 37.7765572237663),POINT(-122.425810972087 37.7767072418296),"POLYGON((-122.4263119 37.7766275, -122.4262636 37.7763518, -122.4246221 37.7765172, -122.4246758 37.7768055, -122.4263119 37.7766275))",polygon2
Pickup,5,10,POINT(-122.425708316769 37.7765695013865),POINT(-122.425720587023 37.7766004773193),"POLYGON((-122.4263119 37.7766275, -122.4262636 37.7763518, -122.4246221 37.7765172, -122.4246758 37.7768055, -122.4263119 37.7766275))",polygon2
Pickup,1,12,POINT(-122.422923191286 37.7763351750551),POINT(-122.421430576948 37.7770487372948),"POLYGON((-122.4230182 37.7770217, -122.4229484 37.7767334, -122.421323 37.7769666, -122.4213874 37.7772422, -122.4230182 37.7770217))",polygon4
Dropoff,4,14,POINT(-122.423864133169 37.7767650064983),POINT(-122.423875366697 37.7765955055084),"POLYGON((-122.4246758 37.7768055, -122.4246221 37.7765172, -122.4229484 37.7767334, -122.4230182 37.7770217, -122.4246758 37.7768055))",polygon3
Pickup,3,3,POINT(-122.421288080554 37.7769366891584),POINT(-122.421371383503 37.776986606986),"POLYGON((-122.4230182 37.7770217, -122.4229484 37.7767334, -122.421323 37.7769666, -122.4213874 37.7772422, -122.4230182 37.7770217))",polygon4
Pickup,6,21,POINT(-122.423106817764 37.7772398672772),POINT(-122.423070524556 37.7770016696409),"POLYGON((-122.4246758 37.7768055, -122.4246221 37.7765172, -122.4229484 37.7767334, -122.4230182 37.7770217, -122.4246758 37.7768055))",polygon3
Pickup,7,0,POINT(-122.424146440012 37.7767715986847),POINT(-122.424434017185 37.7766736992102),"POLYGON((-122.4246758 37.7768055, -122.4246221 37.7765172, -122.4229484 37.7767334, -122.4230182 37.7770217, -122.4246758 37.7768055))",polygon3
Pickup,4,20,POINT(-122.426457490898 37.7764721777419),POINT(-122.426375401722 37.7763893973404),"POLYGON((-122.4279642 37.7763815, -122.4279159 37.7761441, -122.4262636 37.7763518, -122.4263119 37.7766275, -122.4279642 37.7763815))",polygon1
Pickup,6,17,POINT(-122.423001999489 37.7767477208701),POINT(-122.423575776726 37.7769918220115),"POLYGON((-122.4246758 37.7768055, -122.4246221 37.7765172, -122.4229484 37.7767334, -122.4230182 37.7770217, -122.4246758 37.7768055))",polygon3
Pickup,1,22,POINT(-122.424655057037 37.7768302824437),POINT(-122.424366962001 37.7767074089788),"POLYGON((-122.4246758 37.7768055, -122.4246221 37.7765172, -122.4229484 37.7767334, -122.4230182 37.7770217, -122.4246758 37.7768055))",polygon3
Pickup,6,23,POINT(-122.424655057037 37.7768302824437),POINT(-122.424389688183 37.7767488369513),"POLYGON((-122.4246758 37.7768055, -122.4246221 37.7765172, -122.4229484 37.7767334, -122.4230182 37.7770217, -122.4246758 37.7768055))",polygon3
Pickup,4,0,POINT(-122.424146440012 37.7767715986847),POINT(-122.424406192746 37.7767524846279),"POLYGON((-122.4246758 37.7768055, -122.4246221 37.7765172, -122.4229484 37.7767334, -122.4230182 37.7770217, -122.4246758 37.7768055))",polygon3
Pickup,5,20,POINT(-122.42401846446 37.7767878407125),POINT(-122.42388988387 37.7768630825096),"POLYGON((-122.4246758 37.7768055, -122.4246221 37.7765172, -122.4229484 37.7767334, -122.4230182 37.7770217, -122.4246758 37.7768055))",polygon3
Dropoff,3,11,POINT(-122.424726778234 37.7769542755059),POINT(-122.424799709135 37.7767751050329),"POLYGON((-122.4263119 37.7766275, -122.4262636 37.7763518, -122.4246221 37.7765172, -122.4246758 37.7768055, -122.4263119 37.7766275))",polygon2
Pickup,6,20,POINT(-122.424655057037 37.7768302824437),POINT(-122.4248601104 37.7767171244411),"POLYGON((-122.4263119 37.7766275, -122.4262636 37.7763518, -122.4246221 37.7765172, -122.4246758 37.7768055, -122.4263119 37.7766275))",polygon2
Dropoff,1,19,POINT(-122.425942661086 37.7765363877665),POINT(-122.426045402584 37.7766179779217),"POLYGON((-122.4263119 37.7766275, -122.4262636 37.7763518, -122.4246221 37.7765172, -122.4246758 37.7768055, -122.4263119 37.7766275))",polygon2
Pickup,5,19,POINT(-122.422805238109 37.7773888149194),POINT(-122.422586527508 37.7770022869532),"POLYGON((-122.4230182 37.7770217, -122.4229484 37.7767334, -122.421323 37.7769666, -122.4213874 37.7772422, -122.4230182 37.7770217))",polygon4
Pickup,3,18,POINT(-122.424726778234 37.7769542755059),POINT(-122.424748467405 37.7767529892382),"POLYGON((-122.4263119 37.7766275, -122.4262636 37.7763518, -122.4246221 37.7765172, -122.4246758 37.7768055, -122.4263119 37.7766275))",polygon2
Pickup,2,17,POINT(-122.421148608457 37.7771766722894),POINT(-122.421720321899 37.7771700259702),"POLYGON((-122.4230182 37.7770217, -122.4229484 37.7767334, -122.421323 37.7769666, -122.4213874 37.7772422, -122.4230182 37.7770217))",polygon4
Pickup,4,22,POINT(-122.425866706624 37.7765055894921),POINT(-122.425925033434 37.7764949190366),"POLYGON((-122.4263119 37.7766275, -122.4262636 37.7763518, -122.4246221 37.7765172, -122.4246758 37.7768055, -122.4263119 37.7766275))",polygon2
Dropoff,5,19,POINT(-122.425866706624 37.7765055894921),POINT(-122.426005394763 37.7763402883653),"POLYGON((-122.4263119 37.7766275, -122.4262636 37.7763518, -122.4246221 37.7765172, -122.4246758 37.7768055, -122.4263119 37.7766275))",polygon2
Dropoff,7,8,POINT(-122.424387700723 37.7766938332243),POINT(-122.424125269186 37.7765754964609),"POLYGON((-122.4246758 37.7768055, -122.4246221 37.7765172, -122.4229484 37.7767334, -122.4230182 37.7770217, -122.4246758 37.7768055))",polygon3
Dropoff,6,7,POINT(-122.423001999489 37.7767477208701),POINT(-122.422110737483 37.7771039747568),"POLYGON((-122.4230182 37.7770217, -122.4229484 37.7767334, -122.421323 37.7769666, -122.4213874 37.7772422, -122.4230182 37.7770217))",polygon4
Dropoff,6,7,POINT(-122.423001999489 37.7767477208701),POINT(-122.422110737483 37.7771039747568),"POLYGON((-122.4246758 37.7768055, -122.4246221 37.7765172, -122.4229484 37.7767334, -122.4230182 37.7770217, -122.4246758 37.7768055))",polygon3
Pickup,5,20,POINT(-122.424387700723 37.7766938332243),POINT(-122.424392366934 37.7767323827035),"POLYGON((-122.4246758 37.7768055, -122.4246221 37.7765172, -122.4229484 37.7767334, -122.4230182 37.7770217, -122.4246758 37.7768055))",polygon3
Pickup,2,21,POINT(-122.426284066636 37.776333305778),POINT(-122.425845795375 37.7764093706272),"POLYGON((-122.4263119 37.7766275, -122.4262636 37.7763518, -122.4246221 37.7765172, -122.4246758 37.7768055, -122.4263119 37.7766275))",polygon2
Pickup,5,21,POINT(-122.424849741087 37.7766378002019),POINT(-122.423655362147 37.7767331795451),"POLYGON((-122.4246758 37.7768055, -122.4246221 37.7765172, -122.4229484 37.7767334, -122.4230182 37.7770217, -122.4246758 37.7768055))",polygon3
Pickup,5,21,POINT(-122.424849741087 37.7766378002019),POINT(-122.423655362147 37.7767331795451),"POLYGON((-122.4263119 37.7766275, -122.4262636 37.7763518, -122.4246221 37.7765172, -122.4246758 37.7768055, -122.4263119 37.7766275))",polygon2
Dropoff,2,22,POINT(-122.423608786105 37.7767970128174),POINT(-122.423604119858 37.7766909977582),"POLYGON((-122.4246758 37.7768055, -122.4246221 37.7765172, -122.4229484 37.7767334, -122.4230182 37.7770217, -122.4246758 37.7768055))",polygon3
Dropoff,1,19,POINT(-122.426457490898 37.7764721777419),POINT(-122.426045402584 37.7766179779217),"POLYGON((-122.4279642 37.7763815, -122.4279159 37.7761441, -122.4262636 37.7763518, -122.4263119 37.7766275, -122.4279642 37.7763815))",polygon1
Dropoff,1,19,POINT(-122.426457490898 37.7764721777419),POINT(-122.426045402584 37.7766179779217),"POLYGON((-122.4263119 37.7766275, -122.4262636 37.7763518, -122.4246221 37.7765172, -122.4246758 37.7768055, -122.4263119 37.7766275))",polygon2
Dropoff,7,11,POINT(-122.425178879877 37.7765960339293),POINT(-122.424552832644 37.7770109746086),"POLYGON((-122.4263119 37.7766275, -122.4262636 37.7763518, -122.4246221 37.7765172, -122.4246758 37.7768055, -122.4263119 37.7766275))",polygon2
Dropoff,5,12,POINT(-122.423864133169 37.7767650064983),POINT(-122.424029697972 37.7768991780854),"POLYGON((-122.4246758 37.7768055, -122.4246221 37.7765172, -122.4229484 37.7767334, -122.4230182 37.7770217, -122.4246758 37.7768055))",polygon3
Pickup,6,12,POINT(-122.421342521285 37.7772425193096),POINT(-122.421408368608 37.7770275046462),"POLYGON((-122.4230182 37.7770217, -122.4229484 37.7767334, -122.421323 37.7769666, -122.4213874 37.7772422, -122.4230182 37.7770217))",polygon4
Dropoff,5,16,POINT(-122.424387700723 37.7766938332243),POINT(-122.424319867807 37.7768448280664),"POLYGON((-122.4246758 37.7768055, -122.4246221 37.7765172, -122.4229484 37.7767334, -122.4230182 37.7770217, -122.4246758 37.7768055))",polygon3
Dropoff,5,13,POINT(-122.423864133169 37.7767650064983),POINT(-122.424029697972 37.7768991780854),"POLYGON((-122.4246758 37.7768055, -122.4246221 37.7765172, -122.4229484 37.7767334, -122.4230182 37.7770217, -122.4246758 37.7768055))",polygon3
Pickup,7,15,POINT(-122.424849741087 37.7766378002019),POINT(-122.42471096501 37.7762213138246),"POLYGON((-122.4263119 37.7766275, -122.4262636 37.7763518, -122.4246221 37.7765172, -122.4246758 37.7768055, -122.4263119 37.7766275))",polygon2
Pickup,5,12,POINT(-122.424726778234 37.7769542755059),POINT(-122.424789339816 37.776702759941),"POLYGON((-122.4263119 37.7766275, -122.4262636 37.7763518, -122.4246221 37.7765172, -122.4246758 37.7768055, -122.4263119 37.7766275))",polygon2
Dropoff,6,13,POINT(-122.427744122337 37.7763065765902),POINT(-122.427815236563 37.7764732072833),"POLYGON((-122.4279642 37.7763815, -122.4279159 37.7761441, -122.4262636 37.7763518, -122.4263119 37.7766275, -122.4279642 37.7763815))",polygon1
Dropoff,2,18,POINT(-122.423864133169 37.7767650064983),POINT(-122.423895068575 37.7766462971795),"POLYGON((-122.4246758 37.7768055, -122.4246221 37.7765172, -122.4229484 37.7767334, -122.4230182 37.7770217, -122.4246758 37.7768055))",polygon3
Pickup,5,8,POINT(-122.424463224198 37.7766844176431),POINT(-122.424740258357 37.776699899236),"POLYGON((-122.4246758 37.7768055, -122.4246221 37.7765172, -122.4229484 37.7767334, -122.4230182 37.7770217, -122.4246758 37.7768055))",polygon3
Pickup,5,8,POINT(-122.424463224198 37.7766844176431),POINT(-122.424740258357 37.776699899236),"POLYGON((-122.4263119 37.7766275, -122.4262636 37.7763518, -122.4246221 37.7765172, -122.4246758 37.7768055, -122.4263119 37.7766275))",polygon2
Pickup,2,19,POINT(-122.424146440012 37.7767715986847),POINT(-122.424294462856 37.7768415914542),"POLYGON((-122.4246758 37.7768055, -122.4246221 37.7765172, -122.4229484 37.7767334, -122.4230182 37.7770217, -122.4246758 37.7768055))",polygon3
Pickup,6,20,POINT(-122.426240775333 37.7763211770386),POINT(-122.426138293256 37.7765473135919),"POLYGON((-122.4263119 37.7766275, -122.4262636 37.7763518, -122.4246221 37.7765172, -122.4246758 37.7768055, -122.4263119 37.7766275))",polygon2
Pickup,5,21,POINT(-122.424655057037 37.7768302824437),POINT(-122.424541167132 37.7765553943606),"POLYGON((-122.4246758 37.7768055, -122.4246221 37.7765172, -122.4229484 37.7767334, -122.4230182 37.7770217, -122.4246758 37.7768055))",polygon3
Pickup,7,22,POINT(-122.423425333329 37.7768612136313),POINT(-122.423264174598 37.7768508740106),"POLYGON((-122.4246758 37.7768055, -122.4246221 37.7765172, -122.4229484 37.7767334, -122.4230182 37.7770217, -122.4246758 37.7768055))",polygon3
Dropoff,6,19,POINT(-122.426457490898 37.7764721777419),POINT(-122.426165858006 37.7766273092287),"POLYGON((-122.4279642 37.7763815, -122.4279159 37.7761441, -122.4262636 37.7763518, -122.4263119 37.7766275, -122.4279642 37.7763815))",polygon1
Dropoff,6,19,POINT(-122.426457490898 37.7764721777419),POINT(-122.426165858006 37.7766273092287),"POLYGON((-122.4263119 37.7766275, -122.4262636 37.7763518, -122.4246221 37.7765172, -122.4246758 37.7768055, -122.4263119 37.7766275))",polygon2
Pickup,1,13,POINT(-122.422733688425 37.7764490718287),POINT(-122.422977371932 37.7769760120254),"POLYGON((-122.4230182 37.7770217, -122.4229484 37.7767334, -122.421323 37.7769666, -122.4213874 37.7772422, -122.4230182 37.7770217))",polygon4
Pickup,5,19,POINT(-122.423209475626 37.776820223827),POINT(-122.423134296898 37.7770328734693),"POLYGON((-122.4246758 37.7768055, -122.4246221 37.7765172, -122.4229484 37.7767334, -122.4230182 37.7770217, -122.4246758 37.7768055))",polygon3
Dropoff,4,7,POINT(-122.423001999489 37.7767477208701),POINT(-122.422110737483 37.7771039747568),"POLYGON((-122.4230182 37.7770217, -122.4229484 37.7767334, -122.421323 37.7769666, -122.4213874 37.7772422, -122.4230182 37.7770217))",polygon4
Dropoff,4,7,POINT(-122.423001999489 37.7767477208701),POINT(-122.422110737483 37.7771039747568),"POLYGON((-122.4246758 37.7768055, -122.4246221 37.7765172, -122.4229484 37.7767334, -122.4230182 37.7770217, -122.4246758 37.7768055))",polygon3
Dropoff,2,14,POINT(-122.421163385249 37.7770887404333),POINT(-122.422012226384 37.7769148614113),"POLYGON((-122.4230182 37.7770217, -122.4229484 37.7767334, -122.421323 37.7769666, -122.4213874 37.7772422, -122.4230182 37.7770217))",polygon4
Dropoff,7,15,POINT(-122.425942661086 37.7765363877665),POINT(-122.426045402584 37.7766179779217),"POLYGON((-122.4263119 37.7766275, -122.4262636 37.7763518, -122.4246221 37.7765172, -122.4246758 37.7768055, -122.4263119 37.7766275))",polygon2
Pickup,1,18,POINT(-122.424655057037 37.7768302824437),POINT(-122.424569596415 37.7766871056108),"POLYGON((-122.4246758 37.7768055, -122.4246221 37.7765172, -122.4229484 37.7767334, -122.4230182 37.7770217, -122.4246758 37.7768055))",polygon3
Pickup,7,17,POINT(-122.42419327505 37.7772175978603),POINT(-122.424214186629 37.7768406187188),"POLYGON((-122.4246758 37.7768055, -122.4246221 37.7765172, -122.4229484 37.7767334, -122.4230182 37.7770217, -122.4246758 37.7768055))",polygon3
Pickup,6,20,POINT(-122.427596536402 37.7763263121249),POINT(-122.427645270891 37.7765658368482),"POLYGON((-122.4279642 37.7763815, -122.4279159 37.7761441, -122.4262636 37.7763518, -122.4263119 37.7766275, -122.4279642 37.7763815))",polygon1
Pickup,3,18,POINT(-122.42358761517 37.7767996709951),POINT(-122.423592627065 37.7767907868863),"POLYGON((-122.4246758 37.7768055, -122.4246221 37.7765172, -122.4229484 37.7767334, -122.4230182 37.7770217, -122.4246758 37.7768055))",polygon3
Dropoff,3,19,POINT(-122.421752899794 37.7770253661173),POINT(-122.421742184519 37.7769044163683),"POLYGON((-122.4230182 37.7770217, -122.4229484 37.7767334, -122.421323 37.7769666, -122.4213874 37.7772422, -122.4230182 37.7770217))",polygon4
Pickup,7,14,POINT(-122.426240775333 37.7763211770386),POINT(-122.426136219418 37.776582992207),"POLYGON((-122.4263119 37.7766275, -122.4262636 37.7763518, -122.4246221 37.7765172, -122.4246758 37.7768055, -122.4263119 37.7766275))",polygon2
Pickup,7,19,POINT(-122.425942661086 37.7765363877665),POINT(-122.42614278657 37.7765816265297),"POLYGON((-122.4263119 37.7766275, -122.4262636 37.7763518, -122.4246221 37.7765172, -122.4246758 37.7768055, -122.4263119 37.7766275))",polygon2
Dropoff,7,22,POINT(-122.426724323483 37.7763980265585),POINT(-122.426566021332 37.7762380012494),"POLYGON((-122.4279642 37.7763815, -122.4279159 37.7761441, -122.4262636 37.7763518, -122.4263119 37.7766275, -122.4279642 37.7763815))",polygon1
Dropoff,1,22,POINT(-122.423864133169 37.7767650064983),POINT(-122.423954260597 37.7769130015034),"POLYGON((-122.4246758 37.7768055, -122.4246221 37.7765172, -122.4229484 37.7767334, -122.4230182 37.7770217, -122.4246758 37.7768055))",polygon3
Pickup,3,13,POINT(-122.424387700723 37.7766938332243),POINT(-122.423766919893 37.7761909872932),"POLYGON((-122.4246758 37.7768055, -122.4246221 37.7765172, -122.4229484 37.7767334, -122.4230182 37.7770217, -122.4246758 37.7768055))",polygon3
Pickup,6,21,POINT(-122.425942661086 37.7765363877665),POINT(-122.426000296573 37.7765537007932),"POLYGON((-122.4263119 37.7766275, -122.4262636 37.7763518, -122.4246221 37.7765172, -122.4246758 37.7768055, -122.4263119 37.7766275))",polygon2
Dropoff,5,22,POINT(-122.423864133169 37.7767650064983),POINT(-122.423954260597 37.7769130015034),"POLYGON((-122.4246758 37.7768055, -122.4246221 37.7765172, -122.4229484 37.7767334, -122.4230182 37.7770217, -122.4246758 37.7768055))",polygon3
Pickup,7,13,POINT(-122.424849741087 37.7766378002019),POINT(-122.424737579614 37.7763838266664),"POLYGON((-122.4263119 37.7766275, -122.4262636 37.7763518, -122.4246221 37.7765172, -122.4246758 37.7768055, -122.4263119 37.7766275))",polygon2
Pickup,6,17,POINT(-122.426240775333 37.7763211770386),POINT(-122.426113061565 37.7765712135989),"POLYGON((-122.4263119 37.7766275, -122.4262636 37.7763518, -122.4246221 37.7765172, -122.4246758 37.7768055, -122.4263119 37.7766275))",polygon2
Pickup,1,13,POINT(-122.426284066636 37.776333305778),POINT(-122.42476151547 37.7767513024147),"POLYGON((-122.4263119 37.7766275, -122.4262636 37.7763518, -122.4246221 37.7765172, -122.4246758 37.7768055, -122.4263119 37.7766275))",polygon2
Dropoff,2,18,POINT(-122.421163385249 37.7770887404333),POINT(-122.422101836922 37.77709966012),"POLYGON((-122.4230182 37.7770217, -122.4229484 37.7767334, -122.421323 37.7769666, -122.4213874 37.7772422, -122.4230182 37.7770217))",polygon4
Dropoff,4,16,POINT(-122.422732219409 37.7768991019104),POINT(-122.422814397848 37.776811887749),"POLYGON((-122.4230182 37.7770217, -122.4229484 37.7767334, -122.421323 37.7769666, -122.4213874 37.7772422, -122.4230182 37.7770217))",polygon4
Pickup,2,6,POINT(-122.426240775333 37.7763211770386),POINT(-122.42575091701 37.7766639198268),"POLYGON((-122.4263119 37.7766275, -122.4262636 37.7763518, -122.4246221 37.7765172, -122.4246758 37.7768055, -122.4263119 37.7766275))",polygon2
Dropoff,1,18,POINT(-122.422889922455 37.7773778190985),POINT(-122.422814397848 37.776811887749),"POLYGON((-122.4230182 37.7770217, -122.4229484 37.7767334, -122.421323 37.7769666, -122.4213874 37.7772422, -122.4230182 37.7770217))",polygon4
Pickup,7,17,POINT(-122.423001999489 37.7767477208701),POINT(-122.423036823709 37.7769786651688),"POLYGON((-122.4246758 37.7768055, -122.4246221 37.7765172, -122.4229484 37.7767334, -122.4230182 37.7770217, -122.4246758 37.7768055))",polygon3
Dropoff,7,12,POINT(-122.423001999489 37.7767477208701),POINT(-122.423206883257 37.7765015045614),"POLYGON((-122.4246758 37.7768055, -122.4246221 37.7765172, -122.4229484 37.7767334, -122.4230182 37.7770217, -122.4246758 37.7768055))",polygon3
Dropoff,2,11,POINT(-122.426284066636 37.776333305778),POINT(-122.426150563459 37.7765657125264),"POLYGON((-122.4263119 37.7766275, -122.4262636 37.7763518, -122.4246221 37.7765172, -122.4246758 37.7768055, -122.4263119 37.7766275))",polygon2
Pickup,1,13,POINT(-122.426333493012 37.7767963137192),POINT(-122.42629746015 37.7766254329808),"POLYGON((-122.4263119 37.7766275, -122.4262636 37.7763518, -122.4246221 37.7765172, -122.4246758 37.7768055, -122.4263119 37.7766275))",polygon2
Pickup,4,21,POINT(-122.426284066636 37.776333305778),POINT(-122.425915009866 37.7765662662543),"POLYGON((-122.4263119 37.7766275, -122.4262636 37.7763518, -122.4246221 37.7765172, -122.4246758 37.7768055, -122.4263119 37.7766275))",polygon2
Pickup,6,19,POINT(-122.424881713133 37.7771319882572),POINT(-122.42457002847 37.7766759951306),"POLYGON((-122.4246758 37.7768055, -122.4246221 37.7765172, -122.4229484 37.7767334, -122.4230182 37.7770217, -122.4246758 37.7768055))",polygon3
Pickup,1,7,POINT(-122.423153998915 37.7774616295067),POINT(-122.423405285715 37.7768028947012),"POLYGON((-122.4246758 37.7768055, -122.4246221 37.7765172, -122.4229484 37.7767334, -122.4230182 37.7770217, -122.4246758 37.7768055))",polygon3
Dropoff,1,18,POINT(-122.424726778234 37.7769542755059),POINT(-122.424897871975 37.7765207086951),"POLYGON((-122.4263119 37.7766275, -122.4262636 37.7763518, -122.4246221 37.7765172, -122.4246758 37.7768055, -122.4263119 37.7766275))",polygon2
Pickup,6,1,POINT(-122.424146440012 37.7767715986847),POINT(-122.424318571636 37.7768301779751),"POLYGON((-122.4246758 37.7768055, -122.4246221 37.7765172, -122.4229484 37.7767334, -122.4230182 37.7770217, -122.4246758 37.7768055))",polygon3
Pickup,1,20,POINT(-122.426284066636 37.776333305778),POINT(-122.426114616943 37.7765884736476),"POLYGON((-122.4263119 37.7766275, -122.4262636 37.7763518, -122.4246221 37.7765172, -122.4246758 37.7768055, -122.4263119 37.7766275))",polygon2
Pickup,7,2,POINT(-122.424242788822 37.7762566951634),POINT(-122.424459681336 37.7767371238278),"POLYGON((-122.4246758 37.7768055, -122.4246221 37.7765172, -122.4229484 37.7767334, -122.4230182 37.7770217, -122.4246758 37.7768055))",polygon3
Dropoff,6,14,POINT(-122.422803509856 37.7769471141156),POINT(-122.423206883257 37.7765015045614),"POLYGON((-122.4230182 37.7770217, -122.4229484 37.7767334, -122.421323 37.7769666, -122.4213874 37.7772422, -122.4230182 37.7770217))",polygon4
Pickup,6,22,POINT(-122.423001999489 37.7767477208701),POINT(-122.42259490955 37.7768919676394),"POLYGON((-122.4230182 37.7770217, -122.4229484 37.7767334, -122.421323 37.7769666, -122.4213874 37.7772422, -122.4230182 37.7770217))",polygon4
Pickup,6,22,POINT(-122.423001999489 37.7767477208701),POINT(-122.42259490955 37.7768919676394),"POLYGON((-122.4246758 37.7768055, -122.4246221 37.7765172, -122.4229484 37.7767334, -122.4230182 37.7770217, -122.4246758 37.7768055))",polygon3
Dropoff,4,21,POINT(-122.423001999489 37.7767477208701),POINT(-122.423176811772 37.7770403719393),"POLYGON((-122.4246758 37.7768055, -122.4246221 37.7765172, -122.4229484 37.7767334, -122.4230182 37.7770217, -122.4246758 37.7768055))",polygon3
Pickup,7,13,POINT(-122.426457490898 37.7764721777419),POINT(-122.426235072286 37.7765930794817),"POLYGON((-122.4279642 37.7763815, -122.4279159 37.7761441, -122.4262636 37.7763518, -122.4263119 37.7766275, -122.4279642 37.7763815))",polygon1
Pickup,7,13,POINT(-122.426457490898 37.7764721777419),POINT(-122.426235072286 37.7765930794817),"POLYGON((-122.4263119 37.7766275, -122.4262636 37.7763518, -122.4246221 37.7765172, -122.4246758 37.7768055, -122.4263119 37.7766275))",polygon2
Dropoff,3,20,POINT(-122.426240775333 37.7763211770386),POINT(-122.426045402584 37.7766179779217),"POLYGON((-122.4263119 37.7766275, -122.4262636 37.7763518, -122.4246221 37.7765172, -122.4246758 37.7768055, -122.4263119 37.7766275))",polygon2
Pickup,3,18,POINT(-122.426240775333 37.7763211770386),POINT(-122.425949573889 37.7765916934828),"POLYGON((-122.4263119 37.7766275, -122.4262636 37.7763518, -122.4246221 37.7765172, -122.4246758 37.7768055, -122.4263119 37.7766275))",polygon2
Pickup,7,15,POINT(-122.426457490898 37.7764721777419),POINT(-122.426153242165 37.7764107673852),"POLYGON((-122.4279642 37.7763815, -122.4279159 37.7761441, -122.4262636 37.7763518, -122.4263119 37.7766275, -122.4279642 37.7763815))",polygon1
Pickup,7,15,POINT(-122.426457490898 37.7764721777419),POINT(-122.426153242165 37.7764107673852),"POLYGON((-122.4263119 37.7766275, -122.4262636 37.7763518, -122.4246221 37.7765172, -122.4246758 37.7768055, -122.4263119 37.7766275))",polygon2
Dropoff,7,17,POINT(-122.425585786974 37.7765432868184),POINT(-122.42552400356 37.7763833778196),"POLYGON((-122.4263119 37.7766275, -122.4262636 37.7763518, -122.4246221 37.7765172, -122.4246758 37.7768055, -122.4263119 37.7766275))",polygon2
Dropoff,7,22,POINT(-122.424655057037 37.7768302824437),POINT(-122.424348642794 37.7767794905326),"POLYGON((-122.4246758 37.7768055, -122.4246221 37.7765172, -122.4229484 37.7767334, -122.4230182 37.7770217, -122.4246758 37.7768055))",polygon3
Dropoff,4,12,POINT(-122.423864133169 37.7767650064983),POINT(-122.424029697972 37.7768991780854),"POLYGON((-122.4246758 37.7768055, -122.4246221 37.7765172, -122.4229484 37.7767334, -122.4230182 37.7770217, -122.4246758 37.7768055))",polygon3
Dropoff,7,1,POINT(-122.424849741087 37.7766378002019),POINT(-122.423604119858 37.7766909977582),"POLYGON((-122.4246758 37.7768055, -122.4246221 37.7765172, -122.4229484 37.7767334, -122.4230182 37.7770217, -122.4246758 37.7768055))",polygon3
Dropoff,7,1,POINT(-122.424849741087 37.7766378002019),POINT(-122.423604119858 37.7766909977582),"POLYGON((-122.4263119 37.7766275, -122.4262636 37.7763518, -122.4246221 37.7765172, -122.4246758 37.7768055, -122.4263119 37.7766275))",polygon2
Dropoff,7,12,POINT(-122.425942661086 37.7765363877665),POINT(-122.426143218619 37.776627293737),"POLYGON((-122.4263119 37.7766275, -122.4262636 37.7763518, -122.4246221 37.7765172, -122.4246758 37.7768055, -122.4263119 37.7766275))",polygon2
Pickup,5,20,POINT(-122.423209475626 37.776820223827),POINT(-122.422740342202 37.7771040893142),"POLYGON((-122.4246758 37.7768055, -122.4246221 37.7765172, -122.4229484 37.7767334, -122.4230182 37.7770217, -122.4246758 37.7768055))",polygon3
Pickup,5,19,POINT(-122.421148608457 37.7771766722894),POINT(-122.421747801397 37.7769439828625),"POLYGON((-122.4230182 37.7770217, -122.4229484 37.7767334, -122.421323 37.7769666, -122.4213874 37.7772422, -122.4230182 37.7770217))",polygon4
Pickup,2,13,POINT(-122.424849741087 37.7766378002019),POINT(-122.424944706677 37.7765590833348),"POLYGON((-122.4263119 37.7766275, -122.4262636 37.7763518, -122.4246221 37.7765172, -122.4246758 37.7768055, -122.4263119 37.7766275))",polygon2
Dropoff,3,18,POINT(-122.425866706624 37.7765055894921),POINT(-122.426005394763 37.7763402883653),"POLYGON((-122.4263119 37.7766275, -122.4262636 37.7763518, -122.4246221 37.7765172, -122.4246758 37.7768055, -122.4263119 37.7766275))",polygon2
Pickup,5,0,POINT(-122.423209475626 37.776820223827),POINT(-122.422558961817 37.7769089118837),"POLYGON((-122.4230182 37.7770217, -122.4229484 37.7767334, -122.421323 37.7769666, -122.4213874 37.7772422, -122.4230182 37.7770217))",polygon4
Pickup,5,0,POINT(-122.423209475626 37.776820223827),POINT(-122.422558961817 37.7769089118837),"POLYGON((-122.4246758 37.7768055, -122.4246221 37.7765172, -122.4229484 37.7767334, -122.4230182 37.7770217, -122.4246758 37.7768055))",polygon3
Pickup,3,20,POINT(-122.426284066636 37.776333305778),POINT(-122.426165771596 37.7765653239291),"POLYGON((-122.4263119 37.7766275, -122.4262636 37.7763518, -122.4246221 37.7765172, -122.4246758 37.7768055, -122.4263119 37.7766275))",polygon2
Pickup,2,14,POINT(-122.427027879288 37.7764004710014),POINT(-122.427012757684 37.7766413188276),"POLYGON((-122.4279642 37.7763815, -122.4279159 37.7761441, -122.4262636 37.7763518, -122.4263119 37.7766275, -122.4279642 37.7763815))",polygon1
Pickup,7,15,POINT(-122.421148608457 37.7771766722894),POINT(-122.42233100451 37.7770387054181),"POLYGON((-122.4230182 37.7770217, -122.4229484 37.7767334, -122.421323 37.7769666, -122.4213874 37.7772422, -122.4230182 37.7770217))",polygon4
Pickup,6,13,POINT(-122.42698692134 37.7763658882664),POINT(-122.426983032926 37.7763382957606),"POLYGON((-122.4279642 37.7763815, -122.4279159 37.7761441, -122.4262636 37.7763518, -122.4263119 37.7766275, -122.4279642 37.7763815))",polygon1
Dropoff,1,2,POINT(-122.423608786105 37.7767970128174),POINT(-122.423604119858 37.7766909977582),"POLYGON((-122.4246758 37.7768055, -122.4246221 37.7765172, -122.4229484 37.7767334, -122.4230182 37.7770217, -122.4246758 37.7768055))",polygon3
Pickup,1,21,POINT(-122.421167619534 37.777089328486),POINT(-122.422002807335 37.7770572700002),"POLYGON((-122.4230182 37.7770217, -122.4229484 37.7767334, -122.421323 37.7769666, -122.4213874 37.7772422, -122.4230182 37.7770217))",polygon4
Dropoff,7,10,POINT(-122.42483021221 37.7766853906467),POINT(-122.424835828923 37.7767182679005),"POLYGON((-122.4263119 37.7766275, -122.4262636 37.7763518, -122.4246221 37.7765172, -122.4246758 37.7768055, -122.4263119 37.7766275))",polygon2
Dropoff,6,20,POINT(-122.426457490898 37.7764721777419),POINT(-122.426045402584 37.7766179779217),"POLYGON((-122.4279642 37.7763815, -122.4279159 37.7761441, -122.4262636 37.7763518, -122.4263119 37.7766275, -122.4279642 37.7763815))",polygon1
Dropoff,6,20,POINT(-122.426457490898 37.7764721777419),POINT(-122.426045402584 37.7766179779217),"POLYGON((-122.4263119 37.7766275, -122.4262636 37.7763518, -122.4246221 37.7765172, -122.4246758 37.7768055, -122.4263119 37.7766275))",polygon2
Dropoff,7,12,POINT(-122.424726778234 37.7769542755059),POINT(-122.425002774767 37.7765249385779),"POLYGON((-122.4263119 37.7766275, -122.4262636 37.7763518, -122.4246221 37.7765172, -122.4246758 37.7768055, -122.4263119 37.7766275))",polygon2
Dropoff,1,15,POINT(-122.421342521285 37.7772425193096),POINT(-122.421473610994 37.7769713810696),"POLYGON((-122.4230182 37.7770217, -122.4229484 37.7767334, -122.421323 37.7769666, -122.4213874 37.7772422, -122.4230182 37.7770217))",polygon4
Pickup,1,19,POINT(-122.423001999489 37.7767477208701),POINT(-122.423870441227 37.7767941818037),"POLYGON((-122.4246758 37.7768055, -122.4246221 37.7765172, -122.4229484 37.7767334, -122.4230182 37.7770217, -122.4246758 37.7768055))",polygon3
Pickup,6,23,POINT(-122.424655057037 37.7768302824437),POINT(-122.424382083986 37.7767250766809),"POLYGON((-122.4246758 37.7768055, -122.4246221 37.7765172, -122.4229484 37.7767334, -122.4230182 37.7770217, -122.4246758 37.7768055))",polygon3
Pickup,6,21,POINT(-122.421163385249 37.7770887404333),POINT(-122.421814080533 37.7770716176652),"POLYGON((-122.4230182 37.7770217, -122.4229484 37.7767334, -122.421323 37.7769666, -122.4213874 37.7772422, -122.4230182 37.7770217))",polygon4
Dropoff,6,14,POINT(-122.423367091543 37.7768286725309),POINT(-122.423408482964 37.7767098007088),"POLYGON((-122.4246758 37.7768055, -122.4246221 37.7765172, -122.4229484 37.7767334, -122.4230182 37.7770217, -122.4246758 37.7768055))",polygon3
Dropoff,1,18,POINT(-122.424762638814 37.7761943702403),POINT(-122.424776896631 37.7765500656232),"POLYGON((-122.4263119 37.7766275, -122.4262636 37.7763518, -122.4246221 37.7765172, -122.4246758 37.7768055, -122.4263119 37.7766275))",polygon2
Pickup,5,20,POINT(-122.423209475626 37.776820223827),POINT(-122.423173009629 37.7771654940889),"POLYGON((-122.4246758 37.7768055, -122.4246221 37.7765172, -122.4229484 37.7767334, -122.4230182 37.7770217, -122.4246758 37.7768055))",polygon3
Pickup,5,6,POINT(-122.425708316769 37.7765695013865),POINT(-122.425745300347 37.7767182085598),"POLYGON((-122.4263119 37.7766275, -122.4262636 37.7763518, -122.4246221 37.7765172, -122.4246758 37.7768055, -122.4263119 37.7766275))",polygon2
Pickup,2,0,POINT(-122.424146440012 37.7767715986847),POINT(-122.424425980935 37.7767626103939),"POLYGON((-122.4246758 37.7768055, -122.4246221 37.7765172, -122.4229484 37.7767334, -122.4230182 37.7770217, -122.4246758 37.7768055))",polygon3
Pickup,7,22,POINT(-122.426240775333 37.7763211770386),POINT(-122.425869126107 37.7766741606333),"POLYGON((-122.4263119 37.7766275, -122.4262636 37.7763518, -122.4246221 37.7765172, -122.4246758 37.7768055, -122.4263119 37.7766275))",polygon2
Dropoff,2,18,POINT(-122.421647302445 37.7770384299589),POINT(-122.421574196526 37.7769286702654),"POLYGON((-122.4230182 37.7770217, -122.4229484 37.7767334, -122.421323 37.7769666, -122.4213874 37.7772422, -122.4230182 37.7770217))",polygon4
Pickup,5,20,POINT(-122.426240775333 37.7763211770386),POINT(-122.426407805352 37.7764109815667),"POLYGON((-122.4279642 37.7763815, -122.4279159 37.7761441, -122.4262636 37.7763518, -122.4263119 37.7766275, -122.4279642 37.7763815))",polygon1
Pickup,2,15,POINT(-122.425751867522 37.7765633758744),POINT(-122.425836376671 37.7765437071814),"POLYGON((-122.4263119 37.7766275, -122.4262636 37.7763518, -122.4246221 37.7765172, -122.4246758 37.7768055, -122.4263119 37.7766275))",polygon2
Pickup,3,9,POINT(-122.423864133169 37.7767650064983),POINT(-122.423888760518 37.7766925840729),"POLYGON((-122.4246758 37.7768055, -122.4246221 37.7765172, -122.4229484 37.7767334, -122.4230182 37.7770217, -122.4246758 37.7768055))",polygon3
Pickup,5,12,POINT(-122.421167619534 37.777089328486),POINT(-122.421468166929 37.7770327424494),"POLYGON((-122.4230182 37.7770217, -122.4229484 37.7767334, -122.421323 37.7769666, -122.4213874 37.7772422, -122.4230182 37.7770217))",polygon4
Pickup,7,23,POINT(-122.426492832429 37.7764272114263),POINT(-122.425999000423 37.7764734765709),"POLYGON((-122.4279642 37.7763815, -122.4279159 37.7761441, -122.4262636 37.7763518, -122.4263119 37.7766275, -122.4279642 37.7763815))",polygon1
Pickup,7,23,POINT(-122.426492832429 37.7764272114263),POINT(-122.425999000423 37.7764734765709),"POLYGON((-122.4263119 37.7766275, -122.4262636 37.7763518, -122.4246221 37.7765172, -122.4246758 37.7768055, -122.4263119 37.7766275))",polygon2
Dropoff,6,12,POINT(-122.424655057037 37.7768302824437),POINT(-122.424776896631 37.7765500656232),"POLYGON((-122.4263119 37.7766275, -122.4262636 37.7763518, -122.4246221 37.7765172, -122.4246758 37.7768055, -122.4263119 37.7766275))",polygon2
Pickup,3,12,POINT(-122.424655057037 37.7768302824437),POINT(-122.424719001239 37.7767712849352),"POLYGON((-122.4263119 37.7766275, -122.4262636 37.7763518, -122.4246221 37.7765172, -122.4246758 37.7768055, -122.4263119 37.7766275))",polygon2
Pickup,5,22,POINT(-122.426284066636 37.776333305778),POINT(-122.425926675225 37.7765216033921),"POLYGON((-122.4263119 37.7766275, -122.4262636 37.7763518, -122.4246221 37.7765172, -122.4246758 37.7768055, -122.4263119 37.7766275))",polygon2
Pickup,4,22,POINT(-122.421342521285 37.7772425193096),POINT(-122.421598565171 37.7770670133006),"POLYGON((-122.4230182 37.7770217, -122.4229484 37.7767334, -122.421323 37.7769666, -122.4213874 37.7772422, -122.4230182 37.7770217))",polygon4
Pickup,2,21,POINT(-122.421940416919 37.7770014307384),POINT(-122.421951737066 37.776990388535),"POLYGON((-122.4230182 37.7770217, -122.4229484 37.7767334, -122.421323 37.7769666, -122.4213874 37.7772422, -122.4230182 37.7770217))",polygon4
Dropoff,6,12,POINT(-122.424655057037 37.7768302824437),POINT(-122.424897871975 37.7765207086951),"POLYGON((-122.4263119 37.7766275, -122.4262636 37.7763518, -122.4246221 37.7765172, -122.4246758 37.7768055, -122.4263119 37.7766275))",polygon2
Pickup,1,0,POINT(-122.422733688425 37.7764490718287),POINT(-122.4225676031 37.776931263131),"POLYGON((-122.4230182 37.7770217, -122.4229484 37.7767334, -122.421323 37.7769666, -122.4213874 37.7772422, -122.4230182 37.7770217))",polygon4
Pickup,2,10,POINT(-122.421163385249 37.7770887404333),POINT(-122.421384518401 37.7770746792263),"POLYGON((-122.4230182 37.7770217, -122.4229484 37.7767334, -122.421323 37.7769666, -122.4213874 37.7772422, -122.4230182 37.7770217))",polygon4
Pickup,2,23,POINT(-122.424146440012 37.7767715986847),POINT(-122.424340606537 37.776662807936),"POLYGON((-122.4246758 37.7768055, -122.4246221 37.7765172, -122.4229484 37.7767334, -122.4230182 37.7770217, -122.4246758 37.7768055))",polygon3
Dropoff,2,12,POINT(-122.424890094992 37.7766780953956),POINT(-122.424921721383 37.7768112943597),"POLYGON((-122.4263119 37.7766275, -122.4262636 37.7763518, -122.4246221 37.7765172, -122.4246758 37.7768055, -122.4263119 37.7766275))",polygon2
Dropoff,6,16,POINT(-122.425585786974 37.7765432868184),POINT(-122.42552400356 37.7763833778196),"POLYGON((-122.4263119 37.7766275, -122.4262636 37.7763518, -122.4246221 37.7765172, -122.4246758 37.7768055, -122.4263119 37.7766275))",polygon2
Pickup,4,0,POINT(-122.424387700723 37.7766938332243),POINT(-122.424410599723 37.7767674865337),"POLYGON((-122.4246758 37.7768055, -122.4246221 37.7765172, -122.4229484 37.7767334, -122.4230182 37.7770217, -122.4246758 37.7768055))",polygon3
Dropoff,3,8,POINT(-122.42373650292 37.7767812145462),POINT(-122.42373002203 37.77674605828),"POLYGON((-122.4246758 37.7768055, -122.4246221 37.7765172, -122.4229484 37.7767334, -122.4230182 37.7770217, -122.4246758 37.7768055))",polygon3
Pickup,2,13,POINT(-122.424387700723 37.7766938332243),POINT(-122.424380614993 37.7768528249401),"POLYGON((-122.4246758 37.7768055, -122.4246221 37.7765172, -122.4229484 37.7767334, -122.4230182 37.7770217, -122.4246758 37.7768055))",polygon3
Pickup,7,14,POINT(-122.422889922455 37.7773778190985),POINT(-122.422984198519 37.7769374171958),"POLYGON((-122.4230182 37.7770217, -122.4229484 37.7767334, -122.421323 37.7769666, -122.4213874 37.7772422, -122.4230182 37.7770217))",polygon4
Pickup,7,12,POINT(-122.426457490898 37.7764721777419),POINT(-122.426187287651 37.7767166070556),"POLYGON((-122.4279642 37.7763815, -122.4279159 37.7761441, -122.4262636 37.7763518, -122.4263119 37.7766275, -122.4279642 37.7763815))",polygon1
Pickup,7,0,POINT(-122.422282094727 37.7770130351663),POINT(-122.422760562768 37.7769605404777),"POLYGON((-122.4230182 37.7770217, -122.4229484 37.7767334, -122.421323 37.7769666, -122.4213874 37.7772422, -122.4230182 37.7770217))",polygon4
Pickup,5,22,POINT(-122.423425333329 37.7768612136313),POINT(-122.42254081512 37.7768266710287),"POLYGON((-122.4230182 37.7770217, -122.4229484 37.7767334, -122.421323 37.7769666, -122.4213874 37.7772422, -122.4230182 37.7770217))",polygon4
Pickup,5,22,POINT(-122.423425333329 37.7768612136313),POINT(-122.42254081512 37.7768266710287),"POLYGON((-122.4246758 37.7768055, -122.4246221 37.7765172, -122.4229484 37.7767334, -122.4230182 37.7770217, -122.4246758 37.7768055))",polygon3
Pickup,1,19,POINT(-122.423115718239 37.776394319937),POINT(-122.423149419061 37.7769976887519),"POLYGON((-122.4246758 37.7768055, -122.4246221 37.7765172, -122.4229484 37.7767334, -122.4230182 37.7770217, -122.4246758 37.7768055))",polygon3
Pickup,6,22,POINT(-122.423001999489 37.7767477208701),POINT(-122.423064130037 37.776984298147),"POLYGON((-122.4246758 37.7768055, -122.4246221 37.7765172, -122.4229484 37.7767334, -122.4230182 37.7770217, -122.4246758 37.7768055))",polygon3
Pickup,5,21,POINT(-122.423209475626 37.776820223827),POINT(-122.423109064486 37.7764753188105),"POLYGON((-122.4246758 37.7768055, -122.4246221 37.7765172, -122.4229484 37.7767334, -122.4230182 37.7770217, -122.4246758 37.7768055))",polygon3
Pickup,4,21,POINT(-122.426371858924 37.7767765886656),POINT(-122.423998935429 37.7766842888978),"POLYGON((-122.4246758 37.7768055, -122.4246221 37.7765172, -122.4229484 37.7767334, -122.4230182 37.7770217, -122.4246758 37.7768055))",polygon3
Dropoff,2,19,POINT(-122.423608786105 37.7767970128174),POINT(-122.423604119858 37.7766909977582),"POLYGON((-122.4246758 37.7768055, -122.4246221 37.7765172, -122.4229484 37.7767334, -122.4230182 37.7770217, -122.4246758 37.7768055))",polygon3
Pickup,1,23,POINT(-122.423425333329 37.7768612136313),POINT(-122.422550666184 37.7769113177598),"POLYGON((-122.4230182 37.7770217, -122.4229484 37.7767334, -122.421323 37.7769666, -122.4213874 37.7772422, -122.4230182 37.7770217))",polygon4
Pickup,1,23,POINT(-122.423425333329 37.7768612136313),POINT(-122.422550666184 37.7769113177598),"POLYGON((-122.4246758 37.7768055, -122.4246221 37.7765172, -122.4229484 37.7767334, -122.4230182 37.7770217, -122.4246758 37.7768055))",polygon3
Dropoff,5,17,POINT(-122.423330798425 37.7768281299506),POINT(-122.422740342202 37.7771040893142),"POLYGON((-122.4246758 37.7768055, -122.4246221 37.7765172, -122.4229484 37.7767334, -122.4230182 37.7770217, -122.4246758 37.7768055))",polygon3
Dropoff,3,17,POINT(-122.425942661086 37.7765363877665),POINT(-122.426045402584 37.7766179779217),"POLYGON((-122.4263119 37.7766275, -122.4262636 37.7763518, -122.4246221 37.7765172, -122.4246758 37.7768055, -122.4263119 37.7766275))",polygon2
Pickup,2,21,POINT(-122.424655057037 37.7768302824437),POINT(-122.424362727845 37.7768014756014),"POLYGON((-122.4246758 37.7768055, -122.4246221 37.7765172, -122.4229484 37.7767334, -122.4230182 37.7770217, -122.4246758 37.7768055))",polygon3
Pickup,6,23,POINT(-122.422282094727 37.7770130351663),POINT(-122.422419059343 37.7770633872223),"POLYGON((-122.4230182 37.7770217, -122.4229484 37.7767334, -122.421323 37.7769666, -122.4213874 37.7772422, -122.4230182 37.7770217))",polygon4
Pickup,1,21,POINT(-122.423001999489 37.7767477208701),POINT(-122.423029565064 37.7769387316824),"POLYGON((-122.4246758 37.7768055, -122.4246221 37.7765172, -122.4229484 37.7767334, -122.4230182 37.7770217, -122.4246758 37.7768055))",polygon3
Pickup,1,20,POINT(-122.423001999489 37.7767477208701),POINT(-122.422897699585 37.7768637666901),"POLYGON((-122.4230182 37.7770217, -122.4229484 37.7767334, -122.421323 37.7769666, -122.4213874 37.7772422, -122.4230182 37.7770217))",polygon4
Pickup,1,20,POINT(-122.423001999489 37.7767477208701),POINT(-122.422897699585 37.7768637666901),"POLYGON((-122.4246758 37.7768055, -122.4246221 37.7765172, -122.4229484 37.7767334, -122.4230182 37.7770217, -122.4246758 37.7768055))",polygon3
Dropoff,5,14,POINT(-122.42332198438 37.7768290232458),POINT(-122.422740342202 37.7771040893142),"POLYGON((-122.4246758 37.7768055, -122.4246221 37.7765172, -122.4229484 37.7767334, -122.4230182 37.7770217, -122.4246758 37.7768055))",polygon3
Dropoff,7,13,POINT(-122.425384277859 37.7766123184562),POINT(-122.425419965394 37.7767606249844),"POLYGON((-122.4263119 37.7766275, -122.4262636 37.7763518, -122.4246221 37.7765172, -122.4246758 37.7768055, -122.4263119 37.7766275))",polygon2
Dropoff,1,9,POINT(-122.424655057037 37.7768302824437),POINT(-122.425341677469 37.776678927771),"POLYGON((-122.4263119 37.7766275, -122.4262636 37.7763518, -122.4246221 37.7765172, -122.4246758 37.7768055, -122.4263119 37.7766275))",polygon2
Pickup,1,21,POINT(-122.425942661086 37.7765363877665),POINT(-122.426072967359 37.7766334899377),"POLYGON((-122.4263119 37.7766275, -122.4262636 37.7763518, -122.4246221 37.7765172, -122.4246758 37.7768055, -122.4263119 37.7766275))",polygon2
Dropoff,6,21,POINT(-122.426457490898 37.7764721777419),POINT(-122.426119542308 37.7764026674878),"POLYGON((-122.4279642 37.7763815, -122.4279159 37.7761441, -122.4262636 37.7763518, -122.4263119 37.7766275, -122.4279642 37.7763815))",polygon1
Dropoff,6,21,POINT(-122.426457490898 37.7764721777419),POINT(-122.426119542308 37.7764026674878),"POLYGON((-122.4263119 37.7766275, -122.4262636 37.7763518, -122.4246221 37.7765172, -122.4246758 37.7768055, -122.4263119 37.7766275))",polygon2
Pickup,3,21,POINT(-122.426240775333 37.7763211770386),POINT(-122.426147711933 37.7765450708256),"POLYGON((-122.4263119 37.7766275, -122.4262636 37.7763518, -122.4246221 37.7765172, -122.4246758 37.7768055, -122.4263119 37.7766275))",polygon2
Pickup,3,18,POINT(-122.424849741087 37.7766378002019),POINT(-122.424983418741 37.7766054813353),"POLYGON((-122.4263119 37.7766275, -122.4262636 37.7763518, -122.4246221 37.7765172, -122.4246758 37.7768055, -122.4263119 37.7766275))",polygon2
Pickup,1,12,POINT(-122.425942661086 37.7765363877665),POINT(-122.425956918743 37.7765499589292),"POLYGON((-122.4263119 37.7766275, -122.4262636 37.7763518, -122.4246221 37.7765172, -122.4246758 37.7768055, -122.4263119 37.7766275))",polygon2
Pickup,4,18,POINT(-122.426457490898 37.7764721777419),POINT(-122.426177177698 37.7767032141985),"POLYGON((-122.4279642 37.7763815, -122.4279159 37.7761441, -122.4262636 37.7763518, -122.4263119 37.7766275, -122.4279642 37.7763815))",polygon1
Pickup,4,20,POINT(-122.421148608457 37.7771766722894),POINT(-122.422140636447 37.7770553034545),"POLYGON((-122.4230182 37.7770217, -122.4229484 37.7767334, -122.421323 37.7769666, -122.4213874 37.7772422, -122.4230182 37.7770217))",polygon4
Pickup,4,21,POINT(-122.426457490898 37.7764721777419),POINT(-122.426005394763 37.7763402883653),"POLYGON((-122.4279642 37.7763815, -122.4279159 37.7761441, -122.4262636 37.7763518, -122.4263119 37.7766275, -122.4279642 37.7763815))",polygon1
Pickup,5,10,POINT(-122.423757760237 37.7767785297617),POINT(-122.423708159824 37.7765732137795),"POLYGON((-122.4246758 37.7768055, -122.4246221 37.7765172, -122.4229484 37.7767334, -122.4230182 37.7770217, -122.4246758 37.7768055))",polygon3
Dropoff,5,19,POINT(-122.423425333329 37.7768612136313),POINT(-122.422740342202 37.7771040893142),"POLYGON((-122.4246758 37.7768055, -122.4246221 37.7765172, -122.4229484 37.7767334, -122.4230182 37.7770217, -122.4246758 37.7768055))",polygon3
Pickup,4,23,POINT(-122.426492832429 37.7764272114263),POINT(-122.42627508002 37.7762619171583),"POLYGON((-122.4279642 37.7763815, -122.4279159 37.7761441, -122.4262636 37.7763518, -122.4263119 37.7766275, -122.4279642 37.7763815))",polygon1
Pickup,1,11,POINT(-122.424655057037 37.7768302824437),POINT(-122.424799709135 37.7767751050329),"POLYGON((-122.4263119 37.7766275, -122.4262636 37.7763518, -122.4246221 37.7765172, -122.4246758 37.7768055, -122.4263119 37.7766275))",polygon2
Pickup,5,22,POINT(-122.423779103962 37.7767758910958),POINT(-122.423798805857 37.7768252286797),"POLYGON((-122.4246758 37.7768055, -122.4246221 37.7765172, -122.4229484 37.7767334, -122.4230182 37.7770217, -122.4246758 37.7768055))",polygon3
Dropoff,5,21,POINT(-122.425942661086 37.7765363877665),POINT(-122.426045402584 37.7766179779217),"POLYGON((-122.4263119 37.7766275, -122.4262636 37.7763518, -122.4246221 37.7765172, -122.4246758 37.7768055, -122.4263119 37.7766275))",polygon2
Pickup,2,13,POINT(-122.423864133169 37.7767650064983),POINT(-122.423835358048 37.7764499065127),"POLYGON((-122.4246758 37.7768055, -122.4246221 37.7765172, -122.4229484 37.7767334, -122.4230182 37.7770217, -122.4246758 37.7768055))",polygon3
Dropoff,2,20,POINT(-122.423864133169 37.7767650064983),POINT(-122.424029697972 37.7768991780854),"POLYGON((-122.4246758 37.7768055, -122.4246221 37.7765172, -122.4229484 37.7767334, -122.4230182 37.7770217, -122.4246758 37.7768055))",polygon3
Pickup,7,16,POINT(-122.426457490898 37.7764721777419),POINT(-122.426378080422 37.7765141965925),"POLYGON((-122.4279642 37.7763815, -122.4279159 37.7761441, -122.4262636 37.7763518, -122.4263119 37.7766275, -122.4279642 37.7763815))",polygon1
Pickup,1,1,POINT(-122.424146440012 37.7767715986847),POINT(-122.42441440182 37.7766744978751),"POLYGON((-122.4246758 37.7768055, -122.4246221 37.7765172, -122.4229484 37.7767334, -122.4230182 37.7770217, -122.4246758 37.7768055))",polygon3
Pickup,2,18,POINT(-122.422803509856 37.7769471141156),POINT(-122.423016776021 37.7770536048045),"POLYGON((-122.4230182 37.7770217, -122.4229484 37.7767334, -122.421323 37.7769666, -122.4213874 37.7772422, -122.4230182 37.7770217))",polygon4
Pickup,7,19,POINT(-122.424726778234 37.7769542755059),POINT(-122.425035178821 37.7765164259612),"POLYGON((-122.4263119 37.7766275, -122.4262636 37.7763518, -122.4246221 37.7765172, -122.4246758 37.7768055, -122.4263119 37.7766275))",polygon2
Dropoff,3,12,POINT(-122.425942661086 37.7765363877665),POINT(-122.426045402584 37.7766179779217),"POLYGON((-122.4263119 37.7766275, -122.4262636 37.7763518, -122.4246221 37.7765172, -122.4246758 37.7768055, -122.4263119 37.7766275))",polygon2
Pickup,2,13,POINT(-122.423842875873 37.7767676913044),POINT(-122.423746526696 37.7764182676399),"POLYGON((-122.4246758 37.7768055, -122.4246221 37.7765172, -122.4229484 37.7767334, -122.4230182 37.7770217, -122.4246758 37.7768055))",polygon3
Pickup,4,22,POINT(-122.424196126629 37.7767185859009),POINT(-122.424279168036 37.7768206327536),"POLYGON((-122.4246758 37.7768055, -122.4246221 37.7765172, -122.4229484 37.7767334, -122.4230182 37.7770217, -122.4246758 37.7768055))",polygon3
Pickup,2,20,POINT(-122.423001999489 37.7767477208701),POINT(-122.423123063291 37.7768755165176),"POLYGON((-122.4246758 37.7768055, -122.4246221 37.7765172, -122.4229484 37.7767334, -122.4230182 37.7770217, -122.4246758 37.7768055))",polygon3
Pickup,3,19,POINT(-122.426492832429 37.7764272114263),POINT(-122.425817539259 37.7767631626712),"POLYGON((-122.4279642 37.7763815, -122.4279159 37.7761441, -122.4262636 37.7763518, -122.4263119 37.7766275, -122.4279642 37.7763815))",polygon1
Dropoff,2,8,POINT(-122.423864133169 37.7767650064983),POINT(-122.423895068575 37.7766462971795),"POLYGON((-122.4246758 37.7768055, -122.4246221 37.7765172, -122.4229484 37.7767334, -122.4230182 37.7770217, -122.4246758 37.7768055))",polygon3
Pickup,7,22,POINT(-122.425942661086 37.7765363877665),POINT(-122.426045402584 37.7766179779217),"POLYGON((-122.4263119 37.7766275, -122.4262636 37.7763518, -122.4246221 37.7765172, -122.4246758 37.7768055, -122.4263119 37.7766275))",polygon2
Pickup,1,11,POINT(-122.426284066636 37.776333305778),POINT(-122.426127924068 37.7764266971304),"POLYGON((-122.4263119 37.7766275, -122.4262636 37.7763518, -122.4246221 37.7765172, -122.4246758 37.7768055, -122.4263119 37.7766275))",polygon2
Dropoff,1,21,POINT(-122.423001999489 37.7767477208701),POINT(-122.423604119858 37.7766909977582),"POLYGON((-122.4246758 37.7768055, -122.4246221 37.7765172, -122.4229484 37.7767334, -122.4230182 37.7770217, -122.4246758 37.7768055))",polygon3
Pickup,1,19,POINT(-122.425942661086 37.7765363877665),POINT(-122.426045402584 37.7766179779217),"POLYGON((-122.4263119 37.7766275, -122.4262636 37.7763518, -122.4246221 37.7765172, -122.4246758 37.7768055, -122.4263119 37.7766275))",polygon2
Dropoff,1,9,POINT(-122.424655057037 37.7768302824437),POINT(-122.424799709135 37.7767751050329),"POLYGON((-122.4263119 37.7766275, -122.4262636 37.7763518, -122.4246221 37.7765172, -122.4246758 37.7768055, -122.4263119 37.7766275))",polygon2
Pickup,5,13,POINT(-122.424387700723 37.7766938332243),POINT(-122.424335421855 37.7767592752608),"POLYGON((-122.4246758 37.7768055, -122.4246221 37.7765172, -122.4229484 37.7767334, -122.4230182 37.7770217, -122.4246758 37.7768055))",polygon3
Pickup,1,15,POINT(-122.424655057037 37.7768302824437),POINT(-122.424445509886 37.7765856150255),"POLYGON((-122.4246758 37.7768055, -122.4246221 37.7765172, -122.4229484 37.7767334, -122.4230182 37.7770217, -122.4246758 37.7768055))",polygon3
Pickup,1,22,POINT(-122.423209475626 37.776820223827),POINT(-122.423072771279 37.7770874185975),"POLYGON((-122.4246758 37.7768055, -122.4246221 37.7765172, -122.4229484 37.7767334, -122.4230182 37.7770217, -122.4246758 37.7768055))",polygon3
Dropoff,5,17,POINT(-122.422292291468 37.7769560284288),POINT(-122.422266021896 37.7768752677252),"POLYGON((-122.4230182 37.7770217, -122.4229484 37.7767334, -122.421323 37.7769666, -122.4213874 37.7772422, -122.4230182 37.7770217))",polygon4
Pickup,6,21,POINT(-122.424655057037 37.7768302824437),POINT(-122.424637601991 37.7765860746122),"POLYGON((-122.4263119 37.7766275, -122.4262636 37.7763518, -122.4246221 37.7765172, -122.4246758 37.7768055, -122.4263119 37.7766275))",polygon2
Pickup,2,22,POINT(-122.424463224198 37.7766844176431),POINT(-122.424459076457 37.7766302964243),"POLYGON((-122.4246758 37.7768055, -122.4246221 37.7765172, -122.4229484 37.7767334, -122.4230182 37.7770217, -122.4246758 37.7768055))",polygon3
Pickup,7,15,POINT(-122.424726778234 37.7769542755059),POINT(-122.424909191803 37.7765300221144),"POLYGON((-122.4263119 37.7766275, -122.4262636 37.7763518, -122.4246221 37.7765172, -122.4246758 37.7768055, -122.4263119 37.7766275))",polygon2
Dropoff,5,17,POINT(-122.426284066636 37.776333305778),POINT(-122.425557703608 37.7766774756103),"POLYGON((-122.4263119 37.7766275, -122.4262636 37.7763518, -122.4246221 37.7765172, -122.4246758 37.7768055, -122.4263119 37.7766275))",polygon2
Pickup,3,17,POINT(-122.423367091543 37.7768286725309),POINT(-122.423387571225 37.7769839126038),"POLYGON((-122.4246758 37.7768055, -122.4246221 37.7765172, -122.4229484 37.7767334, -122.4230182 37.7770217, -122.4246758 37.7768055))",polygon3
Pickup,3,22,POINT(-122.425686541386 37.7765724914371),POINT(-122.425693799847 37.7765802186135),"POLYGON((-122.4263119 37.7766275, -122.4262636 37.7763518, -122.4246221 37.7765172, -122.4246758 37.7768055, -122.4263119 37.7766275))",polygon2
Pickup,5,19,POINT(-122.425922268312 37.7765392434072),POINT(-122.425926415995 37.7765243729812),"POLYGON((-122.4263119 37.7766275, -122.4262636 37.7763518, -122.4246221 37.7765172, -122.4246758 37.7768055, -122.4263119 37.7766275))",polygon2
Pickup,7,15,POINT(-122.425212839269 37.776634806121),POINT(-122.425807861321 37.7766165256066),"POLYGON((-122.4263119 37.7766275, -122.4262636 37.7763518, -122.4246221 37.7765172, -122.4246758 37.7768055, -122.4263119 37.7766275))",polygon2
Dropoff,6,18,POINT(-122.422733688425 37.7764490718287),POINT(-122.42254081512 37.7768266710287),"POLYGON((-122.4230182 37.7770217, -122.4229484 37.7767334, -122.421323 37.7769666, -122.4213874 37.7772422, -122.4230182 37.7770217))",polygon4
Pickup,5,20,POINT(-122.425942661086 37.7765363877665),POINT(-122.426094397023 37.7765459849246),"POLYGON((-122.4263119 37.7766275, -122.4262636 37.7763518, -122.4246221 37.7765172, -122.4246758 37.7768055, -122.4263119 37.7766275))",polygon2
Pickup,1,0,POINT(-122.422732219409 37.7768991019104),POINT(-122.422896489809 37.7768285884623),"POLYGON((-122.4230182 37.7770217, -122.4229484 37.7767334, -122.421323 37.7769666, -122.4213874 37.7772422, -122.4230182 37.7770217))",polygon4
Dropoff,6,18,POINT(-122.424849741087 37.7766378002019),POINT(-122.424776896631 37.7765500656232),"POLYGON((-122.4263119 37.7766275, -122.4262636 37.7763518, -122.4246221 37.7765172, -122.4246758 37.7768055, -122.4263119 37.7766275))",polygon2
Dropoff,1,19,POINT(-122.42483021221 37.7766853906467),POINT(-122.424029697972 37.7768991780854),"POLYGON((-122.4263119 37.7766275, -122.4262636 37.7763518, -122.4246221 37.7765172, -122.4246758 37.7768055, -122.4263119 37.7766275))",polygon2
Pickup,3,22,POINT(-122.424655057037 37.7768302824437),POINT(-122.424625504433 37.7765277828562),"POLYGON((-122.4263119 37.7766275, -122.4262636 37.7763518, -122.4246221 37.7765172, -122.4246758 37.7768055, -122.4263119 37.7766275))",polygon2
Pickup,2,21,POINT(-122.42401846446 37.7767878407125),POINT(-122.423816693101 37.7766882864034),"POLYGON((-122.4246758 37.7768055, -122.4246221 37.7765172, -122.4229484 37.7767334, -122.4230182 37.7770217, -122.4246758 37.7768055))",polygon3
Pickup,5,18,POINT(-122.426492832429 37.7764272114263),POINT(-122.425875693276 37.7767451300797),"POLYGON((-122.4279642 37.7763815, -122.4279159 37.7761441, -122.4262636 37.7763518, -122.4263119 37.7766275, -122.4279642 37.7763815))",polygon1
Pickup,7,15,POINT(-122.424655057037 37.7768302824437),POINT(-122.42363591946 37.7769172006618),"POLYGON((-122.4246758 37.7768055, -122.4246221 37.7765172, -122.4229484 37.7767334, -122.4230182 37.7770217, -122.4246758 37.7768055))",polygon3
Pickup,4,13,POINT(-122.426284066636 37.776333305778),POINT(-122.425881223522 37.7766194052092),"POLYGON((-122.4263119 37.7766275, -122.4262636 37.7763518, -122.4246221 37.7765172, -122.4246758 37.7768055, -122.4263119 37.7766275))",polygon2
Pickup,7,11,POINT(-122.425942661086 37.7765363877665),POINT(-122.425943006726 37.7765593269507),"POLYGON((-122.4263119 37.7766275, -122.4262636 37.7763518, -122.4246221 37.7765172, -122.4246758 37.7768055, -122.4263119 37.7766275))",polygon2
Dropoff,4,14,POINT(-122.423330798425 37.7768281299506),POINT(-122.423170330847 37.7769960554717),"POLYGON((-122.4246758 37.7768055, -122.4246221 37.7765172, -122.4229484 37.7767334, -122.4230182 37.7770217, -122.4246758 37.7768055))",polygon3
Dropoff,1,17,POINT(-122.423001999489 37.7767477208701),POINT(-122.423330020715 37.7768900185263),"POLYGON((-122.4246758 37.7768055, -122.4246221 37.7765172, -122.4229484 37.7767334, -122.4230182 37.7770217, -122.4246758 37.7768055))",polygon3
Pickup,6,22,POINT(-122.424655057037 37.7768302824437),POINT(-122.424699126694 37.7765595181101),"POLYGON((-122.4263119 37.7766275, -122.4262636 37.7763518, -122.4246221 37.7765172, -122.4246758 37.7768055, -122.4263119 37.7766275))",polygon2
Pickup,7,14,POINT(-122.424655057037 37.7768302824437),POINT(-122.423752489114 37.7767386394481),"POLYGON((-122.4246758 37.7768055, -122.4246221 37.7765172, -122.4229484 37.7767334, -122.4230182 37.7770217, -122.4246758 37.7768055))",polygon3
Dropoff,1,21,POINT(-122.426284066636 37.776333305778),POINT(-122.426045402584 37.7766179779217),"POLYGON((-122.4263119 37.7766275, -122.4262636 37.7763518, -122.4246221 37.7765172, -122.4246758 37.7768055, -122.4263119 37.7766275))",polygon2
Dropoff,7,11,POINT(-122.424655057037 37.7768302824437),POINT(-122.424799709135 37.7767751050329),"POLYGON((-122.4263119 37.7766275, -122.4262636 37.7763518, -122.4246221 37.7765172, -122.4246758 37.7768055, -122.4263119 37.7766275))",polygon2
Pickup,5,15,POINT(-122.424655057037 37.7768302824437),POINT(-122.424946780538 37.7767580772773),"POLYGON((-122.4263119 37.7766275, -122.4262636 37.7763518, -122.4246221 37.7765172, -122.4246758 37.7768055, -122.4263119 37.7766275))",polygon2
Dropoff,4,20,POINT(-122.425354034177 37.7765735666938),POINT(-122.42538263606 37.7764701879546),"POLYGON((-122.4263119 37.7766275, -122.4262636 37.7763518, -122.4246221 37.7765172, -122.4246758 37.7768055, -122.4263119 37.7766275))",polygon2
Dropoff,5,19,POINT(-122.42655893575 37.7764185104574),POINT(-122.426529383682 37.7762606843251),"POLYGON((-122.4279642 37.7763815, -122.4279159 37.7761441, -122.4262636 37.7763518, -122.4263119 37.7766275, -122.4279642 37.7763815))",polygon1
Dropoff,1,0,POINT(-122.422042211789 37.7770437703056),POINT(-122.421991227953 37.7772396007505),"POLYGON((-122.4230182 37.7770217, -122.4229484 37.7767334, -122.421323 37.7769666, -122.4213874 37.7772422, -122.4230182 37.7770217))",polygon4
Pickup,6,19,POINT(-122.423001999489 37.7767477208701),POINT(-122.423196600193 37.7769892121714),"POLYGON((-122.4246758 37.7768055, -122.4246221 37.7765172, -122.4229484 37.7767334, -122.4230182 37.7770217, -122.4246758 37.7768055))",polygon3
Pickup,7,14,POINT(-122.425200828187 37.7765932089297),POINT(-122.425204630256 37.7765996002103),"POLYGON((-122.4263119 37.7766275, -122.4262636 37.7763518, -122.4246221 37.7765172, -122.4246758 37.7768055, -122.4263119 37.7766275))",polygon2
Pickup,2,19,POINT(-122.422546086304 37.7769790287345),POINT(-122.422552135203 37.7770192617324),"POLYGON((-122.4230182 37.7770217, -122.4229484 37.7767334, -122.421323 37.7769666, -122.4213874 37.7772422, -122.4230182 37.7770217))",polygon4
Dropoff,7,19,POINT(-122.422733688425 37.7764490718287),POINT(-122.42254081512 37.7768266710287),"POLYGON((-122.4230182 37.7770217, -122.4229484 37.7767334, -122.421323 37.7769666, -122.4213874 37.7772422, -122.4230182 37.7770217))",polygon4
Dropoff,1,13,POINT(-122.424849741087 37.7766378002019),POINT(-122.424776896631 37.7765500656232),"POLYGON((-122.4263119 37.7766275, -122.4262636 37.7763518, -122.4246221 37.7765172, -122.4246758 37.7768055, -122.4263119 37.7766275))",polygon2
Dropoff,6,18,POINT(-122.424655057037 37.7768302824437),POINT(-122.423408482964 37.7767098007088),"POLYGON((-122.4246758 37.7768055, -122.4246221 37.7765172, -122.4229484 37.7767334, -122.4230182 37.7770217, -122.4246758 37.7768055))",polygon3
Pickup,5,1,POINT(-122.424146440012 37.7767715986847),POINT(-122.424379491646 37.7767519730573),"POLYGON((-122.4246758 37.7768055, -122.4246221 37.7765172, -122.4229484 37.7767334, -122.4230182 37.7770217, -122.4246758 37.7768055))",polygon3
Pickup,3,6,POINT(-122.426240775333 37.7763211770386),POINT(-122.42572698138 37.7766432929754),"POLYGON((-122.4263119 37.7766275, -122.4262636 37.7763518, -122.4246221 37.7765172, -122.4246758 37.7768055, -122.4263119 37.7766275))",polygon2
Dropoff,4,18,POINT(-122.421163385249 37.7770887404333),POINT(-122.422110737483 37.7771039747568),"POLYGON((-122.4230182 37.7770217, -122.4229484 37.7767334, -122.421323 37.7769666, -122.4213874 37.7772422, -122.4230182 37.7770217))",polygon4
Dropoff,6,15,POINT(-122.427618484207 37.7763234139178),POINT(-122.42763058142 37.7764144910363),"POLYGON((-122.4279642 37.7763815, -122.4279159 37.7761441, -122.4262636 37.7763518, -122.4263119 37.7766275, -122.4279642 37.7763815))",polygon1
Pickup,6,0,POINT(-122.424387700723 37.7766938332243),POINT(-122.424337927785 37.7768358565774),"POLYGON((-122.4246758 37.7768055, -122.4246221 37.7765172, -122.4229484 37.7767334, -122.4230182 37.7770217, -122.4246758 37.7768055))",polygon3
Pickup,4,9,POINT(-122.425881396342 37.776544981255),POINT(-122.426047476423 37.7767162827758),"POLYGON((-122.4263119 37.7766275, -122.4262636 37.7763518, -122.4246221 37.7765172, -122.4246758 37.7768055, -122.4263119 37.7766275))",polygon2
Dropoff,1,16,POINT(-122.426457490898 37.7764721777419),POINT(-122.426045402584 37.7766179779217),"POLYGON((-122.4279642 37.7763815, -122.4279159 37.7761441, -122.4262636 37.7763518, -122.4263119 37.7766275, -122.4279642 37.7763815))",polygon1
Dropoff,1,16,POINT(-122.426457490898 37.7764721777419),POINT(-122.426045402584 37.7766179779217),"POLYGON((-122.4263119 37.7766275, -122.4262636 37.7763518, -122.4246221 37.7765172, -122.4246758 37.7768055, -122.4263119 37.7766275))",polygon2
Dropoff,3,22,POINT(-122.425082359105 37.7766528379882),POINT(-122.425113726206 37.7768079261613),"POLYGON((-122.4263119 37.7766275, -122.4262636 37.7763518, -122.4246221 37.7765172, -122.4246758 37.7768055, -122.4263119 37.7766275))",polygon2
Dropoff,6,10,POINT(-122.423367091543 37.7768286725309),POINT(-122.423389299468 37.7767460165065),"POLYGON((-122.4246758 37.7768055, -122.4246221 37.7765172, -122.4229484 37.7767334, -122.4230182 37.7770217, -122.4246758 37.7768055))",polygon3
Dropoff,1,21,POINT(-122.425942661086 37.7765363877665),POINT(-122.426045402584 37.7766179779217),"POLYGON((-122.4263119 37.7766275, -122.4262636 37.7763518, -122.4246221 37.7765172, -122.4246758 37.7768055, -122.4263119 37.7766275))",polygon2
Pickup,6,0,POINT(-122.424655057037 37.7768302824437),POINT(-122.424674413124 37.7766302222495),"POLYGON((-122.4263119 37.7766275, -122.4262636 37.7763518, -122.4246221 37.7765172, -122.4246758 37.7768055, -122.4263119 37.7766275))",polygon2
Pickup,2,20,POINT(-122.424387700723 37.7766938332243),POINT(-122.424380614993 37.7768528249401),"POLYGON((-122.4246758 37.7768055, -122.4246221 37.7765172, -122.4229484 37.7767334, -122.4230182 37.7770217, -122.4246758 37.7768055))",polygon3
Dropoff,1,11,POINT(-122.425288275739 37.7765820151969),POINT(-122.425259328188 37.7763712946451),"POLYGON((-122.4263119 37.7766275, -122.4262636 37.7763518, -122.4246221 37.7765172, -122.4246758 37.7768055, -122.4263119 37.7766275))",polygon2
Pickup,7,12,POINT(-122.423115718239 37.776394319937),POINT(-122.423085128253 37.7769670805626),"POLYGON((-122.4246758 37.7768055, -122.4246221 37.7765172, -122.4229484 37.7767334, -122.4230182 37.7770217, -122.4246758 37.7768055))",polygon3
Pickup,5,20,POINT(-122.423209475626 37.776820223827),POINT(-122.422907204966 37.7768535006277),"POLYGON((-122.4230182 37.7770217, -122.4229484 37.7767334, -122.421323 37.7769666, -122.4213874 37.7772422, -122.4230182 37.7770217))",polygon4
Pickup,5,20,POINT(-122.423209475626 37.776820223827),POINT(-122.422907204966 37.7768535006277),"POLYGON((-122.4246758 37.7768055, -122.4246221 37.7765172, -122.4229484 37.7767334, -122.4230182 37.7770217, -122.4246758 37.7768055))",polygon3
Pickup,2,21,POINT(-122.426284066636 37.776333305778),POINT(-122.425972213318 37.776536385319),"POLYGON((-122.4263119 37.7766275, -122.4262636 37.7763518, -122.4246221 37.7765172, -122.4246758 37.7768055, -122.4263119 37.7766275))",polygon2
Pickup,2,23,POINT(-122.424387700723 37.7766938332243),POINT(-122.424411809481 37.7768793620711),"POLYGON((-122.4246758 37.7768055, -122.4246221 37.7765172, -122.4229484 37.7767334, -122.4230182 37.7770217, -122.4246758 37.7768055))",polygon3
Dropoff,6,22,POINT(-122.422282094727 37.7770130351663),POINT(-122.422356237109 37.7770804540588),"POLYGON((-122.4230182 37.7770217, -122.4229484 37.7767334, -122.421323 37.7769666, -122.4213874 37.7772422, -122.4230182 37.7770217))",polygon4
Pickup,1,22,POINT(-122.423209475626 37.776820223827),POINT(-122.422531482532 37.7769169267837),"POLYGON((-122.4230182 37.7770217, -122.4229484 37.7767334, -122.421323 37.7769666, -122.4213874 37.7772422, -122.4230182 37.7770217))",polygon4
Pickup,1,22,POINT(-122.423209475626 37.776820223827),POINT(-122.422531482532 37.7769169267837),"POLYGON((-122.4246758 37.7768055, -122.4246221 37.7765172, -122.4229484 37.7767334, -122.4230182 37.7770217, -122.4246758 37.7768055))",polygon3
Dropoff,1,18,POINT(-122.425101023827 37.7771043001492),POINT(-122.424897871975 37.7765207086951),"POLYGON((-122.4263119 37.7766275, -122.4262636 37.7763518, -122.4246221 37.7765172, -122.4246758 37.7768055, -122.4263119 37.7766275))",polygon2
Pickup,3,21,POINT(-122.425881396342 37.776544981255),POINT(-122.425864200731 37.776512612359),"POLYGON((-122.4263119 37.7766275, -122.4262636 37.7763518, -122.4246221 37.7765172, -122.4246758 37.7768055, -122.4263119 37.7766275))",polygon2
Pickup,5,7,POINT(-122.421342521285 37.7772425193096),POINT(-122.422189805535 37.7770915082676),"POLYGON((-122.4230182 37.7770217, -122.4229484 37.7767334, -122.421323 37.7769666, -122.4213874 37.7772422, -122.4230182 37.7770217))",polygon4
Pickup,6,21,POINT(-122.424261972162 37.776248177885),POINT(-122.424536500927 37.7765369825822),"POLYGON((-122.4246758 37.7768055, -122.4246221 37.7765172, -122.4229484 37.7767334, -122.4230182 37.7770217, -122.4246758 37.7768055))",polygon3
Pickup,1,17,POINT(-122.425735103941 37.7765233133628),POINT(-122.425740979836 37.7765058757915),"POLYGON((-122.4263119 37.7766275, -122.4262636 37.7763518, -122.4246221 37.7765172, -122.4246758 37.7768055, -122.4263119 37.7766275))",polygon2
Pickup,7,15,POINT(-122.424655057037 37.7768302824437),POINT(-122.423661929453 37.7768330119449),"POLYGON((-122.4246758 37.7768055, -122.4246221 37.7765172, -122.4229484 37.7767334, -122.4230182 37.7770217, -122.4246758 37.7768055))",polygon3
Pickup,7,0,POINT(-122.424146440012 37.7767715986847),POINT(-122.424290228697 37.7768130143241),"POLYGON((-122.4246758 37.7768055, -122.4246221 37.7765172, -122.4229484 37.7767334, -122.4230182 37.7770217, -122.4246758 37.7768055))",polygon3
Pickup,1,14,POINT(-122.425942661086 37.7765363877665),POINT(-122.426152723706 37.7765447651503),"POLYGON((-122.4263119 37.7766275, -122.4262636 37.7763518, -122.4246221 37.7765172, -122.4246758 37.7768055, -122.4263119 37.7766275))",polygon2
Dropoff,2,15,POINT(-122.42332198438 37.7768290232458),POINT(-122.42313325995 37.7767721273771),"POLYGON((-122.4246758 37.7768055, -122.4246221 37.7765172, -122.4229484 37.7767334, -122.4230182 37.7770217, -122.4246758 37.7768055))",polygon3
Pickup,4,22,POINT(-122.422610463854 37.7769710798452),POINT(-122.422609426901 37.7769546777522),"POLYGON((-122.4230182 37.7770217, -122.4229484 37.7767334, -122.421323 37.7769666, -122.4213874 37.7772422, -122.4230182 37.7770217))",polygon4
Dropoff,3,18,POINT(-122.422732219409 37.7768991019104),POINT(-122.422814397848 37.776811887749),"POLYGON((-122.4230182 37.7770217, -122.4229484 37.7767334, -122.421323 37.7769666, -122.4213874 37.7772422, -122.4230182 37.7770217))",polygon4
Pickup,5,14,POINT(-122.424655057037 37.7768302824437),POINT(-122.424585582482 37.7766177045131),"POLYGON((-122.4246758 37.7768055, -122.4246221 37.7765172, -122.4229484 37.7767334, -122.4230182 37.7770217, -122.4246758 37.7768055))",polygon3
Dropoff,1,0,POINT(-122.421342521285 37.7772425193096),POINT(-122.422101836922 37.77709966012),"POLYGON((-122.4230182 37.7770217, -122.4229484 37.7767334, -122.421323 37.7769666, -122.4213874 37.7772422, -122.4230182 37.7770217))",polygon4
Pickup,2,18,POINT(-122.42483021221 37.7766853906467),POINT(-122.424380614993 37.7768528249401),"POLYGON((-122.4263119 37.7766275, -122.4262636 37.7763518, -122.4246221 37.7765172, -122.4246758 37.7768055, -122.4263119 37.7766275))",polygon2
Pickup,6,23,POINT(-122.424849741087 37.7766378002019),POINT(-122.424737579614 37.7763838266664),"POLYGON((-122.4263119 37.7766275, -122.4262636 37.7763518, -122.4246221 37.7765172, -122.4246758 37.7768055, -122.4263119 37.7766275))",polygon2
Pickup,1,21,POINT(-122.422733688425 37.7764490718287),POINT(-122.422663175645 37.7769337128625),"POLYGON((-122.4230182 37.7770217, -122.4229484 37.7767334, -122.421323 37.7769666, -122.4213874 37.7772422, -122.4230182 37.7770217))",polygon4
Dropoff,4,22,POINT(-122.425642817785 37.7765785973798),POINT(-122.425663815485 37.7767082310155),"POLYGON((-122.4263119 37.7766275, -122.4262636 37.7763518, -122.4246221 37.7765172, -122.4246758 37.7768055, -122.4263119 37.7766275))",polygon2
Dropoff,5,1,POINT(-122.42483021221 37.7766853906467),POINT(-122.424796771161 37.7767760086677),"POLYGON((-122.4263119 37.7766275, -122.4262636 37.7763518, -122.4246221 37.7765172, -122.4246758 37.7768055, -122.4263119 37.7766275))",polygon2
Pickup,1,9,POINT(-122.423001999489 37.7767477208701),POINT(-122.42310958296 37.7768587248504),"POLYGON((-122.4246758 37.7768055, -122.4246221 37.7765172, -122.4229484 37.7767334, -122.4230182 37.7770217, -122.4246758 37.7768055))",polygon3
Dropoff,3,17,POINT(-122.423425333329 37.7768612136313),POINT(-122.423176811772 37.7770403719393),"POLYGON((-122.4246758 37.7768055, -122.4246221 37.7765172, -122.4229484 37.7767334, -122.4230182 37.7770217, -122.4246758 37.7768055))",polygon3
Pickup,3,22,POINT(-122.42483021221 37.7766853906467),POINT(-122.424378973178 37.7767261788574),"POLYGON((-122.4246758 37.7768055, -122.4246221 37.7765172, -122.4229484 37.7767334, -122.4230182 37.7770217, -122.4246758 37.7768055))",polygon3
Pickup,3,22,POINT(-122.42483021221 37.7766853906467),POINT(-122.424378973178 37.7767261788574),"POLYGON((-122.4263119 37.7766275, -122.4262636 37.7763518, -122.4246221 37.7765172, -122.4246758 37.7768055, -122.4263119 37.7766275))",polygon2
Pickup,3,18,POINT(-122.426284066636 37.776333305778),POINT(-122.42610822261 37.7765572898833),"POLYGON((-122.4263119 37.7766275, -122.4262636 37.7763518, -122.4246221 37.7765172, -122.4246758 37.7768055, -122.4263119 37.7766275))",polygon2
Pickup,5,12,POINT(-122.427052505894 37.7763577826516),POINT(-122.427053974849 37.7763180736842),"POLYGON((-122.4279642 37.7763815, -122.4279159 37.7761441, -122.4262636 37.7763518, -122.4263119 37.7766275, -122.4279642 37.7763815))",polygon1
Dropoff,6,18,POINT(-122.425866706624 37.7765055894921),POINT(-122.426005394763 37.7763402883653),"POLYGON((-122.4263119 37.7766275, -122.4262636 37.7763518, -122.4246221 37.7765172, -122.4246758 37.7768055, -122.4263119 37.7766275))",polygon2
Dropoff,2,20,POINT(-122.424387700723 37.7766938332243),POINT(-122.424380614993 37.7768528249401),"POLYGON((-122.4246758 37.7768055, -122.4246221 37.7765172, -122.4229484 37.7767334, -122.4230182 37.7770217, -122.4246758 37.7768055))",polygon3
Dropoff,6,22,POINT(-122.424655057037 37.7768302824437),POINT(-122.424319867807 37.7768448280664),"POLYGON((-122.4246758 37.7768055, -122.4246221 37.7765172, -122.4229484 37.7767334, -122.4230182 37.7770217, -122.4246758 37.7768055))",polygon3
Pickup,5,15,POINT(-122.426457490898 37.7764721777419),POINT(-122.426249502723 37.7765538182561),"POLYGON((-122.4279642 37.7763815, -122.4279159 37.7761441, -122.4262636 37.7763518, -122.4263119 37.7766275, -122.4279642 37.7763815))",polygon1
Pickup,5,15,POINT(-122.426457490898 37.7764721777419),POINT(-122.426249502723 37.7765538182561),"POLYGON((-122.4263119 37.7766275, -122.4262636 37.7763518, -122.4246221 37.7765172, -122.4246758 37.7768055, -122.4263119 37.7766275))",polygon2
Pickup,6,9,POINT(-122.424849741087 37.7766378002019),POINT(-122.424735937805 37.776549068539),"POLYGON((-122.4263119 37.7766275, -122.4262636 37.7763518, -122.4246221 37.7765172, -122.4246758 37.7768055, -122.4263119 37.7766275))",polygon2
Dropoff,5,9,POINT(-122.423425333329 37.7768612136313),POINT(-122.422350188199 37.7770882030583),"POLYGON((-122.4230182 37.7770217, -122.4229484 37.7767334, -122.421323 37.7769666, -122.4213874 37.7772422, -122.4230182 37.7770217))",polygon4
Dropoff,5,9,POINT(-122.423425333329 37.7768612136313),POINT(-122.422350188199 37.7770882030583),"POLYGON((-122.4246758 37.7768055, -122.4246221 37.7765172, -122.4229484 37.7767334, -122.4230182 37.7770217, -122.4246758 37.7768055))",polygon3
Dropoff,4,6,POINT(-122.422468314713 37.7769330821565),POINT(-122.422439798449 37.7767723152629),"POLYGON((-122.4230182 37.7770217, -122.4229484 37.7767334, -122.421323 37.7769666, -122.4213874 37.7772422, -122.4230182 37.7770217))",polygon4
Pickup,2,21,POINT(-122.424387700723 37.7766938332243),POINT(-122.424380614993 37.7768528249401),"POLYGON((-122.4246758 37.7768055, -122.4246221 37.7765172, -122.4229484 37.7767334, -122.4230182 37.7770217, -122.4246758 37.7768055))",polygon3
Pickup,1,19,POINT(-122.424726778234 37.7769542755059),POINT(-122.424242961645 37.7767738998793),"POLYGON((-122.4246758 37.7768055, -122.4246221 37.7765172, -122.4229484 37.7767334, -122.4230182 37.7770217, -122.4246758 37.7768055))",polygon3
Dropoff,1,12,POINT(-122.422733688425 37.7764490718287),POINT(-122.422814397848 37.776811887749),"POLYGON((-122.4230182 37.7770217, -122.4229484 37.7767334, -122.421323 37.7769666, -122.4213874 37.7772422, -122.4230182 37.7770217))",polygon4
Pickup,2,18,POINT(-122.424387700723 37.7766938332243),POINT(-122.424380614993 37.7768528249401),"POLYGON((-122.4246758 37.7768055, -122.4246221 37.7765172, -122.4229484 37.7767334, -122.4230182 37.7770217, -122.4246758 37.7768055))",polygon3
Dropoff,3,18,POINT(-122.423864133169 37.7767650064983),POINT(-122.424029697972 37.7768991780854),"POLYGON((-122.4246758 37.7768055, -122.4246221 37.7765172, -122.4229484 37.7767334, -122.4230182 37.7770217, -122.4246758 37.7768055))",polygon3
Pickup,1,22,POINT(-122.424387700723 37.7766938332243),POINT(-122.424394786452 37.7767513400599),"POLYGON((-122.4246758 37.7768055, -122.4246221 37.7765172, -122.4229484 37.7767334, -122.4230182 37.7770217, -122.4246758 37.7768055))",polygon3
Pickup,7,23,POINT(-122.424655057037 37.7768302824437),POINT(-122.424626541367 37.7765434577997),"POLYGON((-122.4246758 37.7768055, -122.4246221 37.7765172, -122.4229484 37.7767334, -122.4230182 37.7770217, -122.4246758 37.7768055))",polygon3
Pickup,5,21,POINT(-122.424655057037 37.7768302824437),POINT(-122.424581521157 37.776745813906),"POLYGON((-122.4246758 37.7768055, -122.4246221 37.7765172, -122.4229484 37.7767334, -122.4230182 37.7770217, -122.4246758 37.7768055))",polygon3
Dropoff,1,9,POINT(-122.424726778234 37.7769542755059),POINT(-122.424799709135 37.7767751050329),"POLYGON((-122.4263119 37.7766275, -122.4262636 37.7763518, -122.4246221 37.7765172, -122.4246758 37.7768055, -122.4263119 37.7766275))",polygon2
Pickup,4,21,POINT(-122.426492832429 37.7764272114263),POINT(-122.426103470065 37.7766086956446),"POLYGON((-122.4279642 37.7763815, -122.4279159 37.7761441, -122.4262636 37.7763518, -122.4263119 37.7766275, -122.4279642 37.7763815))",polygon1
Pickup,4,21,POINT(-122.426492832429 37.7764272114263),POINT(-122.426103470065 37.7766086956446),"POLYGON((-122.4263119 37.7766275, -122.4262636 37.7763518, -122.4246221 37.7765172, -122.4246758 37.7768055, -122.4263119 37.7766275))",polygon2
Pickup,7,11,POINT(-122.424655057037 37.7768302824437),POINT(-122.42378472073 37.7769037141877),"POLYGON((-122.4246758 37.7768055, -122.4246221 37.7765172, -122.4229484 37.7767334, -122.4230182 37.7770217, -122.4246758 37.7768055))",polygon3
Pickup,2,11,POINT(-122.424973567904 37.7766673974795),POINT(-122.424965790928 37.776672188534),"POLYGON((-122.4263119 37.7766275, -122.4262636 37.7763518, -122.4246221 37.7765172, -122.4246758 37.7768055, -122.4263119 37.7766275))",polygon2
Dropoff,6,0,POINT(-122.422512298875 37.7769274794115),POINT(-122.42254081512 37.7768266710287),"POLYGON((-122.4230182 37.7770217, -122.4229484 37.7767334, -122.421323 37.7769666, -122.4213874 37.7772422, -122.4230182 37.7770217))",polygon4
Pickup,1,18,POINT(-122.422805238109 37.7773888149194),POINT(-122.422662570755 37.7769320086933),"POLYGON((-122.4230182 37.7770217, -122.4229484 37.7767334, -122.421323 37.7769666, -122.4213874 37.7772422, -122.4230182 37.7770217))",polygon4
Pickup,1,19,POINT(-122.425113207741 37.7766043103469),POINT(-122.424929584774 37.7764625370054),"POLYGON((-122.4263119 37.7766275, -122.4262636 37.7763518, -122.4246221 37.7765172, -122.4246758 37.7768055, -122.4263119 37.7766275))",polygon2
Pickup,7,6,POINT(-122.425642817785 37.7765785973798),POINT(-122.425702008821 37.7767025901601),"POLYGON((-122.4263119 37.7766275, -122.4262636 37.7763518, -122.4246221 37.7765172, -122.4246758 37.7768055, -122.4263119 37.7766275))",polygon2
Dropoff,1,9,POINT(-122.423001999489 37.7767477208701),POINT(-122.423604119858 37.7766909977582),"POLYGON((-122.4246758 37.7768055, -122.4246221 37.7765172, -122.4229484 37.7767334, -122.4230182 37.7770217, -122.4246758 37.7768055))",polygon3
Pickup,3,6,POINT(-122.425730092148 37.7765665113315),POINT(-122.42573847394 37.77661271414),"POLYGON((-122.4263119 37.7766275, -122.4262636 37.7763518, -122.4246221 37.7765172, -122.4246758 37.7768055, -122.4263119 37.7766275))",polygon2
Dropoff,4,17,POINT(-122.422631894225 37.7769684875319),POINT(-122.422654707195 37.7771086888349),"POLYGON((-122.4230182 37.7770217, -122.4229484 37.7767334, -122.421323 37.7769666, -122.4213874 37.7772422, -122.4230182 37.7770217))",polygon4
Pickup,4,19,POINT(-122.424463224198 37.7766844176431),POINT(-122.424370504867 37.7766938150225),"POLYGON((-122.4246758 37.7768055, -122.4246221 37.7765172, -122.4229484 37.7767334, -122.4230182 37.7770217, -122.4246758 37.7768055))",polygon3
Pickup,2,7,POINT(-122.423608786105 37.7767970128174),POINT(-122.423553482428 37.7763954158373),"POLYGON((-122.4246758 37.7768055, -122.4246221 37.7765172, -122.4229484 37.7767334, -122.4230182 37.7770217, -122.4246758 37.7768055))",polygon3
Pickup,7,20,POINT(-122.425113207741 37.7766043103469),POINT(-122.424984887725 37.7765769676344),"POLYGON((-122.4263119 37.7766275, -122.4262636 37.7763518, -122.4246221 37.7765172, -122.4246758 37.7768055, -122.4263119 37.7766275))",polygon2
Pickup,6,17,POINT(-122.422733688425 37.7764490718287),POINT(-122.422950584056 37.7769289260419),"POLYGON((-122.4230182 37.7770217, -122.4229484 37.7767334, -122.421323 37.7769666, -122.4213874 37.7772422, -122.4230182 37.7770217))",polygon4
Dropoff,6,9,POINT(-122.424655057037 37.7768302824437),POINT(-122.424799709135 37.7767751050329),"POLYGON((-122.4263119 37.7766275, -122.4262636 37.7763518, -122.4246221 37.7765172, -122.4246758 37.7768055, -122.4263119 37.7766275))",polygon2
Pickup,1,14,POINT(-122.423110101434 37.7772568141473),POINT(-122.423837431931 37.7768684551019),"POLYGON((-122.4246758 37.7768055, -122.4246221 37.7765172, -122.4229484 37.7767334, -122.4230182 37.7770217, -122.4246758 37.7768055))",polygon3
Dropoff,6,16,POINT(-122.425860917147 37.7765480088597),POINT(-122.425876816607 37.7766113098717),"POLYGON((-122.4263119 37.7766275, -122.4262636 37.7763518, -122.4246221 37.7765172, -122.4246758 37.7768055, -122.4263119 37.7766275))",polygon2
Pickup,6,18,POINT(-122.426268599287 37.7762551139851),POINT(-122.426285362783 37.7764697987568),"POLYGON((-122.4279642 37.7763815, -122.4279159 37.7761441, -122.4262636 37.7763518, -122.4263119 37.7766275, -122.4279642 37.7763815))",polygon1
Pickup,5,21,POINT(-122.42373650292 37.7767812145462),POINT(-122.423742638163 37.7767775101115),"POLYGON((-122.4246758 37.7768055, -122.4246221 37.7765172, -122.4229484 37.7767334, -122.4230182 37.7770217, -122.4246758 37.7768055))",polygon3
Dropoff,3,9,POINT(-122.424726778234 37.7769542755059),POINT(-122.424796771161 37.7767760086677),"POLYGON((-122.4263119 37.7766275, -122.4262636 37.7763518, -122.4246221 37.7765172, -122.4246758 37.7768055, -122.4263119 37.7766275))",polygon2
Dropoff,6,17,POINT(-122.425648520864 37.7765348959759),POINT(-122.425618709309 37.7763708237297),"POLYGON((-122.4263119 37.7766275, -122.4262636 37.7763518, -122.4246221 37.7765172, -122.4246758 37.7768055, -122.4263119 37.7766275))",polygon2
Dropoff,4,19,POINT(-122.42332198438 37.7768290232458),POINT(-122.423176811772 37.7770403719393),"POLYGON((-122.4246758 37.7768055, -122.4246221 37.7765172, -122.4229484 37.7767334, -122.4230182 37.7770217, -122.4246758 37.7768055))",polygon3
Pickup,4,17,POINT(-122.424655057037 37.7768302824437),POINT(-122.424809300755 37.7767478007337),"POLYGON((-122.4263119 37.7766275, -122.4262636 37.7763518, -122.4246221 37.7765172, -122.4246758 37.7768055, -122.4263119 37.7766275))",polygon2
Pickup,3,21,POINT(-122.423403039 37.7768640718708),POINT(-122.423106126465 37.7768073712778),"POLYGON((-122.4246758 37.7768055, -122.4246221 37.7765172, -122.4229484 37.7767334, -122.4230182 37.7770217, -122.4246758 37.7768055))",polygon3
Pickup,6,20,POINT(-122.423001999489 37.7767477208701),POINT(-122.423143629433 37.7766441123334),"POLYGON((-122.4246758 37.7768055, -122.4246221 37.7765172, -122.4229484 37.7767334, -122.4230182 37.7770217, -122.4246758 37.7768055))",polygon3
Dropoff,7,17,POINT(-122.423137580568 37.776391521998),POINT(-122.423408482964 37.7767098007088),"POLYGON((-122.4246758 37.7768055, -122.4246221 37.7765172, -122.4229484 37.7767334, -122.4230182 37.7770217, -122.4246758 37.7768055))",polygon3
Pickup,7,23,POINT(-122.426523075784 37.7764645813346),POINT(-122.425841388458 37.7766749135076),"POLYGON((-122.4279642 37.7763815, -122.4279159 37.7761441, -122.4262636 37.7763518, -122.4263119 37.7766275, -122.4279642 37.7763815))",polygon1
Pickup,7,23,POINT(-122.426523075784 37.7764645813346),POINT(-122.425841388458 37.7766749135076),"POLYGON((-122.4263119 37.7766275, -122.4262636 37.7763518, -122.4246221 37.7765172, -122.4246758 37.7768055, -122.4263119 37.7766275))",polygon2
Pickup,4,20,POINT(-122.423425333329 37.7768612136313),POINT(-122.423005369575 37.7768384317808),"POLYGON((-122.4246758 37.7768055, -122.4246221 37.7765172, -122.4229484 37.7767334, -122.4230182 37.7770217, -122.4246758 37.7768055))",polygon3
Dropoff,7,15,POINT(-122.425384277859 37.7766123184562),POINT(-122.425419965394 37.7767606249844),"POLYGON((-122.4263119 37.7766275, -122.4262636 37.7763518, -122.4246221 37.7765172, -122.4246758 37.7768055, -122.4263119 37.7766275))",polygon2
Pickup,6,20,POINT(-122.422998629403 37.7767313820286),POINT(-122.422544962937 37.7769310286837),"POLYGON((-122.4230182 37.7770217, -122.4229484 37.7767334, -122.421323 37.7769666, -122.4213874 37.7772422, -122.4230182 37.7770217))",polygon4
Pickup,6,20,POINT(-122.422998629403 37.7767313820286),POINT(-122.422544962937 37.7769310286837),"POLYGON((-122.4246758 37.7768055, -122.4246221 37.7765172, -122.4229484 37.7767334, -122.4230182 37.7770217, -122.4246758 37.7768055))",polygon3
Pickup,6,18,POINT(-122.424242788822 37.7762566951634),POINT(-122.42440843944 37.7765539785332),"POLYGON((-122.4246758 37.7768055, -122.4246221 37.7765172, -122.4229484 37.7767334, -122.4230182 37.7770217, -122.4246758 37.7768055))",polygon3
Dropoff,7,12,POINT(-122.425212839269 37.776634806121),POINT(-122.425217419033 37.7768120914548),"POLYGON((-122.4263119 37.7766275, -122.4262636 37.7763518, -122.4246221 37.7765172, -122.4246758 37.7768055, -122.4263119 37.7766275))",polygon2
Pickup,1,20,POINT(-122.424849741087 37.7766378002019),POINT(-122.42498333233 37.7766055806121),"POLYGON((-122.4263119 37.7766275, -122.4262636 37.7763518, -122.4246221 37.7765172, -122.4246758 37.7768055, -122.4263119 37.7766275))",polygon2
Pickup,4,19,POINT(-122.423581825566 37.7768412183388),POINT(-122.423721467255 37.7769166980924),"POLYGON((-122.4246758 37.7768055, -122.4246221 37.7765172, -122.4229484 37.7767334, -122.4230182 37.7770217, -122.4246758 37.7768055))",polygon3
Pickup,6,14,POINT(-122.425730092148 37.7765665113315),POINT(-122.425732079583 37.7766681145017),"POLYGON((-122.4263119 37.7766275, -122.4262636 37.7763518, -122.4246221 37.7765172, -122.4246758 37.7768055, -122.4263119 37.7766275))",polygon2
Pickup,6,13,POINT(-122.423425333329 37.7768612136313),POINT(-122.42300588805 37.7770567353043),"POLYGON((-122.4246758 37.7768055, -122.4246221 37.7765172, -122.4229484 37.7767334, -122.4230182 37.7770217, -122.4246758 37.7768055))",polygon3
Dropoff,1,17,POINT(-122.421163385249 37.7770887404333),POINT(-122.422110737483 37.7771039747568),"POLYGON((-122.4230182 37.7770217, -122.4229484 37.7767334, -122.421323 37.7769666, -122.4213874 37.7772422, -122.4230182 37.7770217))",polygon4
Pickup,6,19,POINT(-122.424849741087 37.7766378002019),POINT(-122.42448188903 37.7764799166836),"POLYGON((-122.4263119 37.7766275, -122.4262636 37.7763518, -122.4246221 37.7765172, -122.4246758 37.7768055, -122.4263119 37.7766275))",polygon2
Pickup,4,18,POINT(-122.424849741087 37.7766378002019),POINT(-122.424776896631 37.7765500656232),"POLYGON((-122.4263119 37.7766275, -122.4262636 37.7763518, -122.4246221 37.7765172, -122.4246758 37.7768055, -122.4263119 37.7766275))",polygon2
Pickup,2,19,POINT(-122.422803509856 37.7769471141156),POINT(-122.423088757574 37.7770249238477),"POLYGON((-122.4230182 37.7770217, -122.4229484 37.7767334, -122.421323 37.7769666, -122.4213874 37.7772422, -122.4230182 37.7770217))",polygon4
Pickup,7,15,POINT(-122.426377907603 37.7768080239604),POINT(-122.426435629261 37.7765944200518),"POLYGON((-122.4279642 37.7763815, -122.4279159 37.7761441, -122.4262636 37.7763518, -122.4263119 37.7766275, -122.4279642 37.7763815))",polygon1
Dropoff,2,18,POINT(-122.425942661086 37.7765363877665),POINT(-122.426045402584 37.7766179779217),"POLYGON((-122.4263119 37.7766275, -122.4262636 37.7763518, -122.4246221 37.7765172, -122.4246758 37.7768055, -122.4263119 37.7766275))",polygon2
Pickup,5,22,POINT(-122.423001999489 37.7767477208701),POINT(-122.42281120058 37.7769619060329),"POLYGON((-122.4230182 37.7770217, -122.4229484 37.7767334, -122.421323 37.7769666, -122.4213874 37.7772422, -122.4230182 37.7770217))",polygon4
Pickup,5,22,POINT(-122.423001999489 37.7767477208701),POINT(-122.42281120058 37.7769619060329),"POLYGON((-122.4246758 37.7768055, -122.4246221 37.7765172, -122.4229484 37.7767334, -122.4230182 37.7770217, -122.4246758 37.7768055))",polygon3
Pickup,1,14,POINT(-122.425757138545 37.7765203889702),POINT(-122.425730437789 37.7764332206583),"POLYGON((-122.4263119 37.7766275, -122.4262636 37.7763518, -122.4246221 37.7765172, -122.4246758 37.7768055, -122.4263119 37.7766275))",polygon2
Pickup,7,2,POINT(-122.424849741087 37.7766378002019),POINT(-122.424451385854 37.7764785388898),"POLYGON((-122.4263119 37.7766275, -122.4262636 37.7763518, -122.4246221 37.7765172, -122.4246758 37.7768055, -122.4263119 37.7766275))",polygon2
Pickup,4,20,POINT(-122.424018637284 37.7767436589665),POINT(-122.424281069087 37.7768643946194),"POLYGON((-122.4246758 37.7768055, -122.4246221 37.7765172, -122.4229484 37.7767334, -122.4230182 37.7770217, -122.4246758 37.7768055))",polygon3
Pickup,6,21,POINT(-122.424287636355 37.7761765994006),POINT(-122.423847628521 37.7768715711971),"POLYGON((-122.4246758 37.7768055, -122.4246221 37.7765172, -122.4229484 37.7767334, -122.4230182 37.7770217, -122.4246758 37.7768055))",polygon3
Dropoff,5,14,POINT(-122.424655057037 37.7768302824437),POINT(-122.424319867807 37.7768448280664),"POLYGON((-122.4246758 37.7768055, -122.4246221 37.7765172, -122.4229484 37.7767334, -122.4230182 37.7770217, -122.4246758 37.7768055))",polygon3
Pickup,3,19,POINT(-122.42483021221 37.7766853906467),POINT(-122.42447981516 37.7766018172742),"POLYGON((-122.4246758 37.7768055, -122.4246221 37.7765172, -122.4229484 37.7767334, -122.4230182 37.7770217, -122.4246758 37.7768055))",polygon3
Pickup,3,19,POINT(-122.42483021221 37.7766853906467),POINT(-122.42447981516 37.7766018172742),"POLYGON((-122.4263119 37.7766275, -122.4262636 37.7763518, -122.4246221 37.7765172, -122.4246758 37.7768055, -122.4263119 37.7766275))",polygon2
Dropoff,1,11,POINT(-122.425860917147 37.7765480088597),POINT(-122.425889432481 37.7766751845954),"POLYGON((-122.4263119 37.7766275, -122.4262636 37.7763518, -122.4246221 37.7765172, -122.4246758 37.7768055, -122.4263119 37.7766275))",polygon2
Pickup,6,21,POINT(-122.426457490898 37.7764721777419),POINT(-122.426109173119 37.7763005162778),"POLYGON((-122.4279642 37.7763815, -122.4279159 37.7761441, -122.4262636 37.7763518, -122.4263119 37.7766275, -122.4279642 37.7763815))",polygon1
Pickup,5,22,POINT(-122.424446028354 37.7766867258339),POINT(-122.424428486862 37.7767957175151),"POLYGON((-122.4246758 37.7768055, -122.4246221 37.7765172, -122.4229484 37.7767334, -122.4230182 37.7770217, -122.4246758 37.7768055))",polygon3
Pickup,7,22,POINT(-122.424655057037 37.7768302824437),POINT(-122.424286426595 37.7767235276235),"POLYGON((-122.4246758 37.7768055, -122.4246221 37.7765172, -122.4229484 37.7767334, -122.4230182 37.7770217, -122.4246758 37.7768055))",polygon3
Pickup,5,16,POINT(-122.421342521285 37.7772425193096),POINT(-122.422243468081 37.7770640271213),"POLYGON((-122.4230182 37.7770217, -122.4229484 37.7767334, -122.421323 37.7769666, -122.4213874 37.7772422, -122.4230182 37.7770217))",polygon4
Pickup,7,14,POINT(-122.425212839269 37.776634806121),POINT(-122.425204630256 37.7765993821131),"POLYGON((-122.4263119 37.7766275, -122.4262636 37.7763518, -122.4246221 37.7765172, -122.4246758 37.7768055, -122.4263119 37.7766275))",polygon2
Pickup,1,21,POINT(-122.423001999489 37.7767477208701),POINT(-122.423044514416 37.7768698673344),"POLYGON((-122.4246758 37.7768055, -122.4246221 37.7765172, -122.4229484 37.7767334, -122.4230182 37.7770217, -122.4246758 37.7768055))",polygon3
Pickup,5,13,POINT(-122.426457490898 37.7764721777419),POINT(-122.425960980014 37.7764992019022),"POLYGON((-122.4279642 37.7763815, -122.4279159 37.7761441, -122.4262636 37.7763518, -122.4263119 37.7766275, -122.4279642 37.7763815))",polygon1
Pickup,5,13,POINT(-122.426457490898 37.7764721777419),POINT(-122.425960980014 37.7764992019022),"POLYGON((-122.4263119 37.7766275, -122.4262636 37.7763518, -122.4246221 37.7765172, -122.4246758 37.7768055, -122.4263119 37.7766275))",polygon2
Pickup,1,17,POINT(-122.422889922455 37.7773778190985),POINT(-122.422993012592 37.7769637863627),"POLYGON((-122.4230182 37.7770217, -122.4229484 37.7767334, -122.421323 37.7769666, -122.4213874 37.7772422, -122.4230182 37.7770217))",polygon4
Dropoff,2,19,POINT(-122.421342521285 37.7772425193096),POINT(-122.422322017555 37.7770461947908),"POLYGON((-122.4230182 37.7770217, -122.4229484 37.7767334, -122.421323 37.7769666, -122.4213874 37.7772422, -122.4230182 37.7770217))",polygon4
Pickup,7,21,POINT(-122.425860917147 37.7765480088597),POINT(-122.425880100191 37.7767282897894),"POLYGON((-122.4263119 37.7766275, -122.4262636 37.7763518, -122.4246221 37.7765172, -122.4246758 37.7768055, -122.4263119 37.7766275))",polygon2
Pickup,2,15,POINT(-122.424463224198 37.7766844176431),POINT(-122.424549376196 37.7766393817995),"POLYGON((-122.4246758 37.7768055, -122.4246221 37.7765172, -122.4229484 37.7767334, -122.4230182 37.7770217, -122.4246758 37.7768055))",polygon3
Dropoff,6,16,POINT(-122.421148608457 37.7771766722894),POINT(-122.422174337582 37.7771009907977),"POLYGON((-122.4230182 37.7770217, -122.4229484 37.7767334, -122.421323 37.7769666, -122.4213874 37.7772422, -122.4230182 37.7770217))",polygon4
Pickup,5,6,POINT(-122.425642817785 37.7765785973798),POINT(-122.425703477796 37.7767025745233),"POLYGON((-122.4263119 37.7766275, -122.4262636 37.7763518, -122.4246221 37.7765172, -122.4246758 37.7768055, -122.4263119 37.7766275))",polygon2
Pickup,5,21,POINT(-122.426605164845 37.776455034369),POINT(-122.426593585971 37.7764353324094),"POLYGON((-122.4279642 37.7763815, -122.4279159 37.7761441, -122.4262636 37.7763518, -122.4263119 37.7766275, -122.4279642 37.7763815))",polygon1
Pickup,3,22,POINT(-122.424387700723 37.7766938332243),POINT(-122.424293771565 37.7768391141979),"POLYGON((-122.4246758 37.7768055, -122.4246221 37.7765172, -122.4229484 37.7767334, -122.4230182 37.7770217, -122.4246758 37.7768055))",polygon3
Dropoff,1,11,POINT(-122.422733688425 37.7764490718287),POINT(-122.42313325995 37.7767721273771),"POLYGON((-122.4246758 37.7768055, -122.4246221 37.7765172, -122.4229484 37.7767334, -122.4230182 37.7770217, -122.4246758 37.7768055))",polygon3
Pickup,1,16,POINT(-122.424890094992 37.7766780953956),POINT(-122.424853111114 37.7768454827721),"POLYGON((-122.4263119 37.7766275, -122.4262636 37.7763518, -122.4246221 37.7765172, -122.4246758 37.7768055, -122.4263119 37.7766275))",polygon2
Pickup,3,18,POINT(-122.423001999489 37.7767477208701),POINT(-122.422359520803 37.7770297900493),"POLYGON((-122.4230182 37.7770217, -122.4229484 37.7767334, -122.421323 37.7769666, -122.4213874 37.7772422, -122.4230182 37.7770217))",polygon4
Pickup,3,18,POINT(-122.423001999489 37.7767477208701),POINT(-122.422359520803 37.7770297900493),"POLYGON((-122.4246758 37.7768055, -122.4246221 37.7765172, -122.4229484 37.7767334, -122.4230182 37.7770217, -122.4246758 37.7768055))",polygon3
Pickup,2,23,POINT(-122.424655057037 37.7768302824437),POINT(-122.424577287009 37.7768089105108),"POLYGON((-122.4246758 37.7768055, -122.4246221 37.7765172, -122.4229484 37.7767334, -122.4230182 37.7770217, -122.4246758 37.7768055))",polygon3
Pickup,4,20,POINT(-122.426284066636 37.776333305778),POINT(-122.426105889542 37.7765761094598),"POLYGON((-122.4263119 37.7766275, -122.4262636 37.7763518, -122.4246221 37.7765172, -122.4246758 37.7768055, -122.4263119 37.7766275))",polygon2
Dropoff,5,10,POINT(-122.424726778234 37.7769542755059),POINT(-122.425002774767 37.7765249385779),"POLYGON((-122.4263119 37.7766275, -122.4262636 37.7763518, -122.4246221 37.7765172, -122.4246758 37.7768055, -122.4263119 37.7766275))",polygon2
Dropoff,3,11,POINT(-122.424726778234 37.7769542755059),POINT(-122.425002774767 37.7765249385779),"POLYGON((-122.4263119 37.7766275, -122.4262636 37.7763518, -122.4246221 37.7765172, -122.4246758 37.7768055, -122.4263119 37.7766275))",polygon2
Dropoff,6,20,POINT(-122.424655057037 37.7768302824437),POINT(-122.423604119858 37.7766909977582),"POLYGON((-122.4246758 37.7768055, -122.4246221 37.7765172, -122.4229484 37.7767334, -122.4230182 37.7770217, -122.4246758 37.7768055))",polygon3
Dropoff,7,11,POINT(-122.424726778234 37.7769542755059),POINT(-122.424776896631 37.7765500656232),"POLYGON((-122.4263119 37.7766275, -122.4262636 37.7763518, -122.4246221 37.7765172, -122.4246758 37.7768055, -122.4263119 37.7766275))",polygon2
Pickup,7,23,POINT(-122.423001999489 37.7767477208701),POINT(-122.422566479733 37.7769532005333),"POLYGON((-122.4230182 37.7770217, -122.4229484 37.7767334, -122.421323 37.7769666, -122.4213874 37.7772422, -122.4230182 37.7770217))",polygon4
Pickup,7,23,POINT(-122.423001999489 37.7767477208701),POINT(-122.422566479733 37.7769532005333),"POLYGON((-122.4246758 37.7768055, -122.4246221 37.7765172, -122.4229484 37.7767334, -122.4230182 37.7770217, -122.4246758 37.7768055))",polygon3
Dropoff,1,2,POINT(-122.423608786105 37.7767970128174),POINT(-122.423604119858 37.7766909977582),"POLYGON((-122.4246758 37.7768055, -122.4246221 37.7765172, -122.4229484 37.7767334, -122.4230182 37.7770217, -122.4246758 37.7768055))",polygon3
Pickup,1,12,POINT(-122.421342521285 37.7772425193096),POINT(-122.422496917383 37.7768946239344),"POLYGON((-122.4230182 37.7770217, -122.4229484 37.7767334, -122.421323 37.7769666, -122.4213874 37.7772422, -122.4230182 37.7770217))",polygon4
Dropoff,2,15,POINT(-122.426284066636 37.776333305778),POINT(-122.426045402584 37.7766179779217),"POLYGON((-122.4263119 37.7766275, -122.4262636 37.7763518, -122.4246221 37.7765172, -122.4246758 37.7768055, -122.4263119 37.7766275))",polygon2
Dropoff,4,0,POINT(-122.425642817785 37.7765785973798),POINT(-122.425716957793 37.7767043169213),"POLYGON((-122.4263119 37.7766275, -122.4262636 37.7763518, -122.4246221 37.7765172, -122.4246758 37.7768055, -122.4263119 37.7766275))",polygon2
Pickup,4,21,POINT(-122.42332198438 37.7768290232458),POINT(-122.423088671161 37.7769502150866),"POLYGON((-122.4246758 37.7768055, -122.4246221 37.7765172, -122.4229484 37.7767334, -122.4230182 37.7770217, -122.4246758 37.7768055))",polygon3
Pickup,5,19,POINT(-122.423367091543 37.7768286725309),POINT(-122.423426283863 37.7768127940732),"POLYGON((-122.4246758 37.7768055, -122.4246221 37.7765172, -122.4229484 37.7767334, -122.4230182 37.7770217, -122.4246758 37.7768055))",polygon3
Pickup,3,19,POINT(-122.423864133169 37.7767650064983),POINT(-122.423882279637 37.7767831254308),"POLYGON((-122.4246758 37.7768055, -122.4246221 37.7765172, -122.4229484 37.7767334, -122.4230182 37.7770217, -122.4246758 37.7768055))",polygon3
Dropoff,4,14,POINT(-122.422160425064 37.7769730278574),POINT(-122.422128538601 37.776837215489),"POLYGON((-122.4230182 37.7770217, -122.4229484 37.7767334, -122.421323 37.7769666, -122.4213874 37.7772422, -122.4230182 37.7770217))",polygon4
Dropoff,7,2,POINT(-122.421342521285 37.7772425193096),POINT(-122.422101836922 37.77709966012),"POLYGON((-122.4230182 37.7770217, -122.4229484 37.7767334, -122.421323 37.7769666, -122.4213874 37.7772422, -122.4230182 37.7770217))",polygon4
Pickup,5,21,POINT(-122.422631894225 37.7769684875319),POINT(-122.422625499679 37.7769466812427),"POLYGON((-122.4230182 37.7770217, -122.4229484 37.7767334, -122.421323 37.7769666, -122.4213874 37.7772422, -122.4230182 37.7770217))",polygon4
Pickup,1,1,POINT(-122.423209475626 37.776820223827),POINT(-122.422927339088 37.7769642825593),"POLYGON((-122.4230182 37.7770217, -122.4229484 37.7767334, -122.421323 37.7769666, -122.4213874 37.7772422, -122.4230182 37.7770217))",polygon4
Pickup,1,1,POINT(-122.423209475626 37.776820223827),POINT(-122.422927339088 37.7769642825593),"POLYGON((-122.4246758 37.7768055, -122.4246221 37.7765172, -122.4229484 37.7767334, -122.4230182 37.7770217, -122.4246758 37.7768055))",polygon3
Dropoff,7,12,POINT(-122.425648520864 37.7765348959759),POINT(-122.425618709309 37.7763708237297),"POLYGON((-122.4263119 37.7766275, -122.4262636 37.7763518, -122.4246221 37.7765172, -122.4246758 37.7768055, -122.4263119 37.7766275))",polygon2
Pickup,5,20,POINT(-122.426457490898 37.7764721777419),POINT(-122.425684813181 37.7765981767927),"POLYGON((-122.4279642 37.7763815, -122.4279159 37.7761441, -122.4262636 37.7763518, -122.4263119 37.7766275, -122.4279642 37.7763815))",polygon1
Pickup,5,20,POINT(-122.426457490898 37.7764721777419),POINT(-122.425684813181 37.7765981767927),"POLYGON((-122.4263119 37.7766275, -122.4262636 37.7763518, -122.4246221 37.7765172, -122.4246758 37.7768055, -122.4263119 37.7766275))",polygon2
Pickup,1,13,POINT(-122.423137580568 37.776391521998),POINT(-122.423532138658 37.7767282575608),"POLYGON((-122.4246758 37.7768055, -122.4246221 37.7765172, -122.4229484 37.7767334, -122.4230182 37.7770217, -122.4246758 37.7768055))",polygon3
Pickup,6,13,POINT(-122.423864133169 37.7767650064983),POINT(-122.423920560034 37.7766995974284),"POLYGON((-122.4246758 37.7768055, -122.4246221 37.7765172, -122.4229484 37.7767334, -122.4230182 37.7770217, -122.4246758 37.7768055))",polygon3
Pickup,5,15,POINT(-122.423209475626 37.776820223827),POINT(-122.422817508702 37.7769708709702),"POLYGON((-122.4230182 37.7770217, -122.4229484 37.7767334, -122.421323 37.7769666, -122.4213874 37.7772422, -122.4230182 37.7770217))",polygon4
Pickup,5,15,POINT(-122.423209475626 37.776820223827),POINT(-122.422817508702 37.7769708709702),"POLYGON((-122.4246758 37.7768055, -122.4246221 37.7765172, -122.4229484 37.7767334, -122.4230182 37.7770217, -122.4246758 37.7768055))",polygon3
Dropoff,5,10,POINT(-122.421647302445 37.7770384299589),POINT(-122.421574196526 37.7769286702654),"POLYGON((-122.4230182 37.7770217, -122.4229484 37.7767334, -122.421323 37.7769666, -122.4213874 37.7772422, -122.4230182 37.7770217))",polygon4
Dropoff,6,18,POINT(-122.424849741087 37.7766378002019),POINT(-122.424737579614 37.7763838266664),"POLYGON((-122.4263119 37.7766275, -122.4262636 37.7763518, -122.4246221 37.7765172, -122.4246758 37.7768055, -122.4263119 37.7766275))",polygon2
Pickup,6,13,POINT(-122.421163385249 37.7770887404333),POINT(-122.421798439698 37.7769633060102),"POLYGON((-122.4230182 37.7770217, -122.4229484 37.7767334, -122.421323 37.7769666, -122.4213874 37.7772422, -122.4230182 37.7770217))",polygon4
Pickup,1,12,POINT(-122.42483021221 37.7766853906467),POINT(-122.423705999527 37.7768492646846),"POLYGON((-122.4246758 37.7768055, -122.4246221 37.7765172, -122.4229484 37.7767334, -122.4230182 37.7770217, -122.4246758 37.7768055))",polygon3
Pickup,1,12,POINT(-122.42483021221 37.7766853906467),POINT(-122.423705999527 37.7768492646846),"POLYGON((-122.4263119 37.7766275, -122.4262636 37.7763518, -122.4246221 37.7765172, -122.4246758 37.7768055, -122.4263119 37.7766275))",polygon2
Pickup,2,22,POINT(-122.422760562768 37.7769526161839),POINT(-122.422764624164 37.7769456965175),"POLYGON((-122.4230182 37.7770217, -122.4229484 37.7767334, -122.421323 37.7769666, -122.4213874 37.7772422, -122.4230182 37.7770217))",polygon4
Pickup,1,1,POINT(-122.425942661086 37.7765363877665),POINT(-122.426724669121 37.7764455377328),"POLYGON((-122.4279642 37.7763815, -122.4279159 37.7761441, -122.4262636 37.7763518, -122.4263119 37.7766275, -122.4279642 37.7763815))",polygon1
Pickup,1,1,POINT(-122.425942661086 37.7765363877665),POINT(-122.426724669121 37.7764455377328),"POLYGON((-122.4263119 37.7766275, -122.4262636 37.7763518, -122.4246221 37.7765172, -122.4246758 37.7768055, -122.4263119 37.7766275))",polygon2
Pickup,4,18,POINT(-122.421940416919 37.7770014307384),POINT(-122.421945169653 37.7769952435738),"POLYGON((-122.4230182 37.7770217, -122.4229484 37.7767334, -122.421323 37.7769666, -122.4213874 37.7772422, -122.4230182 37.7770217))",polygon4
Pickup,6,19,POINT(-122.423115718239 37.776394319937),POINT(-122.423072684866 37.7768055880726),"POLYGON((-122.4246758 37.7768055, -122.4246221 37.7765172, -122.4229484 37.7767334, -122.4230182 37.7770217, -122.4246758 37.7768055))",polygon3
Dropoff,3,11,POINT(-122.424446028354 37.7766867258339),POINT(-122.424484135723 37.7768766729888),"POLYGON((-122.4246758 37.7768055, -122.4246221 37.7765172, -122.4229484 37.7767334, -122.4230182 37.7770217, -122.4246758 37.7768055))",polygon3
Pickup,1,17,POINT(-122.424261972162 37.776248177885),POINT(-122.424517922516 37.7765991841465),"POLYGON((-122.4246758 37.7768055, -122.4246221 37.7765172, -122.4229484 37.7767334, -122.4230182 37.7770217, -122.4246758 37.7768055))",polygon3
Pickup,2,20,POINT(-122.421528829352 37.7771072160929),POINT(-122.42127598261 37.7769385921152),"POLYGON((-122.4230182 37.7770217, -122.4229484 37.7767334, -122.421323 37.7769666, -122.4213874 37.7772422, -122.4230182 37.7770217))",polygon4
Pickup,5,22,POINT(-122.422803509856 37.7769471141156),POINT(-122.423083832067 37.7770074640667),"POLYGON((-122.4230182 37.7770217, -122.4229484 37.7767334, -122.421323 37.7769666, -122.4213874 37.7772422, -122.4230182 37.7770217))",polygon4
Pickup,5,22,POINT(-122.422803509856 37.7769471141156),POINT(-122.423083832067 37.7770074640667),"POLYGON((-122.4246758 37.7768055, -122.4246221 37.7765172, -122.4229484 37.7767334, -122.4230182 37.7770217, -122.4246758 37.7768055))",polygon3
Pickup,7,13,POINT(-122.426338936825 37.7750144545712),POINT(-122.426274820791 37.7763893651634),"POLYGON((-122.4279642 37.7763815, -122.4279159 37.7761441, -122.4262636 37.7763518, -122.4263119 37.7766275, -122.4279642 37.7763815))",polygon1
Pickup,3,21,POINT(-122.423864133169 37.7767650064983),POINT(-122.423893772399 37.7767814809054),"POLYGON((-122.4246758 37.7768055, -122.4246221 37.7765172, -122.4229484 37.7767334, -122.4230182 37.7770217, -122.4246758 37.7768055))",polygon3
Pickup,6,23,POINT(-122.422733688425 37.7764490718287),POINT(-122.42254081512 37.7768266710287),"POLYGON((-122.4230182 37.7770217, -122.4229484 37.7767334, -122.421323 37.7769666, -122.4213874 37.7772422, -122.4230182 37.7770217))",polygon4
Dropoff,7,17,POINT(-122.426457490898 37.7764721777419),POINT(-122.426158167528 37.7767017189314),"POLYGON((-122.4279642 37.7763815, -122.4279159 37.7761441, -122.4262636 37.7763518, -122.4263119 37.7766275, -122.4279642 37.7763815))",polygon1
Pickup,1,18,POINT(-122.426457490898 37.7764721777419),POINT(-122.426276721806 37.7763680612974),"POLYGON((-122.4279642 37.7763815, -122.4279159 37.7761441, -122.4262636 37.7763518, -122.4263119 37.7766275, -122.4279642 37.7763815))",polygon1
Dropoff,6,18,POINT(-122.422733688425 37.7764490718287),POINT(-122.422814397848 37.776811887749),"POLYGON((-122.4230182 37.7770217, -122.4229484 37.7767334, -122.421323 37.7769666, -122.4213874 37.7772422, -122.4230182 37.7770217))",polygon4
Pickup,1,12,POINT(-122.421148608457 37.7771766722894),POINT(-122.421381925987 37.7770128812933),"POLYGON((-122.4230182 37.7770217, -122.4229484 37.7767334, -122.421323 37.7769666, -122.4213874 37.7772422, -122.4230182 37.7770217))",polygon4
Pickup,3,20,POINT(-122.422512298875 37.7769274794115),POINT(-122.42254081512 37.7768266710287),"POLYGON((-122.4230182 37.7770217, -122.4229484 37.7767334, -122.421323 37.7769666, -122.4213874 37.7772422, -122.4230182 37.7770217))",polygon4
Pickup,1,19,POINT(-122.421682299941 37.7775385310877),POINT(-122.421586121608 37.7771348891619),"POLYGON((-122.4230182 37.7770217, -122.4229484 37.7767334, -122.421323 37.7769666, -122.4213874 37.7772422, -122.4230182 37.7770217))",polygon4
Pickup,5,16,POINT(-122.424655057037 37.7768302824437),POINT(-122.424361690909 37.7767242243523),"POLYGON((-122.4246758 37.7768055, -122.4246221 37.7765172, -122.4229484 37.7767334, -122.4230182 37.7770217, -122.4246758 37.7768055))",polygon3
Pickup,1,18,POINT(-122.424655057037 37.7768302824437),POINT(-122.424313905421 37.7767828319097),"POLYGON((-122.4246758 37.7768055, -122.4246221 37.7765172, -122.4229484 37.7767334, -122.4230182 37.7770217, -122.4246758 37.7768055))",polygon3
Pickup,2,20,POINT(-122.426492832429 37.7764272114263),POINT(-122.426087138589 37.7763637807876),"POLYGON((-122.4279642 37.7763815, -122.4279159 37.7761441, -122.4262636 37.7763518, -122.4263119 37.7766275, -122.4279642 37.7763815))",polygon1
Pickup,6,18,POINT(-122.426284066636 37.776333305778),POINT(-122.42585581895 37.7765156266421),"POLYGON((-122.4263119 37.7766275, -122.4262636 37.7763518, -122.4246221 37.7765172, -122.4246758 37.7768055, -122.4263119 37.7766275))",polygon2
Pickup,1,12,POINT(-122.422733688425 37.7764490718287),POINT(-122.422154981034 37.7769289736525),"POLYGON((-122.4230182 37.7770217, -122.4229484 37.7767334, -122.421323 37.7769666, -122.4213874 37.7772422, -122.4230182 37.7770217))",polygon4
Pickup,4,15,POINT(-122.423864133169 37.7767650064983),POINT(-122.423902672807 37.7768472991278),"POLYGON((-122.4246758 37.7768055, -122.4246221 37.7765172, -122.4229484 37.7767334, -122.4230182 37.7770217, -122.4246758 37.7768055))",polygon3
Dropoff,4,23,POINT(-122.424387700723 37.7766938332243),POINT(-122.424380614993 37.7768528249401),"POLYGON((-122.4246758 37.7768055, -122.4246221 37.7765172, -122.4229484 37.7767334, -122.4230182 37.7770217, -122.4246758 37.7768055))",polygon3
Dropoff,6,2,POINT(-122.423581825566 37.7768412183388),POINT(-122.423618118597 37.7768693866643),"POLYGON((-122.4246758 37.7768055, -122.4246221 37.7765172, -122.4229484 37.7767334, -122.4230182 37.7770217, -122.4246758 37.7768055))",polygon3
Dropoff,4,21,POINT(-122.422733688425 37.7764490718287),POINT(-122.42254081512 37.7768266710287),"POLYGON((-122.4230182 37.7770217, -122.4229484 37.7767334, -122.421323 37.7769666, -122.4213874 37.7772422, -122.4230182 37.7770217))",polygon4
Pickup,5,21,POINT(-122.425866706624 37.7765055894921),POINT(-122.426239911235 37.7763809831213),"POLYGON((-122.4263119 37.7766275, -122.4262636 37.7763518, -122.4246221 37.7765172, -122.4246758 37.7768055, -122.4263119 37.7766275))",polygon2
Pickup,7,13,POINT(-122.425942661086 37.7765363877665),POINT(-122.425559518226 37.7766372239177),"POLYGON((-122.4263119 37.7766275, -122.4262636 37.7763518, -122.4246221 37.7765172, -122.4246758 37.7768055, -122.4263119 37.7766275))",polygon2
Pickup,6,23,POINT(-122.424726778234 37.7769542755059),POINT(-122.424284525544 37.7767758742731),"POLYGON((-122.4246758 37.7768055, -122.4246221 37.7765172, -122.4229484 37.7767334, -122.4230182 37.7770217, -122.4246758 37.7768055))",polygon3
Pickup,6,18,POINT(-122.423001999489 37.7767477208701),POINT(-122.423089535285 37.7767658732424),"POLYGON((-122.4246758 37.7768055, -122.4246221 37.7765172, -122.4229484 37.7767334, -122.4230182 37.7770217, -122.4246758 37.7768055))",polygon3
Dropoff,7,11,POINT(-122.424655057037 37.7768302824437),POINT(-122.424799709135 37.7767751050329),"POLYGON((-122.4263119 37.7766275, -122.4262636 37.7763518, -122.4246221 37.7765172, -122.4246758 37.7768055, -122.4263119 37.7766275))",polygon2
Pickup,6,19,POINT(-122.424655057037 37.7768302824437),POINT(-122.423481587606 37.7767280289502),"POLYGON((-122.4246758 37.7768055, -122.4246221 37.7765172, -122.4229484 37.7767334, -122.4230182 37.7770217, -122.4246758 37.7768055))",polygon3
Pickup,5,22,POINT(-122.424387700723 37.7766938332243),POINT(-122.424349593319 37.7767757813163),"POLYGON((-122.4246758 37.7768055, -122.4246221 37.7765172, -122.4229484 37.7767334, -122.4230182 37.7770217, -122.4246758 37.7768055))",polygon3
Pickup,4,12,POINT(-122.425113207741 37.7766043103469),POINT(-122.425003379643 37.7765893094246),"POLYGON((-122.4263119 37.7766275, -122.4262636 37.7763518, -122.4246221 37.7765172, -122.4246758 37.7768055, -122.4263119 37.7766275))",polygon2
Pickup,3,17,POINT(-122.421163385249 37.7770887404333),POINT(-122.422143401669 37.7769648136858),"POLYGON((-122.4230182 37.7770217, -122.4229484 37.7767334, -122.421323 37.7769666, -122.4213874 37.7772422, -122.4230182 37.7770217))",polygon4
Dropoff,1,2,POINT(-122.427618484207 37.7763234139178),POINT(-122.42763058142 37.7764144910363),"POLYGON((-122.4279642 37.7763815, -122.4279159 37.7761441, -122.4262636 37.7763518, -122.4263119 37.7766275, -122.4279642 37.7763815))",polygon1
Pickup,4,22,POINT(-122.42332198438 37.7768290232458),POINT(-122.423021615118 37.7769983914296),"POLYGON((-122.4246758 37.7768055, -122.4246221 37.7765172, -122.4229484 37.7767334, -122.4230182 37.7770217, -122.4246758 37.7768055))",polygon3
Pickup,6,19,POINT(-122.424655057037 37.7768302824437),POINT(-122.423907857511 37.7768613349027),"POLYGON((-122.4246758 37.7768055, -122.4246221 37.7765172, -122.4229484 37.7767334, -122.4230182 37.7770217, -122.4246758 37.7768055))",polygon3
Dropoff,2,13,POINT(-122.425533595113 37.7765932903383),POINT(-122.425557703608 37.7766774756103),"POLYGON((-122.4263119 37.7766275, -122.4262636 37.7763518, -122.4246221 37.7765172, -122.4246758 37.7768055, -122.4263119 37.7766275))",polygon2
Pickup,1,13,POINT(-122.423001999489 37.7767477208701),POINT(-122.422331609401 37.7769229261696),"POLYGON((-122.4230182 37.7770217, -122.4229484 37.7767334, -122.421323 37.7769666, -122.4213874 37.7772422, -122.4230182 37.7770217))",polygon4
Pickup,1,13,POINT(-122.423001999489 37.7767477208701),POINT(-122.422331609401 37.7769229261696),"POLYGON((-122.4246758 37.7768055, -122.4246221 37.7765172, -122.4229484 37.7767334, -122.4230182 37.7770217, -122.4246758 37.7768055))",polygon3
Dropoff,7,10,POINT(-122.424726778234 37.7769542755059),POINT(-122.424319867807 37.7768448280664),"POLYGON((-122.4246758 37.7768055, -122.4246221 37.7765172, -122.4229484 37.7767334, -122.4230182 37.7770217, -122.4246758 37.7768055))",polygon3
Dropoff,2,13,POINT(-122.423425333329 37.7768612136313),POINT(-122.421630970276 37.7764350928807),"POLYGON((-122.4246758 37.7768055, -122.4246221 37.7765172, -122.4229484 37.7767334, -122.4230182 37.7770217, -122.4246758 37.7768055))",polygon3
Dropoff,1,12,POINT(-122.425288275739 37.7765820151969),POINT(-122.425280325965 37.776553926757),"POLYGON((-122.4263119 37.7766275, -122.4262636 37.7763518, -122.4246221 37.7765172, -122.4246758 37.7768055, -122.4263119 37.7766275))",polygon2
Dropoff,5,20,POINT(-122.42401846446 37.7767878407125),POINT(-122.423954260597 37.7769130015034),"POLYGON((-122.4246758 37.7768055, -122.4246221 37.7765172, -122.4229484 37.7767334, -122.4230182 37.7770217, -122.4246758 37.7768055))",polygon3
Pickup,2,16,POINT(-122.423367091543 37.7768286725309),POINT(-122.423389299468 37.7767460165065),"POLYGON((-122.4246758 37.7768055, -122.4246221 37.7765172, -122.4229484 37.7767334, -122.4230182 37.7770217, -122.4246758 37.7768055))",polygon3
Pickup,7,21,POINT(-122.426457490898 37.7764721777419),POINT(-122.426045402584 37.7766179779217),"POLYGON((-122.4279642 37.7763815, -122.4279159 37.7761441, -122.4262636 37.7763518, -122.4263119 37.7766275, -122.4279642 37.7763815))",polygon1
Pickup,7,21,POINT(-122.426457490898 37.7764721777419),POINT(-122.426045402584 37.7766179779217),"POLYGON((-122.4263119 37.7766275, -122.4262636 37.7763518, -122.4246221 37.7765172, -122.4246758 37.7768055, -122.4263119 37.7766275))",polygon2
Dropoff,7,12,POINT(-122.426284066636 37.776333305778),POINT(-122.426143218619 37.776627293737),"POLYGON((-122.4263119 37.7766275, -122.4262636 37.7763518, -122.4246221 37.7765172, -122.4246758 37.7768055, -122.4263119 37.7766275))",polygon2
Dropoff,6,18,POINT(-122.422733688425 37.7764490718287),POINT(-122.42254081512 37.7768266710287),"POLYGON((-122.4230182 37.7770217, -122.4229484 37.7767334, -122.421323 37.7769666, -122.4213874 37.7772422, -122.4230182 37.7770217))",polygon4
Pickup,1,15,POINT(-122.42483021221 37.7766853906467),POINT(-122.424474025606 37.7764770281396),"POLYGON((-122.4263119 37.7766275, -122.4262636 37.7763518, -122.4246221 37.7765172, -122.4246758 37.7768055, -122.4263119 37.7766275))",polygon2
Dropoff,6,21,POINT(-122.423001999489 37.7767477208701),POINT(-122.422740342202 37.7771040893142),"POLYGON((-122.4246758 37.7768055, -122.4246221 37.7765172, -122.4229484 37.7767334, -122.4230182 37.7770217, -122.4246758 37.7768055))",polygon3
Pickup,1,13,POINT(-122.424574003385 37.7761043716093),POINT(-122.424424598354 37.7765463914248),"POLYGON((-122.4246758 37.7768055, -122.4246221 37.7765172, -122.4229484 37.7767334, -122.4230182 37.7770217, -122.4246758 37.7768055))",polygon3
Pickup,7,10,POINT(-122.426284066636 37.776333305778),POINT(-122.426189275077 37.7765460266076),"POLYGON((-122.4263119 37.7766275, -122.4262636 37.7763518, -122.4246221 37.7765172, -122.4246758 37.7768055, -122.4263119 37.7766275))",polygon2
Dropoff,6,13,POINT(-122.424463224198 37.7766844176431),POINT(-122.424507898814 37.7768775065389),"POLYGON((-122.4246758 37.7768055, -122.4246221 37.7765172, -122.4229484 37.7767334, -122.4230182 37.7770217, -122.4246758 37.7768055))",polygon3
Dropoff,5,13,POINT(-122.423672730944 37.7767891234745),POINT(-122.423625031554 37.7765675921975),"POLYGON((-122.4246758 37.7768055, -122.4246221 37.7765172, -122.4229484 37.7767334, -122.4230182 37.7770217, -122.4246758 37.7768055))",polygon3
Pickup,6,17,POINT(-122.424287636355 37.7761765994006),POINT(-122.424373442852 37.7767392935924),"POLYGON((-122.4246758 37.7768055, -122.4246221 37.7765172, -122.4229484 37.7767334, -122.4230182 37.7770217, -122.4246758 37.7768055))",polygon3
Dropoff,5,22,POINT(-122.423608786105 37.7767970128174),POINT(-122.423604119858 37.7766909977582),"POLYGON((-122.4246758 37.7768055, -122.4246221 37.7765172, -122.4229484 37.7767334, -122.4230182 37.7770217, -122.4246758 37.7768055))",polygon3
Pickup,7,21,POINT(-122.424655057037 37.7768302824437),POINT(-122.423947434073 37.7767567616553),"POLYGON((-122.4246758 37.7768055, -122.4246221 37.7765172, -122.4229484 37.7767334, -122.4230182 37.7770217, -122.4246758 37.7768055))",polygon3
Dropoff,6,11,POINT(-122.425135069654 37.7766015119388),POINT(-122.425094024557 37.7764978903963),"POLYGON((-122.4263119 37.7766275, -122.4262636 37.7763518, -122.4246221 37.7765172, -122.4246758 37.7768055, -122.4263119 37.7766275))",polygon2
Pickup,7,12,POINT(-122.426724323483 37.7763980265585),POINT(-122.426629013865 37.7762299663376),"POLYGON((-122.4279642 37.7763815, -122.4279159 37.7761441, -122.4262636 37.7763518, -122.4263119 37.7766275, -122.4279642 37.7763815))",polygon1
Pickup,6,17,POINT(-122.424726778234 37.7769542755059),POINT(-122.424714939919 37.776605980174),"POLYGON((-122.4263119 37.7766275, -122.4262636 37.7763518, -122.4246221 37.7765172, -122.4246758 37.7768055, -122.4263119 37.7766275))",polygon2
Pickup,1,0,POINT(-122.423001999489 37.7767477208701),POINT(-122.422554295524 37.7769149270825),"POLYGON((-122.4230182 37.7770217, -122.4229484 37.7767334, -122.421323 37.7769666, -122.4213874 37.7772422, -122.4230182 37.7770217))",polygon4
Pickup,1,0,POINT(-122.423001999489 37.7767477208701),POINT(-122.422554295524 37.7769149270825),"POLYGON((-122.4246758 37.7768055, -122.4246221 37.7765172, -122.4229484 37.7767334, -122.4230182 37.7770217, -122.4246758 37.7768055))",polygon3
Dropoff,1,12,POINT(-122.425113207741 37.7766043103469),POINT(-122.425002774767 37.7765249385779),"POLYGON((-122.4263119 37.7766275, -122.4262636 37.7763518, -122.4246221 37.7765172, -122.4246758 37.7768055, -122.4263119 37.7766275))",polygon2
Pickup,7,12,POINT(-122.426457490898 37.7764721777419),POINT(-122.426173375664 37.776293490819),"POLYGON((-122.4279642 37.7763815, -122.4279159 37.7761441, -122.4262636 37.7763518, -122.4263119 37.7766275, -122.4279642 37.7763815))",polygon1
Dropoff,1,20,POINT(-122.423001999489 37.7767477208701),POINT(-122.423604119858 37.7766909977582),"POLYGON((-122.4246758 37.7768055, -122.4246221 37.7765172, -122.4229484 37.7767334, -122.4230182 37.7770217, -122.4246758 37.7768055))",polygon3
Dropoff,2,17,POINT(-122.42332198438 37.7768290232458),POINT(-122.423166960766 37.7770716090959),"POLYGON((-122.4246758 37.7768055, -122.4246221 37.7765172, -122.4229484 37.7767334, -122.4230182 37.7770217, -122.4246758 37.7768055))",polygon3
Pickup,1,15,POINT(-122.425135069654 37.7766015119388),POINT(-122.425032068032 37.7764635126092),"POLYGON((-122.4263119 37.7766275, -122.4262636 37.7763518, -122.4246221 37.7765172, -122.4246758 37.7768055, -122.4263119 37.7766275))",polygon2
Dropoff,2,10,POINT(-122.425178879877 37.7765960339293),POINT(-122.425153734367 37.7765027162634),"POLYGON((-122.4263119 37.7766275, -122.4262636 37.7763518, -122.4246221 37.7765172, -122.4246758 37.7768055, -122.4263119 37.7766275))",polygon2
Dropoff,7,18,POINT(-122.422733688425 37.7764490718287),POINT(-122.42254081512 37.7768266710287),"POLYGON((-122.4230182 37.7770217, -122.4229484 37.7767334, -122.421323 37.7769666, -122.4213874 37.7772422, -122.4230182 37.7770217))",polygon4
Dropoff,4,13,POINT(-122.425113207741 37.7766043103469),POINT(-122.425002774767 37.7765249385779),"POLYGON((-122.4263119 37.7766275, -122.4262636 37.7763518, -122.4246221 37.7765172, -122.4246758 37.7768055, -122.4263119 37.7766275))",polygon2
Dropoff,5,19,POINT(-122.423367091543 37.7768286725309),POINT(-122.423408482964 37.7767098007088),"POLYGON((-122.4246758 37.7768055, -122.4246221 37.7765172, -122.4229484 37.7767334, -122.4230182 37.7770217, -122.4246758 37.7768055))",polygon3
Dropoff,7,17,POINT(-122.424849741087 37.7766378002019),POINT(-122.424737579614 37.7763838266664),"POLYGON((-122.4263119 37.7766275, -122.4262636 37.7763518, -122.4246221 37.7765172, -122.4246758 37.7768055, -122.4263119 37.7766275))",polygon2
Pickup,6,23,POINT(-122.424652896759 37.777620382136),POINT(-122.424749590748 37.7767625308128),"POLYGON((-122.4263119 37.7766275, -122.4262636 37.7763518, -122.4246221 37.7765172, -122.4246758 37.7768055, -122.4263119 37.7766275))",polygon2
Dropoff,7,16,POINT(-122.424726778234 37.7769542755059),POINT(-122.424319867807 37.7768448280664),"POLYGON((-122.4246758 37.7768055, -122.4246221 37.7765172, -122.4229484 37.7767334, -122.4230182 37.7770217, -122.4246758 37.7768055))",polygon3
Pickup,5,21,POINT(-122.423425333329 37.7768612136313),POINT(-122.422913513082 37.7768488706767),"POLYGON((-122.4230182 37.7770217, -122.4229484 37.7767334, -122.421323 37.7769666, -122.4213874 37.7772422, -122.4230182 37.7770217))",polygon4
Pickup,5,21,POINT(-122.423425333329 37.7768612136313),POINT(-122.422913513082 37.7768488706767),"POLYGON((-122.4246758 37.7768055, -122.4246221 37.7765172, -122.4229484 37.7767334, -122.4230182 37.7770217, -122.4246758 37.7768055))",polygon3
Pickup,2,14,POINT(-122.425533595113 37.7765932903383),POINT(-122.425557703608 37.7766774756103),"POLYGON((-122.4263119 37.7766275, -122.4262636 37.7763518, -122.4246221 37.7765172, -122.4246758 37.7768055, -122.4263119 37.7766275))",polygon2
Pickup,2,13,POINT(-122.423757760237 37.7767785297617),POINT(-122.423750328818 37.7767668570296),"POLYGON((-122.4246758 37.7768055, -122.4246221 37.7765172, -122.4229484 37.7767334, -122.4230182 37.7770217, -122.4246758 37.7768055))",polygon3
Dropoff,3,17,POINT(-122.423330798425 37.7768281299506),POINT(-122.422266021896 37.7768752677252),"POLYGON((-122.4230182 37.7770217, -122.4229484 37.7767334, -122.421323 37.7769666, -122.4213874 37.7772422, -122.4230182 37.7770217))",polygon4
Dropoff,3,17,POINT(-122.423330798425 37.7768281299506),POINT(-122.422266021896 37.7768752677252),"POLYGON((-122.4246758 37.7768055, -122.4246221 37.7765172, -122.4229484 37.7767334, -122.4230182 37.7770217, -122.4246758 37.7768055))",polygon3
Pickup,6,22,POINT(-122.422732219409 37.7768991019104),POINT(-122.422959398132 37.7768905923328),"POLYGON((-122.4230182 37.7770217, -122.4229484 37.7767334, -122.421323 37.7769666, -122.4213874 37.7772422, -122.4230182 37.7770217))",polygon4
Dropoff,4,17,POINT(-122.42332198438 37.7768290232458),POINT(-122.423176811772 37.7770403719393),"POLYGON((-122.4246758 37.7768055, -122.4246221 37.7765172, -122.4229484 37.7767334, -122.4230182 37.7770217, -122.4246758 37.7768055))",polygon3
Pickup,5,12,POINT(-122.424387700723 37.7766938332243),POINT(-122.424380614993 37.7768528249401),"POLYGON((-122.4246758 37.7768055, -122.4246221 37.7765172, -122.4229484 37.7767334, -122.4230182 37.7770217, -122.4246758 37.7768055))",polygon3
Pickup,2,21,POINT(-122.423608786105 37.7767970128174),POINT(-122.423609736636 37.7765587740619),"POLYGON((-122.4246758 37.7768055, -122.4246221 37.7765172, -122.4229484 37.7767334, -122.4230182 37.7770217, -122.4246758 37.7768055))",polygon3
Dropoff,7,3,POINT(-122.427618484207 37.7763234139178),POINT(-122.42763058142 37.7764144910363),"POLYGON((-122.4279642 37.7763815, -122.4279159 37.7761441, -122.4262636 37.7763518, -122.4263119 37.7766275, -122.4279642 37.7763815))",polygon1
Dropoff,4,17,POINT(-122.422524742329 37.7769816671544),POINT(-122.422654707195 37.7771086888349),"POLYGON((-122.4230182 37.7770217, -122.4229484 37.7767334, -122.421323 37.7769666, -122.4213874 37.7772422, -122.4230182 37.7770217))",polygon4
Pickup,7,19,POINT(-122.425942661086 37.7765363877665),POINT(-122.426045402584 37.7766179779217),"POLYGON((-122.4263119 37.7766275, -122.4262636 37.7763518, -122.4246221 37.7765172, -122.4246758 37.7768055, -122.4263119 37.7766275))",polygon2
Pickup,1,15,POINT(-122.426388881633 37.7770689060971),POINT(-122.426100704947 37.7765098763232),"POLYGON((-122.4263119 37.7766275, -122.4262636 37.7763518, -122.4246221 37.7765172, -122.4246758 37.7768055, -122.4263119 37.7766275))",polygon2
Pickup,1,15,POINT(-122.426284066636 37.776333305778),POINT(-122.426125677411 37.7766196761286),"POLYGON((-122.4263119 37.7766275, -122.4262636 37.7763518, -122.4246221 37.7765172, -122.4246758 37.7768055, -122.4263119 37.7766275))",polygon2
Dropoff,3,17,POINT(-122.42332198438 37.7768290232458),POINT(-122.423255533372 37.7770072188445),"POLYGON((-122.4246758 37.7768055, -122.4246221 37.7765172, -122.4229484 37.7767334, -122.4230182 37.7770217, -122.4246758 37.7768055))",polygon3
Dropoff,4,16,POINT(-122.425860917147 37.7765480088597),POINT(-122.425889432481 37.7766751845954),"POLYGON((-122.4263119 37.7766275, -122.4262636 37.7763518, -122.4246221 37.7765172, -122.4246758 37.7768055, -122.4263119 37.7766275))",polygon2
Pickup,6,21,POINT(-122.424655057037 37.7768302824437),POINT(-122.424616517675 37.776606372355),"POLYGON((-122.4246758 37.7768055, -122.4246221 37.7765172, -122.4229484 37.7767334, -122.4230182 37.7770217, -122.4246758 37.7768055))",polygon3
Pickup,7,23,POINT(-122.424849741087 37.7766378002019),POINT(-122.424738962191 37.7765266193212),"POLYGON((-122.4263119 37.7766275, -122.4262636 37.7763518, -122.4246221 37.7765172, -122.4246758 37.7768055, -122.4263119 37.7766275))",polygon2
Pickup,1,20,POINT(-122.425543964359 37.7765488079938),POINT(-122.42546412114 37.7763062696231),"POLYGON((-122.4263119 37.7766275, -122.4262636 37.7763518, -122.4246221 37.7765172, -122.4246758 37.7768055, -122.4263119 37.7766275))",polygon2
Dropoff,4,1,POINT(-122.427684414001 37.7763146926894),POINT(-122.427691413099 37.7763973783436),"POLYGON((-122.4279642 37.7763815, -122.4279159 37.7761441, -122.4262636 37.7763518, -122.4263119 37.7766275, -122.4279642 37.7763815))",polygon1
Pickup,6,20,POINT(-122.424765403966 37.7773788057509),POINT(-122.424713211698 37.7767003664553),"POLYGON((-122.4263119 37.7766275, -122.4262636 37.7763518, -122.4246221 37.7765172, -122.4246758 37.7768055, -122.4263119 37.7766275))",polygon2
Dropoff,7,23,POINT(-122.424655057037 37.7768302824437),POINT(-122.424319867807 37.7768448280664),"POLYGON((-122.4246758 37.7768055, -122.4246221 37.7765172, -122.4229484 37.7767334, -122.4230182 37.7770217, -122.4246758 37.7768055))",polygon3
Pickup,6,19,POINT(-122.423001999489 37.7767477208701),POINT(-122.423503795507 37.7769297015235),"POLYGON((-122.4246758 37.7768055, -122.4246221 37.7765172, -122.4229484 37.7767334, -122.4230182 37.7770217, -122.4246758 37.7768055))",polygon3
Pickup,3,12,POINT(-122.425942661086 37.7765363877665),POINT(-122.426011875512 37.7766074258383),"POLYGON((-122.4263119 37.7766275, -122.4262636 37.7763518, -122.4246221 37.7765172, -122.4246758 37.7768055, -122.4263119 37.7766275))",polygon2
Dropoff,6,16,POINT(-122.424726778234 37.7769542755059),POINT(-122.424897871975 37.7765207086951),"POLYGON((-122.4263119 37.7766275, -122.4262636 37.7763518, -122.4246221 37.7765172, -122.4246758 37.7768055, -122.4263119 37.7766275))",polygon2
Dropoff,7,20,POINT(-122.426492832429 37.7764272114263),POINT(-122.425889432481 37.7766751845954),"POLYGON((-122.4279642 37.7763815, -122.4279159 37.7761441, -122.4262636 37.7763518, -122.4263119 37.7766275, -122.4279642 37.7763815))",polygon1
Dropoff,4,18,POINT(-122.423864133169 37.7767650064983),POINT(-122.423954260597 37.7769130015034),"POLYGON((-122.4246758 37.7768055, -122.4246221 37.7765172, -122.4229484 37.7767334, -122.4230182 37.7770217, -122.4246758 37.7768055))",polygon3
Pickup,1,19,POINT(-122.423115718239 37.776394319937),POINT(-122.42303544111 37.776993412243),"POLYGON((-122.4246758 37.7768055, -122.4246221 37.7765172, -122.4229484 37.7767334, -122.4230182 37.7770217, -122.4246758 37.7768055))",polygon3
Pickup,7,9,POINT(-122.424726778234 37.7769542755059),POINT(-122.424724963602 37.7767695964906),"POLYGON((-122.4263119 37.7766275, -122.4262636 37.7763518, -122.4246221 37.7765172, -122.4246758 37.7768055, -122.4263119 37.7766275))",polygon2
Pickup,5,21,POINT(-122.426659602818 37.776448394793),POINT(-122.426659429999 37.7764400149284),"POLYGON((-122.4279642 37.7763815, -122.4279159 37.7761441, -122.4262636 37.7763518, -122.4263119 37.7766275, -122.4279642 37.7763815))",polygon1
Dropoff,4,14,POINT(-122.421148608457 37.7771766722894),POINT(-122.422101836922 37.77709966012),"POLYGON((-122.4230182 37.7770217, -122.4229484 37.7767334, -122.421323 37.7769666, -122.4213874 37.7772422, -122.4230182 37.7770217))",polygon4
Pickup,5,19,POINT(-122.426240775333 37.7763211770386),POINT(-122.426140367093 37.7765924758312),"POLYGON((-122.4263119 37.7766275, -122.4262636 37.7763518, -122.4246221 37.7765172, -122.4246758 37.7768055, -122.4263119 37.7766275))",polygon2
Pickup,4,19,POINT(-122.426370994827 37.7760010142323),POINT(-122.42621900006 37.7765869002154),"POLYGON((-122.4263119 37.7766275, -122.4262636 37.7763518, -122.4246221 37.7765172, -122.4246758 37.7768055, -122.4263119 37.7766275))",polygon2
Dropoff,7,12,POINT(-122.422733688425 37.7764490718287),POINT(-122.422266021896 37.7768752677252),"POLYGON((-122.4230182 37.7770217, -122.4229484 37.7767334, -122.421323 37.7769666, -122.4213874 37.7772422, -122.4230182 37.7770217))",polygon4
Pickup,5,19,POINT(-122.42451610788 37.777175664669),POINT(-122.42386517011 37.7768586153635),"POLYGON((-122.4246758 37.7768055, -122.4246221 37.7765172, -122.4229484 37.7767334, -122.4230182 37.7770217, -122.4246758 37.7768055))",polygon3
Pickup,7,20,POINT(-122.426240775333 37.7763211770386),POINT(-122.426248292986 37.7763619750872),"POLYGON((-122.4263119 37.7766275, -122.4262636 37.7763518, -122.4246221 37.7765172, -122.4246758 37.7768055, -122.4263119 37.7766275))",polygon2
Dropoff,7,8,POINT(-122.424655057037 37.7768302824437),POINT(-122.424799709135 37.7767751050329),"POLYGON((-122.4263119 37.7766275, -122.4262636 37.7763518, -122.4246221 37.7765172, -122.4246758 37.7768055, -122.4263119 37.7766275))",polygon2
Pickup,6,17,POINT(-122.421163385249 37.7770887404333),POINT(-122.421447773286 37.7770422856681),"POLYGON((-122.4230182 37.7770217, -122.4229484 37.7767334, -122.421323 37.7769666, -122.4213874 37.7772422, -122.4230182 37.7770217))",polygon4
Pickup,1,18,POINT(-122.421163385249 37.7770887404333),POINT(-122.421665103642 37.776967306968),"POLYGON((-122.4230182 37.7770217, -122.4229484 37.7767334, -122.421323 37.7769666, -122.4213874 37.7772422, -122.4230182 37.7770217))",polygon4
Pickup,5,19,POINT(-122.423209475626 37.776820223827),POINT(-122.422768167083 37.7769355194084),"POLYGON((-122.4230182 37.7770217, -122.4229484 37.7767334, -122.421323 37.7769666, -122.4213874 37.7772422, -122.4230182 37.7770217))",polygon4
Pickup,5,19,POINT(-122.423209475626 37.776820223827),POINT(-122.422768167083 37.7769355194084),"POLYGON((-122.4246758 37.7768055, -122.4246221 37.7765172, -122.4229484 37.7767334, -122.4230182 37.7770217, -122.4246758 37.7768055))",polygon3
Pickup,5,19,POINT(-122.423001999489 37.7767477208701),POINT(-122.423082708706 37.7770169697227),"POLYGON((-122.4246758 37.7768055, -122.4246221 37.7765172, -122.4229484 37.7767334, -122.4230182 37.7770217, -122.4246758 37.7768055))",polygon3
Pickup,6,18,POINT(-122.426240775333 37.7763211770386),POINT(-122.42598007663 37.7765032878211),"POLYGON((-122.4263119 37.7766275, -122.4262636 37.7763518, -122.4246221 37.7765172, -122.4246758 37.7768055, -122.4263119 37.7766275))",polygon2
Pickup,4,15,POINT(-122.424655057037 37.7768302824437),POINT(-122.42470370648 37.7767075792231),"POLYGON((-122.4263119 37.7766275, -122.4262636 37.7763518, -122.4246221 37.7765172, -122.4246758 37.7768055, -122.4263119 37.7766275))",polygon2
Pickup,1,0,POINT(-122.424463224198 37.7766844176431),POINT(-122.424666117658 37.7766534929725),"POLYGON((-122.4246758 37.7768055, -122.4246221 37.7765172, -122.4229484 37.7767334, -122.4230182 37.7770217, -122.4246758 37.7768055))",polygon3
Pickup,1,0,POINT(-122.424463224198 37.7766844176431),POINT(-122.424666117658 37.7766534929725),"POLYGON((-122.4263119 37.7766275, -122.4262636 37.7763518, -122.4246221 37.7765172, -122.4246758 37.7768055, -122.4263119 37.7766275))",polygon2
Pickup,2,21,POINT(-122.421528829352 37.7771072160929),POINT(-122.421416837158 37.7769969832815),"POLYGON((-122.4230182 37.7770217, -122.4229484 37.7767334, -122.421323 37.7769666, -122.4213874 37.7772422, -122.4230182 37.7770217))",polygon4
Dropoff,7,12,POINT(-122.424655057037 37.7768302824437),POINT(-122.424799709135 37.7767751050329),"POLYGON((-122.4263119 37.7766275, -122.4262636 37.7763518, -122.4246221 37.7765172, -122.4246758 37.7768055, -122.4263119 37.7766275))",polygon2
Pickup,4,17,POINT(-122.424951792369 37.7766703146799),POINT(-122.424953002121 37.7766710330803),"POLYGON((-122.4263119 37.7766275, -122.4262636 37.7763518, -122.4246221 37.7765172, -122.4246758 37.7768055, -122.4263119 37.7766275))",polygon2
Dropoff,6,20,POINT(-122.424200015146 37.7762641074496),POINT(-122.423895068575 37.7766462971795),"POLYGON((-122.4246758 37.7768055, -122.4246221 37.7765172, -122.4229484 37.7767334, -122.4230182 37.7770217, -122.4246758 37.7768055))",polygon3
Dropoff,4,22,POINT(-122.425942661086 37.7765363877665),POINT(-122.426045402584 37.7766179779217),"POLYGON((-122.4263119 37.7766275, -122.4262636 37.7763518, -122.4246221 37.7765172, -122.4246758 37.7768055, -122.4263119 37.7766275))",polygon2
Pickup,7,21,POINT(-122.425860917147 37.7765480088597),POINT(-122.425848474089 37.7765394773358),"POLYGON((-122.4263119 37.7766275, -122.4262636 37.7763518, -122.4246221 37.7765172, -122.4246758 37.7768055, -122.4263119 37.7766275))",polygon2
Pickup,7,15,POINT(-122.425866706624 37.7765055894921),POINT(-122.42597696587 37.776476837205),"POLYGON((-122.4263119 37.7766275, -122.4262636 37.7763518, -122.4246221 37.7765172, -122.4246758 37.7768055, -122.4263119 37.7766275))",polygon2
Pickup,7,6,POINT(-122.427596536402 37.7763263121249),POINT(-122.427625828943 37.7764859610575),"POLYGON((-122.4279642 37.7763815, -122.4279159 37.7761441, -122.4262636 37.7763518, -122.4263119 37.7766275, -122.4279642 37.7763815))",polygon1
Dropoff,1,15,POINT(-122.426284066636 37.776333305778),POINT(-122.426045402584 37.7766179779217),"POLYGON((-122.4263119 37.7766275, -122.4262636 37.7763518, -122.4246221 37.7765172, -122.4246758 37.7768055, -122.4263119 37.7766275))",polygon2
Dropoff,6,19,POINT(-122.425866706624 37.7765055894921),POINT(-122.426005394763 37.7763402883653),"POLYGON((-122.4263119 37.7766275, -122.4262636 37.7763518, -122.4246221 37.7765172, -122.4246758 37.7768055, -122.4263119 37.7766275))",polygon2
Dropoff,6,15,POINT(-122.426457490898 37.7764721777419),POINT(-122.426088434738 37.7763879543159),"POLYGON((-122.4279642 37.7763815, -122.4279159 37.7761441, -122.4262636 37.7763518, -122.4263119 37.7766275, -122.4279642 37.7763815))",polygon1
Dropoff,6,15,POINT(-122.426457490898 37.7764721777419),POINT(-122.426088434738 37.7763879543159),"POLYGON((-122.4263119 37.7766275, -122.4262636 37.7763518, -122.4246221 37.7765172, -122.4246758 37.7768055, -122.4263119 37.7766275))",polygon2
Dropoff,2,15,POINT(-122.424387700723 37.7766938332243),POINT(-122.424319867807 37.7768448280664),"POLYGON((-122.4246758 37.7768055, -122.4246221 37.7765172, -122.4229484 37.7767334, -122.4230182 37.7770217, -122.4246758 37.7768055))",polygon3
Pickup,5,21,POINT(-122.426457490898 37.7764721777419),POINT(-122.426168882352 37.7764186062671),"POLYGON((-122.4279642 37.7763815, -122.4279159 37.7761441, -122.4262636 37.7763518, -122.4263119 37.7766275, -122.4279642 37.7763815))",polygon1
Pickup,5,21,POINT(-122.426457490898 37.7764721777419),POINT(-122.426168882352 37.7764186062671),"POLYGON((-122.4263119 37.7766275, -122.4262636 37.7763518, -122.4246221 37.7765172, -122.4246758 37.7768055, -122.4263119 37.7766275))",polygon2
Pickup,6,21,POINT(-122.423001999489 37.7767477208701),POINT(-122.425550185906 37.7765630335375),"POLYGON((-122.4246758 37.7768055, -122.4246221 37.7765172, -122.4229484 37.7767334, -122.4230182 37.7770217, -122.4246758 37.7768055))",polygon3
Pickup,6,21,POINT(-122.423001999489 37.7767477208701),POINT(-122.425550185906 37.7765630335375),"POLYGON((-122.4263119 37.7766275, -122.4262636 37.7763518, -122.4246221 37.7765172, -122.4246758 37.7768055, -122.4263119 37.7766275))",polygon2
Pickup,4,22,POINT(-122.424655057037 37.7768302824437),POINT(-122.424364110427 37.7767418731277),"POLYGON((-122.4246758 37.7768055, -122.4246221 37.7765172, -122.4229484 37.7767334, -122.4230182 37.7770217, -122.4246758 37.7768055))",polygon3
Pickup,3,21,POINT(-122.424387700723 37.7766938332243),POINT(-122.424437127992 37.7769221008505),"POLYGON((-122.4246758 37.7768055, -122.4246221 37.7765172, -122.4229484 37.7767334, -122.4230182 37.7770217, -122.4246758 37.7768055))",polygon3
Dropoff,4,19,POINT(-122.425942661086 37.7765363877665),POINT(-122.426165858006 37.7766273092287),"POLYGON((-122.4263119 37.7766275, -122.4262636 37.7763518, -122.4246221 37.7765172, -122.4246758 37.7768055, -122.4263119 37.7766275))",polygon2
Pickup,7,18,POINT(-122.426240775333 37.7763211770386),POINT(-122.426060697147 37.7765495168368),"POLYGON((-122.4263119 37.7766275, -122.4262636 37.7763518, -122.4246221 37.7765172, -122.4246758 37.7768055, -122.4263119 37.7766275))",polygon2
Dropoff,1,20,POINT(-122.423001999489 37.7767477208701),POINT(-122.423206883257 37.7765015045614),"POLYGON((-122.4246758 37.7768055, -122.4246221 37.7765172, -122.4229484 37.7767334, -122.4230182 37.7770217, -122.4246758 37.7768055))",polygon3
Pickup,1,21,POINT(-122.425942661086 37.7765363877665),POINT(-122.426115826682 37.7765865748785),"POLYGON((-122.4263119 37.7766275, -122.4262636 37.7763518, -122.4246221 37.7765172, -122.4246758 37.7768055, -122.4263119 37.7766275))",polygon2
Dropoff,2,19,POINT(-122.426284066636 37.776333305778),POINT(-122.426045402584 37.7766179779217),"POLYGON((-122.4263119 37.7766275, -122.4262636 37.7763518, -122.4246221 37.7765172, -122.4246758 37.7768055, -122.4263119 37.7766275))",polygon2
Pickup,3,21,POINT(-122.426240775333 37.7763211770386),POINT(-122.425964868466 37.7766004383704),"POLYGON((-122.4263119 37.7766275, -122.4262636 37.7763518, -122.4246221 37.7765172, -122.4246758 37.7768055, -122.4263119 37.7766275))",polygon2
Pickup,3,21,POINT(-122.424446028354 37.7766867258339),POINT(-122.424339828835 37.7767537032653),"POLYGON((-122.4246758 37.7768055, -122.4246221 37.7765172, -122.4229484 37.7767334, -122.4230182 37.7770217, -122.4246758 37.7768055))",polygon3
Dropoff,4,18,POINT(-122.424849741087 37.7766378002019),POINT(-122.424776896631 37.7765500656232),"POLYGON((-122.4263119 37.7766275, -122.4262636 37.7763518, -122.4246221 37.7765172, -122.4246758 37.7768055, -122.4263119 37.7766275))",polygon2
Pickup,3,20,POINT(-122.423209475626 37.776820223827),POINT(-122.42296657037 37.7768662130412),"POLYGON((-122.4230182 37.7770217, -122.4229484 37.7767334, -122.421323 37.7769666, -122.4213874 37.7772422, -122.4230182 37.7770217))",polygon4
Pickup,3,20,POINT(-122.423209475626 37.776820223827),POINT(-122.42296657037 37.7768662130412),"POLYGON((-122.4246758 37.7768055, -122.4246221 37.7765172, -122.4229484 37.7767334, -122.4230182 37.7770217, -122.4246758 37.7768055))",polygon3
Pickup,7,7,POINT(-122.423779103962 37.7767758910958),POINT(-122.423823001163 37.7770281066564),"POLYGON((-122.4246758 37.7768055, -122.4246221 37.7765172, -122.4229484 37.7767334, -122.4230182 37.7770217, -122.4246758 37.7768055))",polygon3
Pickup,4,19,POINT(-122.426492832429 37.7764272114263),POINT(-122.426206211406 37.776348965351),"POLYGON((-122.4279642 37.7763815, -122.4279159 37.7761441, -122.4262636 37.7763518, -122.4263119 37.7766275, -122.4279642 37.7763815))",polygon1
Pickup,2,18,POINT(-122.423001999489 37.7767477208701),POINT(-122.423637993347 37.7766909758119),"POLYGON((-122.4246758 37.7768055, -122.4246221 37.7765172, -122.4229484 37.7767334, -122.4230182 37.7770217, -122.4246758 37.7768055))",polygon3
Pickup,1,15,POINT(-122.424574003385 37.7761043716093),POINT(-122.424776896631 37.7765500656232),"POLYGON((-122.4263119 37.7766275, -122.4262636 37.7763518, -122.4246221 37.7765172, -122.4246758 37.7768055, -122.4263119 37.7766275))",polygon2
Pickup,4,21,POINT(-122.424463224198 37.7766844176431),POINT(-122.424959742168 37.7767107620044),"POLYGON((-122.4246758 37.7768055, -122.4246221 37.7765172, -122.4229484 37.7767334, -122.4230182 37.7770217, -122.4246758 37.7768055))",polygon3
Pickup,4,21,POINT(-122.424463224198 37.7766844176431),POINT(-122.424959742168 37.7767107620044),"POLYGON((-122.4263119 37.7766275, -122.4262636 37.7763518, -122.4246221 37.7765172, -122.4246758 37.7768055, -122.4263119 37.7766275))",polygon2
Pickup,6,19,POINT(-122.424655057037 37.7768302824437),POINT(-122.424612542762 37.7765447826466),"POLYGON((-122.4246758 37.7768055, -122.4246221 37.7765172, -122.4229484 37.7767334, -122.4230182 37.7770217, -122.4246758 37.7768055))",polygon3
Pickup,7,20,POINT(-122.425817280029 37.7765540882959),POINT(-122.425846486656 37.7766665117156),"POLYGON((-122.4263119 37.7766275, -122.4262636 37.7763518, -122.4246221 37.7765172, -122.4246758 37.7768055, -122.4263119 37.7766275))",polygon2
Pickup,2,13,POINT(-122.424151711115 37.7767248311338),POINT(-122.424116973677 37.7766042197082),"POLYGON((-122.4246758 37.7768055, -122.4246221 37.7765172, -122.4229484 37.7767334, -122.4230182 37.7770217, -122.4246758 37.7768055))",polygon3
Pickup,1,19,POINT(-122.425113207741 37.7766043103469),POINT(-122.4249600014 37.7765306791554),"POLYGON((-122.4263119 37.7766275, -122.4262636 37.7763518, -122.4246221 37.7765172, -122.4246758 37.7768055, -122.4263119 37.7766275))",polygon2
Pickup,4,21,POINT(-122.423209475626 37.776820223827),POINT(-122.422772919779 37.776778116149),"POLYGON((-122.4230182 37.7770217, -122.4229484 37.7767334, -122.421323 37.7769666, -122.4213874 37.7772422, -122.4230182 37.7770217))",polygon4
Pickup,4,21,POINT(-122.423209475626 37.776820223827),POINT(-122.422772919779 37.776778116149),"POLYGON((-122.4246758 37.7768055, -122.4246221 37.7765172, -122.4229484 37.7767334, -122.4230182 37.7770217, -122.4246758 37.7768055))",polygon3
Pickup,1,21,POINT(-122.42483021221 37.7766853906467),POINT(-122.424799709135 37.7767751050329),"POLYGON((-122.4263119 37.7766275, -122.4262636 37.7763518, -122.4246221 37.7765172, -122.4246758 37.7768055, -122.4263119 37.7766275))",polygon2
Pickup,1,1,POINT(-122.425332085899 37.7765763917254),POINT(-122.425322667148 37.7765140776658),"POLYGON((-122.4263119 37.7766275, -122.4262636 37.7763518, -122.4246221 37.7765172, -122.4246758 37.7768055, -122.4263119 37.7766275))",polygon2
Pickup,1,14,POINT(-122.424287636355 37.7761765994006),POINT(-122.42435788881 37.7767426234929),"POLYGON((-122.4246758 37.7768055, -122.4246221 37.7765172, -122.4229484 37.7767334, -122.4230182 37.7770217, -122.4246758 37.7768055))",polygon3
Dropoff,1,20,POINT(-122.426284066636 37.776333305778),POINT(-122.426045402584 37.7766179779217),"POLYGON((-122.4263119 37.7766275, -122.4262636 37.7763518, -122.4246221 37.7765172, -122.4246758 37.7768055, -122.4263119 37.7766275))",polygon2
Dropoff,4,21,POINT(-122.423367091543 37.7768286725309),POINT(-122.423456009628 37.7764056922902),"POLYGON((-122.4246758 37.7768055, -122.4246221 37.7765172, -122.4229484 37.7767334, -122.4230182 37.7770217, -122.4246758 37.7768055))",polygon3
Pickup,5,21,POINT(-122.424849741087 37.7766378002019),POINT(-122.424776896631 37.7765500656232),"POLYGON((-122.4263119 37.7766275, -122.4262636 37.7763518, -122.4246221 37.7765172, -122.4246758 37.7768055, -122.4263119 37.7766275))",polygon2
Pickup,5,23,POINT(-122.424655057037 37.7768302824437),POINT(-122.424607271682 37.7766289176483),"POLYGON((-122.4246758 37.7768055, -122.4246221 37.7765172, -122.4229484 37.7767334, -122.4230182 37.7770217, -122.4246758 37.7768055))",polygon3
Dropoff,2,20,POINT(-122.42401846446 37.7767878407125),POINT(-122.423954260597 37.7769130015034),"POLYGON((-122.4246758 37.7768055, -122.4246221 37.7765172, -122.4229484 37.7767334, -122.4230182 37.7770217, -122.4246758 37.7768055))",polygon3
Pickup,5,15,POINT(-122.425447098281 37.7766044100342),POINT(-122.425450295468 37.7766128775095),"POLYGON((-122.4263119 37.7766275, -122.4262636 37.7763518, -122.4246221 37.7765172, -122.4246758 37.7768055, -122.4263119 37.7766275))",polygon2
Dropoff,7,12,POINT(-122.425942661086 37.7765363877665),POINT(-122.425943006726 37.7765593269507),"POLYGON((-122.4263119 37.7766275, -122.4262636 37.7763518, -122.4246221 37.7765172, -122.4246758 37.7768055, -122.4263119 37.7766275))",polygon2
Pickup,5,22,POINT(-122.423209475626 37.776820223827),POINT(-122.422944016705 37.7768415249239),"POLYGON((-122.4230182 37.7770217, -122.4229484 37.7767334, -122.421323 37.7769666, -122.4213874 37.7772422, -122.4230182 37.7770217))",polygon4
Pickup,5,22,POINT(-122.423209475626 37.776820223827),POINT(-122.422944016705 37.7768415249239),"POLYGON((-122.4246758 37.7768055, -122.4246221 37.7765172, -122.4229484 37.7767334, -122.4230182 37.7770217, -122.4246758 37.7768055))",polygon3
Pickup,1,14,POINT(-122.422393740346 37.7764934972802),POINT(-122.422529062972 37.7769564200486),"POLYGON((-122.4230182 37.7770217, -122.4229484 37.7767334, -122.421323 37.7769666, -122.4213874 37.7772422, -122.4230182 37.7770217))",polygon4
Dropoff,3,18,POINT(-122.424973567904 37.7766673974795),POINT(-122.424319867807 37.7768448280664),"POLYGON((-122.4246758 37.7768055, -122.4246221 37.7765172, -122.4229484 37.7767334, -122.4230182 37.7770217, -122.4246758 37.7768055))",polygon3
Dropoff,3,18,POINT(-122.424973567904 37.7766673974795),POINT(-122.424319867807 37.7768448280664),"POLYGON((-122.4263119 37.7766275, -122.4262636 37.7763518, -122.4246221 37.7765172, -122.4246758 37.7768055, -122.4263119 37.7766275))",polygon2
Pickup,2,20,POINT(-122.426457490898 37.7764721777419),POINT(-122.42623351691 37.776527765691),"POLYGON((-122.4279642 37.7763815, -122.4279159 37.7761441, -122.4262636 37.7763518, -122.4263119 37.7766275, -122.4279642 37.7763815))",polygon1
Pickup,2,20,POINT(-122.426457490898 37.7764721777419),POINT(-122.42623351691 37.776527765691),"POLYGON((-122.4263119 37.7766275, -122.4262636 37.7763518, -122.4246221 37.7765172, -122.4246758 37.7768055, -122.4263119 37.7766275))",polygon2
Pickup,3,19,POINT(-122.421163385249 37.7770887404333),POINT(-122.421462031553 37.7770448073463),"POLYGON((-122.4230182 37.7770217, -122.4229484 37.7767334, -122.421323 37.7769666, -122.4213874 37.7772422, -122.4230182 37.7770217))",polygon4
Pickup,1,16,POINT(-122.426457490898 37.7764721777419),POINT(-122.426159290856 37.7765790944886),"POLYGON((-122.4279642 37.7763815, -122.4279159 37.7761441, -122.4262636 37.7763518, -122.4263119 37.7766275, -122.4279642 37.7763815))",polygon1
Pickup,1,16,POINT(-122.426457490898 37.7764721777419),POINT(-122.426159290856 37.7765790944886),"POLYGON((-122.4263119 37.7766275, -122.4262636 37.7763518, -122.4246221 37.7765172, -122.4246758 37.7768055, -122.4263119 37.7766275))",polygon2
Dropoff,1,1,POINT(-122.423001999489 37.7767477208701),POINT(-122.423708159824 37.7765732137795),"POLYGON((-122.4246758 37.7768055, -122.4246221 37.7765172, -122.4229484 37.7767334, -122.4230182 37.7770217, -122.4246758 37.7768055))",polygon3
Pickup,1,0,POINT(-122.427724161957 37.7763092996801),POINT(-122.427766415745 37.7763498806736),"POLYGON((-122.4279642 37.7763815, -122.4279159 37.7761441, -122.4262636 37.7763518, -122.4263119 37.7766275, -122.4279642 37.7763815))",polygon1
Dropoff,4,19,POINT(-122.426240775333 37.7763211770386),POINT(-122.426045402584 37.7766179779217),"POLYGON((-122.4263119 37.7766275, -122.4262636 37.7763518, -122.4246221 37.7765172, -122.4246758 37.7768055, -122.4263119 37.7766275))",polygon2
Pickup,3,20,POINT(-122.426457490898 37.7764721777419),POINT(-122.426049809492 37.7765900874261),"POLYGON((-122.4279642 37.7763815, -122.4279159 37.7761441, -122.4262636 37.7763518, -122.4263119 37.7766275, -122.4279642 37.7763815))",polygon1
Pickup,3,20,POINT(-122.426457490898 37.7764721777419),POINT(-122.426049809492 37.7765900874261),"POLYGON((-122.4263119 37.7766275, -122.4262636 37.7763518, -122.4246221 37.7765172, -122.4246758 37.7768055, -122.4263119 37.7766275))",polygon2
Pickup,6,22,POINT(-122.426284066636 37.776333305778),POINT(-122.426045402584 37.7766179779217),"POLYGON((-122.4263119 37.7766275, -122.4262636 37.7763518, -122.4246221 37.7765172, -122.4246758 37.7768055, -122.4263119 37.7766275))",polygon2
Pickup,6,21,POINT(-122.425942661086 37.7765363877665),POINT(-122.426045402584 37.7766179779217),"POLYGON((-122.4263119 37.7766275, -122.4262636 37.7763518, -122.4246221 37.7765172, -122.4246758 37.7768055, -122.4263119 37.7766275))",polygon2
Dropoff,6,16,POINT(-122.422733688425 37.7764490718287),POINT(-122.422814397848 37.776811887749),"POLYGON((-122.4230182 37.7770217, -122.4229484 37.7767334, -122.421323 37.7769666, -122.4213874 37.7772422, -122.4230182 37.7770217))",polygon4
Dropoff,5,18,POINT(-122.425321630221 37.7766203190828),POINT(-122.425326901265 37.7766972853805),"POLYGON((-122.4263119 37.7766275, -122.4262636 37.7763518, -122.4246221 37.7765172, -122.4246758 37.7768055, -122.4263119 37.7766275))",polygon2
Pickup,1,18,POINT(-122.422889922455 37.7773778190985),POINT(-122.422927771151 37.7769698929668),"POLYGON((-122.4230182 37.7770217, -122.4229484 37.7767334, -122.421323 37.7769666, -122.4213874 37.7772422, -122.4230182 37.7770217))",polygon4
Dropoff,1,20,POINT(-122.424849741087 37.7766378002019),POINT(-122.423604119858 37.7766909977582),"POLYGON((-122.4246758 37.7768055, -122.4246221 37.7765172, -122.4229484 37.7767334, -122.4230182 37.7770217, -122.4246758 37.7768055))",polygon3
Dropoff,1,20,POINT(-122.424849741087 37.7766378002019),POINT(-122.423604119858 37.7766909977582),"POLYGON((-122.4263119 37.7766275, -122.4262636 37.7763518, -122.4246221 37.7765172, -122.4246758 37.7768055, -122.4263119 37.7766275))",polygon2
Pickup,5,22,POINT(-122.426457490898 37.7764721777419),POINT(-122.426261427274 37.7764040261506),"POLYGON((-122.4279642 37.7763815, -122.4279159 37.7761441, -122.4262636 37.7763518, -122.4263119 37.7766275, -122.4279642 37.7763815))",polygon1
Pickup,5,22,POINT(-122.426457490898 37.7764721777419),POINT(-122.426261427274 37.7764040261506),"POLYGON((-122.4263119 37.7766275, -122.4262636 37.7763518, -122.4246221 37.7765172, -122.4246758 37.7768055, -122.4263119 37.7766275))",polygon2
Pickup,2,21,POINT(-122.423209475626 37.776820223827),POINT(-122.422449131046 37.7767711898968),"POLYGON((-122.4246758 37.7768055, -122.4246221 37.7765172, -122.4229484 37.7767334, -122.4230182 37.7770217, -122.4246758 37.7768055))",polygon3
Dropoff,7,18,POINT(-122.425844758454 37.7765086327269),POINT(-122.425845795375 37.7764093706272),"POLYGON((-122.4263119 37.7766275, -122.4262636 37.7763518, -122.4246221 37.7765172, -122.4246758 37.7768055, -122.4263119 37.7766275))",polygon2
Dropoff,6,17,POINT(-122.424655057037 37.7768302824437),POINT(-122.423408482964 37.7767098007088),"POLYGON((-122.4246758 37.7768055, -122.4246221 37.7765172, -122.4229484 37.7767334, -122.4230182 37.7770217, -122.4246758 37.7768055))",polygon3
Pickup,5,14,POINT(-122.424655057037 37.7768302824437),POINT(-122.424717532251 37.7766328085801),"POLYGON((-122.4263119 37.7766275, -122.4262636 37.7763518, -122.4246221 37.7765172, -122.4246758 37.7768055, -122.4263119 37.7766275))",polygon2
Dropoff,7,22,POINT(-122.422733688425 37.7764490718287),POINT(-122.42254081512 37.7768266710287),"POLYGON((-122.4230182 37.7770217, -122.4229484 37.7767334, -122.421323 37.7769666, -122.4213874 37.7772422, -122.4230182 37.7770217))",polygon4
Pickup,5,13,POINT(-122.426396485685 37.7759741264104),POINT(-122.426045402584 37.7766179779217),"POLYGON((-122.4263119 37.7766275, -122.4262636 37.7763518, -122.4246221 37.7765172, -122.4246758 37.7768055, -122.4263119 37.7766275))",polygon2
Dropoff,2,20,POINT(-122.425942661086 37.7765363877665),POINT(-122.426045402584 37.7766179779217),"POLYGON((-122.4263119 37.7766275, -122.4262636 37.7763518, -122.4246221 37.7765172, -122.4246758 37.7768055, -122.4263119 37.7766275))",polygon2
Pickup,7,23,POINT(-122.421342521285 37.7772425193096),POINT(-122.422342929506 37.7770644088027),"POLYGON((-122.4230182 37.7770217, -122.4229484 37.7767334, -122.421323 37.7769666, -122.4213874 37.7772422, -122.4230182 37.7770217))",polygon4
Pickup,2,21,POINT(-122.424463224198 37.7766844176431),POINT(-122.424519823563 37.7766058693874),"POLYGON((-122.4246758 37.7768055, -122.4246221 37.7765172, -122.4229484 37.7767334, -122.4230182 37.7770217, -122.4246758 37.7768055))",polygon3
Dropoff,5,17,POINT(-122.422733688425 37.7764490718287),POINT(-122.422814397848 37.776811887749),"POLYGON((-122.4230182 37.7770217, -122.4229484 37.7767334, -122.421323 37.7769666, -122.4213874 37.7772422, -122.4230182 37.7770217))",polygon4
Pickup,6,18,POINT(-122.426457490898 37.7764721777419),POINT(-122.426385425246 37.7761032250584),"POLYGON((-122.4279642 37.7763815, -122.4279159 37.7761441, -122.4262636 37.7763518, -122.4263119 37.7766275, -122.4279642 37.7763815))",polygon1
Pickup,6,23,POINT(-122.424221704427 37.776261289738),POINT(-122.424378195476 37.7766976291038),"POLYGON((-122.4246758 37.7768055, -122.4246221 37.7765172, -122.4229484 37.7767334, -122.4230182 37.7770217, -122.4246758 37.7768055))",polygon3
Dropoff,3,16,POINT(-122.421163385249 37.7770887404333),POINT(-122.422101836922 37.77709966012),"POLYGON((-122.4230182 37.7770217, -122.4229484 37.7767334, -122.421323 37.7769666, -122.4213874 37.7772422, -122.4230182 37.7770217))",polygon4
Dropoff,5,14,POINT(-122.424387700723 37.7766938332243),POINT(-122.424319867807 37.7768448280664),"POLYGON((-122.4246758 37.7768055, -122.4246221 37.7765172, -122.4229484 37.7767334, -122.4230182 37.7770217, -122.4246758 37.7768055))",polygon3
Pickup,1,19,POINT(-122.426240775333 37.7763211770386),POINT(-122.426266266222 37.7763693871327),"POLYGON((-122.4263119 37.7766275, -122.4262636 37.7763518, -122.4246221 37.7765172, -122.4246758 37.7768055, -122.4263119 37.7766275))",polygon2
Dropoff,1,13,POINT(-122.424849741087 37.7766378002019),POINT(-122.424737579614 37.7763838266664),"POLYGON((-122.4263119 37.7766275, -122.4262636 37.7763518, -122.4246221 37.7765172, -122.4246758 37.7768055, -122.4263119 37.7766275))",polygon2
Pickup,4,22,POINT(-122.422610463854 37.7769710798452),POINT(-122.422740342202 37.7771040893142),"POLYGON((-122.4230182 37.7770217, -122.4229484 37.7767334, -122.421323 37.7769666, -122.4213874 37.7772422, -122.4230182 37.7770217))",polygon4
Dropoff,1,13,POINT(-122.423137580568 37.776391521998),POINT(-122.423389299468 37.7767460165065),"POLYGON((-122.4246758 37.7768055, -122.4246221 37.7765172, -122.4229484 37.7767334, -122.4230182 37.7770217, -122.4246758 37.7768055))",polygon3
Dropoff,3,23,POINT(-122.424387700723 37.7766938332243),POINT(-122.424380614993 37.7768528249401),"POLYGON((-122.4246758 37.7768055, -122.4246221 37.7765172, -122.4229484 37.7767334, -122.4230182 37.7770217, -122.4246758 37.7768055))",polygon3
Pickup,3,21,POINT(-122.421288080554 37.7769366891584),POINT(-122.421758084603 37.7769496171721),"POLYGON((-122.4230182 37.7770217, -122.4229484 37.7767334, -122.421323 37.7769666, -122.4213874 37.7772422, -122.4230182 37.7770217))",polygon4
Dropoff,7,0,POINT(-122.421342521285 37.7772425193096),POINT(-122.422101836922 37.77709966012),"POLYGON((-122.4230182 37.7770217, -122.4229484 37.7767334, -122.421323 37.7769666, -122.4213874 37.7772422, -122.4230182 37.7770217))",polygon4
Pickup,4,16,POINT(-122.424655057037 37.7768302824437),POINT(-122.425060065127 37.7764927050763),"POLYGON((-122.4263119 37.7766275, -122.4262636 37.7763518, -122.4246221 37.7765172, -122.4246758 37.7768055, -122.4263119 37.7766275))",polygon2
Pickup,7,1,POINT(-122.420033602742 37.7772268676796),POINT(-122.422741292741 37.7769104152387),"POLYGON((-122.4230182 37.7770217, -122.4229484 37.7767334, -122.421323 37.7769666, -122.4213874 37.7772422, -122.4230182 37.7770217))",polygon4
Pickup,6,15,POINT(-122.426621582649 37.7764530377299),POINT(-122.426608102768 37.776424397003),"POLYGON((-122.4279642 37.7763815, -122.4279159 37.7761441, -122.4262636 37.7763518, -122.4263119 37.7766275, -122.4279642 37.7763815))",polygon1
Dropoff,1,17,POINT(-122.424890094992 37.7766780953956),POINT(-122.424921721383 37.7768112943597),"POLYGON((-122.4263119 37.7766275, -122.4262636 37.7763518, -122.4246221 37.7765172, -122.4246758 37.7768055, -122.4263119 37.7766275))",polygon2
Pickup,7,17,POINT(-122.423106817764 37.7772398672772),POINT(-122.42254323468 37.7769588954241),"POLYGON((-122.4230182 37.7770217, -122.4229484 37.7767334, -122.421323 37.7769666, -122.4213874 37.7772422, -122.4230182 37.7770217))",polygon4
Dropoff,3,15,POINT(-122.425642817785 37.7765785973798),POINT(-122.425648088813 37.7767001278647),"POLYGON((-122.4263119 37.7766275, -122.4262636 37.7763518, -122.4246221 37.7765172, -122.4246758 37.7768055, -122.4263119 37.7766275))",polygon2
Pickup,2,19,POINT(-122.421528829352 37.7771072160929),POINT(-122.421306659537 37.7767707430259),"POLYGON((-122.4230182 37.7770217, -122.4229484 37.7767334, -122.421323 37.7769666, -122.4213874 37.7772422, -122.4230182 37.7770217))",polygon4
Pickup,5,22,POINT(-122.426333493012 37.7767963137192),POINT(-122.426199385029 37.776582973841),"POLYGON((-122.4263119 37.7766275, -122.4262636 37.7763518, -122.4246221 37.7765172, -122.4246758 37.7768055, -122.4263119 37.7766275))",polygon2
Dropoff,6,13,POINT(-122.42332198438 37.7768290232458),POINT(-122.422740342202 37.7771040893142),"POLYGON((-122.4246758 37.7768055, -122.4246221 37.7765172, -122.4229484 37.7767334, -122.4230182 37.7770217, -122.4246758 37.7768055))",polygon3
Dropoff,2,15,POINT(-122.425113207741 37.7766043103469),POINT(-122.425002774767 37.7765249385779),"POLYGON((-122.4263119 37.7766275, -122.4262636 37.7763518, -122.4246221 37.7765172, -122.4246758 37.7768055, -122.4263119 37.7766275))",polygon2
Pickup,5,20,POINT(-122.424387700723 37.7766938332243),POINT(-122.424307338155 37.7766503578918),"POLYGON((-122.4246758 37.7768055, -122.4246221 37.7765172, -122.4229484 37.7767334, -122.4230182 37.7770217, -122.4246758 37.7768055))",polygon3
Pickup,2,15,POINT(-122.426284066636 37.776333305778),POINT(-122.42625503295 37.7766293957629),"POLYGON((-122.4263119 37.7766275, -122.4262636 37.7763518, -122.4246221 37.7765172, -122.4246758 37.7768055, -122.4263119 37.7766275))",polygon2
Pickup,6,22,POINT(-122.426191521733 37.7769685129115),POINT(-122.426045402584 37.7766179779217),"POLYGON((-122.4263119 37.7766275, -122.4262636 37.7763518, -122.4246221 37.7765172, -122.4246758 37.7768055, -122.4263119 37.7766275))",polygon2
Dropoff,1,22,POINT(-122.425942661086 37.7765363877665),POINT(-122.425993297362 37.7766628660426),"POLYGON((-122.4263119 37.7766275, -122.4262636 37.7763518, -122.4246221 37.7765172, -122.4246758 37.7768055, -122.4263119 37.7766275))",polygon2
Dropoff,2,17,POINT(-122.42332198438 37.7768290232458),POINT(-122.423176811772 37.7770403719393),"POLYGON((-122.4246758 37.7768055, -122.4246221 37.7765172, -122.4229484 37.7767334, -122.4230182 37.7770217, -122.4246758 37.7768055))",polygon3
Pickup,3,22,POINT(-122.424849741087 37.7766378002019),POINT(-122.424814485413 37.7765603869289),"POLYGON((-122.4263119 37.7766275, -122.4262636 37.7763518, -122.4246221 37.7765172, -122.4246758 37.7768055, -122.4263119 37.7766275))",polygon2
Dropoff,7,23,POINT(-122.425795504668 37.7765572237663),POINT(-122.425810972087 37.7767072418296),"POLYGON((-122.4263119 37.7766275, -122.4262636 37.7763518, -122.4246221 37.7765172, -122.4246758 37.7768055, -122.4263119 37.7766275))",polygon2
Pickup,1,21,POINT(-122.425866706624 37.7765055894921),POINT(-122.425847523578 37.7765844794366),"POLYGON((-122.4263119 37.7766275, -122.4262636 37.7763518, -122.4246221 37.7765172, -122.4246758 37.7768055, -122.4263119 37.7766275))",polygon2
Pickup,4,20,POINT(-122.423001999489 37.7767477208701),POINT(-122.422955423157 37.7769795635701),"POLYGON((-122.4230182 37.7770217, -122.4229484 37.7767334, -122.421323 37.7769666, -122.4213874 37.7772422, -122.4230182 37.7770217))",polygon4
Pickup,4,20,POINT(-122.423001999489 37.7767477208701),POINT(-122.422955423157 37.7769795635701),"POLYGON((-122.4246758 37.7768055, -122.4246221 37.7765172, -122.4229484 37.7767334, -122.4230182 37.7770217, -122.4246758 37.7768055))",polygon3
Dropoff,2,10,POINT(-122.427618484207 37.7763234139178),POINT(-122.42763058142 37.7764144910363),"POLYGON((-122.4279642 37.7763815, -122.4279159 37.7761441, -122.4262636 37.7763518, -122.4263119 37.7766275, -122.4279642 37.7763815))",polygon1
Pickup,5,15,POINT(-122.42483021221 37.7766853906467),POINT(-122.424554215223 37.776551163098),"POLYGON((-122.4246758 37.7768055, -122.4246221 37.7765172, -122.4229484 37.7767334, -122.4230182 37.7770217, -122.4246758 37.7768055))",polygon3
Pickup,5,15,POINT(-122.42483021221 37.7766853906467),POINT(-122.424554215223 37.776551163098),"POLYGON((-122.4263119 37.7766275, -122.4262636 37.7763518, -122.4246221 37.7765172, -122.4246758 37.7768055, -122.4263119 37.7766275))",polygon2
Pickup,1,15,POINT(-122.425942661086 37.7765363877665),POINT(-122.426024577781 37.776555101509),"POLYGON((-122.4263119 37.7766275, -122.4262636 37.7763518, -122.4246221 37.7765172, -122.4246758 37.7768055, -122.4263119 37.7766275))",polygon2
Pickup,5,19,POINT(-122.426240775333 37.7763211770386),POINT(-122.425953894391 37.7766528127063),"POLYGON((-122.4263119 37.7766275, -122.4262636 37.7763518, -122.4246221 37.7765172, -122.4246758 37.7768055, -122.4263119 37.7766275))",polygon2
Pickup,4,21,POINT(-122.426457490898 37.7764721777419),POINT(-122.425997704273 37.7764607894652),"POLYGON((-122.4279642 37.7763815, -122.4279159 37.7761441, -122.4262636 37.7763518, -122.4263119 37.7766275, -122.4279642 37.7763815))",polygon1
Pickup,4,21,POINT(-122.426457490898 37.7764721777419),POINT(-122.425997704273 37.7764607894652),"POLYGON((-122.4263119 37.7766275, -122.4262636 37.7763518, -122.4246221 37.7765172, -122.4246758 37.7768055, -122.4263119 37.7766275))",polygon2
Pickup,6,20,POINT(-122.425866706624 37.7765055894921),POINT(-122.425873100972 37.7765161995942),"POLYGON((-122.4263119 37.7766275, -122.4262636 37.7763518, -122.4246221 37.7765172, -122.4246758 37.7768055, -122.4263119 37.7766275))",polygon2
Dropoff,2,11,POINT(-122.423209475626 37.776820223827),POINT(-122.423192365989 37.7771258084043),"POLYGON((-122.4246758 37.7768055, -122.4246221 37.7765172, -122.4229484 37.7767334, -122.4230182 37.7770217, -122.4246758 37.7768055))",polygon3
Dropoff,7,16,POINT(-122.424221704427 37.776261289738),POINT(-122.424319867807 37.7768448280664),"POLYGON((-122.4246758 37.7768055, -122.4246221 37.7765172, -122.4229484 37.7767334, -122.4230182 37.7770217, -122.4246758 37.7768055))",polygon3
Pickup,4,16,POINT(-122.424446028354 37.7766867258339),POINT(-122.424209174763 37.7764532177859),"POLYGON((-122.4246758 37.7768055, -122.4246221 37.7765172, -122.4229484 37.7767334, -122.4230182 37.7770217, -122.4246758 37.7768055))",polygon3
Pickup,4,20,POINT(-122.42483021221 37.7766853906467),POINT(-122.424830385032 37.7766683985856),"POLYGON((-122.4263119 37.7766275, -122.4262636 37.7763518, -122.4246221 37.7765172, -122.4246758 37.7768055, -122.4263119 37.7766275))",polygon2
Pickup,7,21,POINT(-122.426284066636 37.776333305778),POINT(-122.426264365207 37.7763917087818),"POLYGON((-122.4263119 37.7766275, -122.4262636 37.7763518, -122.4246221 37.7765172, -122.4246758 37.7768055, -122.4263119 37.7766275))",polygon2
Dropoff,6,15,POINT(-122.424387700723 37.7766938332243),POINT(-122.424319867807 37.7768448280664),"POLYGON((-122.4246758 37.7768055, -122.4246221 37.7765172, -122.4229484 37.7767334, -122.4230182 37.7770217, -122.4246758 37.7768055))",polygon3
Pickup,4,18,POINT(-122.425942661086 37.7765363877665),POINT(-122.42614270016 37.7766949901275),"POLYGON((-122.4263119 37.7766275, -122.4262636 37.7763518, -122.4246221 37.7765172, -122.4246758 37.7768055, -122.4263119 37.7766275))",polygon2
Pickup,7,23,POINT(-122.422644164838 37.7769104795419),POINT(-122.422605279086 37.7768207312237),"POLYGON((-122.4230182 37.7770217, -122.4229484 37.7767334, -122.421323 37.7769666, -122.4213874 37.7772422, -122.4230182 37.7770217))",polygon4
Dropoff,5,10,POINT(-122.425648520864 37.7765348959759),POINT(-122.425618709309 37.7763708237297),"POLYGON((-122.4263119 37.7766275, -122.4262636 37.7763518, -122.4246221 37.7765172, -122.4246758 37.7768055, -122.4263119 37.7766275))",polygon2
Dropoff,7,15,POINT(-122.426284066636 37.776333305778),POINT(-122.426045402584 37.7766179779217),"POLYGON((-122.4263119 37.7766275, -122.4262636 37.7763518, -122.4246221 37.7765172, -122.4246758 37.7768055, -122.4263119 37.7766275))",polygon2
Pickup,1,1,POINT(-122.424655057037 37.7768302824437),POINT(-122.424287722766 37.7768227997739),"POLYGON((-122.4246758 37.7768055, -122.4246221 37.7765172, -122.4229484 37.7767334, -122.4230182 37.7770217, -122.4246758 37.7768055))",polygon3
Pickup,5,18,POINT(-122.423864133169 37.7767650064983),POINT(-122.423857393051 37.7766439263032),"POLYGON((-122.4246758 37.7768055, -122.4246221 37.7765172, -122.4229484 37.7767334, -122.4230182 37.7770217, -122.4246758 37.7768055))",polygon3
Dropoff,3,12,POINT(-122.423864133169 37.7767650064983),POINT(-122.424029697972 37.7768991780854),"POLYGON((-122.4246758 37.7768055, -122.4246221 37.7765172, -122.4229484 37.7767334, -122.4230182 37.7770217, -122.4246758 37.7768055))",polygon3
Pickup,3,21,POINT(-122.424849741087 37.7766378002019),POINT(-122.424961124742 37.7765962718356),"POLYGON((-122.4263119 37.7766275, -122.4262636 37.7763518, -122.4246221 37.7765172, -122.4246758 37.7768055, -122.4263119 37.7766275))",polygon2
Pickup,5,22,POINT(-122.422803509856 37.7769471141156),POINT(-122.4234751067 37.776407379725),"POLYGON((-122.4230182 37.7770217, -122.4229484 37.7767334, -122.421323 37.7769666, -122.4213874 37.7772422, -122.4230182 37.7770217))",polygon4
Pickup,4,21,POINT(-122.424655057037 37.7768302824437),POINT(-122.424807831768 37.7767391651621),"POLYGON((-122.4263119 37.7766275, -122.4262636 37.7763518, -122.4246221 37.7765172, -122.4246758 37.7768055, -122.4263119 37.7766275))",polygon2
Pickup,4,19,POINT(-122.424463224198 37.7766844176431),POINT(-122.424600099557 37.7764770008177),"POLYGON((-122.4246758 37.7768055, -122.4246221 37.7765172, -122.4229484 37.7767334, -122.4230182 37.7770217, -122.4246758 37.7768055))",polygon3
Pickup,7,0,POINT(-122.424655057037 37.7768302824437),POINT(-122.424336026735 37.7766637076269),"POLYGON((-122.4246758 37.7768055, -122.4246221 37.7765172, -122.4229484 37.7767334, -122.4230182 37.7770217, -122.4246758 37.7768055))",polygon3
Pickup,7,0,POINT(-122.42483021221 37.7766853906467),POINT(-122.424443436016 37.7767618218523),"POLYGON((-122.4246758 37.7768055, -122.4246221 37.7765172, -122.4229484 37.7767334, -122.4230182 37.7770217, -122.4246758 37.7768055))",polygon3
Pickup,7,0,POINT(-122.42483021221 37.7766853906467),POINT(-122.424443436016 37.7767618218523),"POLYGON((-122.4263119 37.7766275, -122.4262636 37.7763518, -122.4246221 37.7765172, -122.4246758 37.7768055, -122.4263119 37.7766275))",polygon2
Dropoff,1,13,POINT(-122.424200015146 37.7762641074496),POINT(-122.423735206742 37.776654534146),"POLYGON((-122.4246758 37.7768055, -122.4246221 37.7765172, -122.4229484 37.7767334, -122.4230182 37.7770217, -122.4246758 37.7768055))",polygon3
Dropoff,1,19,POINT(-122.426457490898 37.7764721777419),POINT(-122.425002774767 37.7765249385779),"POLYGON((-122.4279642 37.7763815, -122.4279159 37.7761441, -122.4262636 37.7763518, -122.4263119 37.7766275, -122.4279642 37.7763815))",polygon1
Dropoff,1,19,POINT(-122.426457490898 37.7764721777419),POINT(-122.425002774767 37.7765249385779),"POLYGON((-122.4263119 37.7766275, -122.4262636 37.7763518, -122.4246221 37.7765172, -122.4246758 37.7768055, -122.4263119 37.7766275))",polygon2
Pickup,7,21,POINT(-122.424655057037 37.7768302824437),POINT(-122.424668537169 37.776594153167),"POLYGON((-122.4263119 37.7766275, -122.4262636 37.7763518, -122.4246221 37.7765172, -122.4246758 37.7768055, -122.4263119 37.7766275))",polygon2
Dropoff,2,17,POINT(-122.423330798425 37.7768281299506),POINT(-122.423176811772 37.7770403719393),"POLYGON((-122.4246758 37.7768055, -122.4246221 37.7765172, -122.4229484 37.7767334, -122.4230182 37.7770217, -122.4246758 37.7768055))",polygon3
Dropoff,6,13,POINT(-122.423864133169 37.7767650064983),POINT(-122.423890575164 37.776426889915),"POLYGON((-122.4246758 37.7768055, -122.4246221 37.7765172, -122.4229484 37.7767334, -122.4230182 37.7770217, -122.4246758 37.7768055))",polygon3
Pickup,6,0,POINT(-122.424655057037 37.7768302824437),POINT(-122.424372492328 37.7767462015807),"POLYGON((-122.4246758 37.7768055, -122.4246221 37.7765172, -122.4229484 37.7767334, -122.4230182 37.7770217, -122.4246758 37.7768055))",polygon3
Dropoff,6,18,POINT(-122.42655893575 37.7764185104574),POINT(-122.426529383682 37.7762606843251),"POLYGON((-122.4279642 37.7763815, -122.4279159 37.7761441, -122.4262636 37.7763518, -122.4263119 37.7766275, -122.4279642 37.7763815))",polygon1
Pickup,7,12,POINT(-122.425860917147 37.7765480088597),POINT(-122.425882433264 37.7766788641097),"POLYGON((-122.4263119 37.7766275, -122.4262636 37.7763518, -122.4246221 37.7765172, -122.4246758 37.7768055, -122.4263119 37.7766275))",polygon2
Pickup,5,13,POINT(-122.425800862098 37.7765145010864),POINT(-122.425803540813 37.7765184025862),"POLYGON((-122.4263119 37.7766275, -122.4262636 37.7763518, -122.4246221 37.7765172, -122.4246758 37.7768055, -122.4263119 37.7766275))",polygon2
Dropoff,3,17,POINT(-122.42401846446 37.7767878407125),POINT(-122.424029697972 37.7768991780854),"POLYGON((-122.4246758 37.7768055, -122.4246221 37.7765172, -122.4229484 37.7767334, -122.4230182 37.7770217, -122.4246758 37.7768055))",polygon3
Dropoff,7,0,POINT(-122.423001999489 37.7767477208701),POINT(-122.423599885671 37.7764424304318),"POLYGON((-122.4246758 37.7768055, -122.4246221 37.7765172, -122.4229484 37.7767334, -122.4230182 37.7770217, -122.4246758 37.7768055))",polygon3
Dropoff,6,18,POINT(-122.425942661086 37.7765363877665),POINT(-122.426045402584 37.7766179779217),"POLYGON((-122.4263119 37.7766275, -122.4262636 37.7763518, -122.4246221 37.7765172, -122.4246758 37.7768055, -122.4263119 37.7766275))",polygon2
Pickup,3,17,POINT(-122.424146440012 37.7767715986847),POINT(-122.424321596034 37.7768413158539),"POLYGON((-122.4246758 37.7768055, -122.4246221 37.7765172, -122.4229484 37.7767334, -122.4230182 37.7770217, -122.4246758 37.7768055))",polygon3
Pickup,1,20,POINT(-122.425178879877 37.7765960339293),POINT(-122.425186570427 37.7766103165949),"POLYGON((-122.4263119 37.7766275, -122.4262636 37.7763518, -122.4246221 37.7765172, -122.4246758 37.7768055, -122.4263119 37.7766275))",polygon2
Pickup,2,14,POINT(-122.421163385249 37.7770887404333),POINT(-122.421429367155 37.7770370410553),"POLYGON((-122.4230182 37.7770217, -122.4229484 37.7767334, -122.421323 37.7769666, -122.4213874 37.7772422, -122.4230182 37.7770217))",polygon4
Pickup,5,22,POINT(-122.426284066636 37.776333305778),POINT(-122.426001419903 37.7766283075897),"POLYGON((-122.4263119 37.7766275, -122.4262636 37.7763518, -122.4246221 37.7765172, -122.4246758 37.7768055, -122.4263119 37.7766275))",polygon2
Pickup,6,20,POINT(-122.425942661086 37.7765363877665),POINT(-122.425991396342 37.7765423348163),"POLYGON((-122.4263119 37.7766275, -122.4262636 37.7763518, -122.4246221 37.7765172, -122.4246758 37.7768055, -122.4263119 37.7766275))",polygon2
Pickup,1,8,POINT(-122.424655057037 37.7768302824437),POINT(-122.424796771161 37.7767760086677),"POLYGON((-122.4263119 37.7766275, -122.4262636 37.7763518, -122.4246221 37.7765172, -122.4246758 37.7768055, -122.4263119 37.7766275))",polygon2
Pickup,1,1,POINT(-122.422644164838 37.7769104795419),POINT(-122.422620314912 37.776898330861),"POLYGON((-122.4230182 37.7770217, -122.4229484 37.7767334, -122.421323 37.7769666, -122.4213874 37.7772422, -122.4230182 37.7770217))",polygon4
Pickup,7,16,POINT(-122.424655057037 37.7768302824437),POINT(-122.424301635003 37.7767674132354),"POLYGON((-122.4246758 37.7768055, -122.4246221 37.7765172, -122.4229484 37.7767334, -122.4230182 37.7770217, -122.4246758 37.7768055))",polygon3
Pickup,3,21,POINT(-122.425942661086 37.7765363877665),POINT(-122.426045402584 37.7766179779217),"POLYGON((-122.4263119 37.7766275, -122.4262636 37.7763518, -122.4246221 37.7765172, -122.4246758 37.7768055, -122.4263119 37.7766275))",polygon2
Dropoff,3,21,POINT(-122.425942661086 37.7765363877665),POINT(-122.426045402584 37.7766179779217),"POLYGON((-122.4263119 37.7766275, -122.4262636 37.7763518, -122.4246221 37.7765172, -122.4246758 37.7768055, -122.4263119 37.7766275))",polygon2
Pickup,6,23,POINT(-122.423153998915 37.7774616295067),POINT(-122.422694889119 37.776948968308),"POLYGON((-122.4230182 37.7770217, -122.4229484 37.7767334, -122.421323 37.7769666, -122.4213874 37.7772422, -122.4230182 37.7770217))",polygon4
Dropoff,3,17,POINT(-122.423864133169 37.7767650064983),POINT(-122.424029697972 37.7768991780854),"POLYGON((-122.4246758 37.7768055, -122.4246221 37.7765172, -122.4229484 37.7767334, -122.4230182 37.7770217, -122.4246758 37.7768055))",polygon3
Dropoff,6,1,POINT(-122.42401846446 37.7767878407125),POINT(-122.424029697972 37.7768991780854),"POLYGON((-122.4246758 37.7768055, -122.4246221 37.7765172, -122.4229484 37.7767334, -122.4230182 37.7770217, -122.4246758 37.7768055))",polygon3
Dropoff,1,12,POINT(-122.421163385249 37.7770887404333),POINT(-122.422266021896 37.7768752677252),"POLYGON((-122.4230182 37.7770217, -122.4229484 37.7767334, -122.421323 37.7769666, -122.4213874 37.7772422, -122.4230182 37.7770217))",polygon4
Dropoff,1,18,POINT(-122.424849741087 37.7766378002019),POINT(-122.424776896631 37.7765500656232),"POLYGON((-122.4263119 37.7766275, -122.4262636 37.7763518, -122.4246221 37.7765172, -122.4246758 37.7768055, -122.4263119 37.7766275))",polygon2
Pickup,1,19,POINT(-122.424655057037 37.7768302824437),POINT(-122.423918226917 37.7766628746931),"POLYGON((-122.4246758 37.7768055, -122.4246221 37.7765172, -122.4229484 37.7767334, -122.4230182 37.7770217, -122.4246758 37.7768055))",polygon3
Pickup,5,21,POINT(-122.426284066636 37.776333305778),POINT(-122.425909825261 37.7764788049573),"POLYGON((-122.4263119 37.7766275, -122.4262636 37.7763518, -122.4246221 37.7765172, -122.4246758 37.7768055, -122.4263119 37.7766275))",polygon2
Dropoff,5,12,POINT(-122.424655057037 37.7768302824437),POINT(-122.424799709135 37.7767751050329),"POLYGON((-122.4263119 37.7766275, -122.4262636 37.7763518, -122.4246221 37.7765172, -122.4246758 37.7768055, -122.4263119 37.7766275))",polygon2
Pickup,7,20,POINT(-122.424655057037 37.7768302824437),POINT(-122.424222309307 37.7767969726503),"POLYGON((-122.4246758 37.7768055, -122.4246221 37.7765172, -122.4229484 37.7767334, -122.4230182 37.7770217, -122.4246758 37.7768055))",polygon3
Pickup,6,0,POINT(-122.424446028354 37.7766867258339),POINT(-122.424447670169 37.7767250423117),"POLYGON((-122.4246758 37.7768055, -122.4246221 37.7765172, -122.4229484 37.7767334, -122.4230182 37.7770217, -122.4246758 37.7768055))",polygon3
Pickup,6,21,POINT(-122.425942661086 37.7765363877665),POINT(-122.426011270642 37.7765506161347),"POLYGON((-122.4263119 37.7766275, -122.4262636 37.7763518, -122.4246221 37.7765172, -122.4246758 37.7768055, -122.4263119 37.7766275))",polygon2
Pickup,3,19,POINT(-122.421163385249 37.7770887404333),POINT(-122.421441724323 37.7770426919054),"POLYGON((-122.4230182 37.7770217, -122.4229484 37.7767334, -122.421323 37.7769666, -122.4213874 37.7772422, -122.4230182 37.7770217))",polygon4
Pickup,2,13,POINT(-122.423209475626 37.776820223827),POINT(-122.422612364936 37.7768498130678),"POLYGON((-122.4230182 37.7770217, -122.4229484 37.7767334, -122.421323 37.7769666, -122.4213874 37.7772422, -122.4230182 37.7770217))",polygon4
Pickup,2,13,POINT(-122.423209475626 37.776820223827),POINT(-122.422612364936 37.7768498130678),"POLYGON((-122.4246758 37.7768055, -122.4246221 37.7765172, -122.4229484 37.7767334, -122.4230182 37.7770217, -122.4246758 37.7768055))",polygon3
Pickup,5,13,POINT(-122.426240775333 37.7763211770386),POINT(-122.426312409036 37.7765322153927),"POLYGON((-122.4279642 37.7763815, -122.4279159 37.7761441, -122.4262636 37.7763518, -122.4263119 37.7766275, -122.4279642 37.7763815))",polygon1
Dropoff,3,12,POINT(-122.423608786105 37.7767970128174),POINT(-122.423604119858 37.7766909977582),"POLYGON((-122.4246758 37.7768055, -122.4246221 37.7765172, -122.4229484 37.7767334, -122.4230182 37.7770217, -122.4246758 37.7768055))",polygon3
Dropoff,1,12,POINT(-122.424655057037 37.7768302824437),POINT(-122.423637993347 37.7766909758119),"POLYGON((-122.4246758 37.7768055, -122.4246221 37.7765172, -122.4229484 37.7767334, -122.4230182 37.7770217, -122.4246758 37.7768055))",polygon3
Dropoff,5,19,POINT(-122.424849741087 37.7766378002019),POINT(-122.424737579614 37.7763838266664),"POLYGON((-122.4263119 37.7766275, -122.4262636 37.7763518, -122.4246221 37.7765172, -122.4246758 37.7768055, -122.4263119 37.7766275))",polygon2
Dropoff,5,16,POINT(-122.423425333329 37.7768612136313),POINT(-122.422740342202 37.7771040893142),"POLYGON((-122.4246758 37.7768055, -122.4246221 37.7765172, -122.4229484 37.7767334, -122.4230182 37.7770217, -122.4246758 37.7768055))",polygon3
Pickup,5,20,POINT(-122.425844758454 37.7765086327269),POINT(-122.425833006675 37.776434677682),"POLYGON((-122.4263119 37.7766275, -122.4262636 37.7763518, -122.4246221 37.7765172, -122.4246758 37.7768055, -122.4263119 37.7766275))",polygon2
Dropoff,1,21,POINT(-122.426457490898 37.7764721777419),POINT(-122.426165858006 37.7766273092287),"POLYGON((-122.4279642 37.7763815, -122.4279159 37.7761441, -122.4262636 37.7763518, -122.4263119 37.7766275, -122.4279642 37.7763815))",polygon1
Dropoff,1,21,POINT(-122.426457490898 37.7764721777419),POINT(-122.426165858006 37.7766273092287),"POLYGON((-122.4263119 37.7766275, -122.4262636 37.7763518, -122.4246221 37.7765172, -122.4246758 37.7768055, -122.4263119 37.7766275))",polygon2
Pickup,1,13,POINT(-122.42483021221 37.7766853906467),POINT(-122.424283142961 37.7765957141022),"POLYGON((-122.4246758 37.7768055, -122.4246221 37.7765172, -122.4229484 37.7767334, -122.4230182 37.7770217, -122.4246758 37.7768055))",polygon3
Pickup,1,13,POINT(-122.42483021221 37.7766853906467),POINT(-122.424283142961 37.7765957141022),"POLYGON((-122.4263119 37.7766275, -122.4262636 37.7763518, -122.4246221 37.7765172, -122.4246758 37.7768055, -122.4263119 37.7766275))",polygon2
Dropoff,6,20,POINT(-122.422733688425 37.7764490718287),POINT(-122.422814397848 37.776811887749),"POLYGON((-122.4230182 37.7770217, -122.4229484 37.7767334, -122.421323 37.7769666, -122.4213874 37.7772422, -122.4230182 37.7770217))",polygon4
Pickup,1,14,POINT(-122.423001999489 37.7767477208701),POINT(-122.422554900414 37.7768762826941),"POLYGON((-122.4230182 37.7770217, -122.4229484 37.7767334, -122.421323 37.7769666, -122.4213874 37.7772422, -122.4230182 37.7770217))",polygon4
Pickup,1,14,POINT(-122.423001999489 37.7767477208701),POINT(-122.422554900414 37.7768762826941),"POLYGON((-122.4246758 37.7768055, -122.4246221 37.7765172, -122.4229484 37.7767334, -122.4230182 37.7770217, -122.4246758 37.7768055))",polygon3
Dropoff,1,18,POINT(-122.425942661086 37.7765363877665),POINT(-122.426045402584 37.7766179779217),"POLYGON((-122.4263119 37.7766275, -122.4262636 37.7763518, -122.4246221 37.7765172, -122.4246758 37.7768055, -122.4263119 37.7766275))",polygon2
Pickup,1,19,POINT(-122.426457490898 37.7764721777419),POINT(-122.426289424042 37.7763693885608),"POLYGON((-122.4279642 37.7763815, -122.4279159 37.7761441, -122.4262636 37.7763518, -122.4263119 37.7766275, -122.4279642 37.7763815))",polygon1
Pickup,5,14,POINT(-122.424655057037 37.7768302824437),POINT(-122.424535636815 37.7766015146476),"POLYGON((-122.4246758 37.7768055, -122.4246221 37.7765172, -122.4229484 37.7767334, -122.4230182 37.7770217, -122.4246758 37.7768055))",polygon3
Dropoff,7,23,POINT(-122.427684414001 37.7763146926894),POINT(-122.427691413099 37.7763973783436),"POLYGON((-122.4279642 37.7763815, -122.4279159 37.7761441, -122.4262636 37.7763518, -122.4263119 37.7766275, -122.4279642 37.7763815))",polygon1
Pickup,2,17,POINT(-122.424387700723 37.7766938332243),POINT(-122.424394872863 37.7767329205535),"POLYGON((-122.4246758 37.7768055, -122.4246221 37.7765172, -122.4229484 37.7767334, -122.4230182 37.7770217, -122.4246758 37.7768055))",polygon3
Dropoff,4,8,POINT(-122.423209475626 37.776820223827),POINT(-122.423138963166 37.7767884756294),"POLYGON((-122.4246758 37.7768055, -122.4246221 37.7765172, -122.4229484 37.7767334, -122.4230182 37.7770217, -122.4246758 37.7768055))",polygon3
Pickup,6,17,POINT(-122.424574003385 37.7761043716093),POINT(-122.425094024557 37.7764978903963),"POLYGON((-122.4263119 37.7766275, -122.4262636 37.7763518, -122.4246221 37.7765172, -122.4246758 37.7768055, -122.4263119 37.7766275))",polygon2
Dropoff,5,17,POINT(-122.425795504668 37.7765572237663),POINT(-122.425810972087 37.7767072418296),"POLYGON((-122.4263119 37.7766275, -122.4262636 37.7763518, -122.4246221 37.7765172, -122.4246758 37.7768055, -122.4263119 37.7766275))",polygon2
Pickup,6,22,POINT(-122.424146440012 37.7767715986847),POINT(-122.424347865092 37.7766621748457),"POLYGON((-122.4246758 37.7768055, -122.4246221 37.7765172, -122.4229484 37.7767334, -122.4230182 37.7770217, -122.4246758 37.7768055))",polygon3
Pickup,5,13,POINT(-122.422803509856 37.7769471141156),POINT(-122.423103274856 37.7767803315185),"POLYGON((-122.4230182 37.7770217, -122.4229484 37.7767334, -122.421323 37.7769666, -122.4213874 37.7772422, -122.4230182 37.7770217))",polygon4
Pickup,5,13,POINT(-122.422803509856 37.7769471141156),POINT(-122.423103274856 37.7767803315185),"POLYGON((-122.4246758 37.7768055, -122.4246221 37.7765172, -122.4229484 37.7767334, -122.4230182 37.7770217, -122.4246758 37.7768055))",polygon3
Pickup,4,12,POINT(-122.424849741087 37.7766378002019),POINT(-122.424709668844 37.7765990955761),"POLYGON((-122.4263119 37.7766275, -122.4262636 37.7763518, -122.4246221 37.7765172, -122.4246758 37.7768055, -122.4263119 37.7766275))",polygon2
Dropoff,7,22,POINT(-122.424849741087 37.7766378002019),POINT(-122.424737579614 37.7763838266664),"POLYGON((-122.4263119 37.7766275, -122.4262636 37.7763518, -122.4246221 37.7765172, -122.4246758 37.7768055, -122.4263119 37.7766275))",polygon2
Pickup,5,0,POINT(-122.424196126629 37.7767185859009),POINT(-122.42428547607 37.7766884880549),"POLYGON((-122.4246758 37.7768055, -122.4246221 37.7765172, -122.4229484 37.7767334, -122.4230182 37.7770217, -122.4246758 37.7768055))",polygon3
Dropoff,7,18,POINT(-122.424849741087 37.7766378002019),POINT(-122.424776896631 37.7765500656232),"POLYGON((-122.4263119 37.7766275, -122.4262636 37.7763518, -122.4246221 37.7765172, -122.4246758 37.7768055, -122.4263119 37.7766275))",polygon2
Pickup,4,11,POINT(-122.426345331144 37.7766305550962),POINT(-122.425862990989 37.7765619107343),"POLYGON((-122.4263119 37.7766275, -122.4262636 37.7763518, -122.4246221 37.7765172, -122.4246758 37.7768055, -122.4263119 37.7766275))",polygon2
Pickup,5,1,POINT(-122.424387700723 37.7766938332243),POINT(-122.424380614993 37.7768528249401),"POLYGON((-122.4246758 37.7768055, -122.4246221 37.7765172, -122.4229484 37.7767334, -122.4230182 37.7770217, -122.4246758 37.7768055))",polygon3
Pickup,7,23,POINT(-122.423001999489 37.7767477208701),POINT(-122.422916796758 37.7771540724229),"POLYGON((-122.4246758 37.7768055, -122.4246221 37.7765172, -122.4229484 37.7767334, -122.4230182 37.7770217, -122.4246758 37.7768055))",polygon3
Pickup,4,20,POINT(-122.423367091543 37.7768286725309),POINT(-122.423372189861 37.7767677814936),"POLYGON((-122.4246758 37.7768055, -122.4246221 37.7765172, -122.4229484 37.7767334, -122.4230182 37.7770217, -122.4246758 37.7768055))",polygon3
Dropoff,7,15,POINT(-122.423001999489 37.7767477208701),POINT(-122.422570281898 37.7770844905576),"POLYGON((-122.4246758 37.7768055, -122.4246221 37.7765172, -122.4229484 37.7767334, -122.4230182 37.7770217, -122.4246758 37.7768055))",polygon3
Pickup,7,13,POINT(-122.426284066636 37.776333305778),POINT(-122.426080139384 37.7764435032608),"POLYGON((-122.4263119 37.7766275, -122.4262636 37.7763518, -122.4246221 37.7765172, -122.4246758 37.7768055, -122.4263119 37.7766275))",polygon2
Dropoff,5,20,POINT(-122.422085072758 37.7770384405069),POINT(-122.422101836922 37.77709966012),"POLYGON((-122.4230182 37.7770217, -122.4229484 37.7767334, -122.421323 37.7769666, -122.4213874 37.7772422, -122.4230182 37.7770217))",polygon4
Dropoff,6,20,POINT(-122.424849741087 37.7766378002019),POINT(-122.424737579614 37.7763838266664),"POLYGON((-122.4263119 37.7766275, -122.4262636 37.7763518, -122.4246221 37.7765172, -122.4246758 37.7768055, -122.4263119 37.7766275))",polygon2
Dropoff,4,21,POINT(-122.424387700723 37.7766938332243),POINT(-122.424380614993 37.7768528249401),"POLYGON((-122.4246758 37.7768055, -122.4246221 37.7765172, -122.4229484 37.7767334, -122.4230182 37.7770217, -122.4246758 37.7768055))",polygon3
Pickup,4,20,POINT(-122.426543986898 37.7769140402157),POINT(-122.426216839815 37.7765547049268),"POLYGON((-122.4263119 37.7766275, -122.4262636 37.7763518, -122.4246221 37.7765172, -122.4246758 37.7768055, -122.4263119 37.7766275))",polygon2
Pickup,1,0,POINT(-122.424655057037 37.7768302824437),POINT(-122.424608135794 37.7765489733657),"POLYGON((-122.4246758 37.7768055, -122.4246221 37.7765172, -122.4229484 37.7767334, -122.4230182 37.7770217, -122.4246758 37.7768055))",polygon3
Pickup,3,20,POINT(-122.425844758454 37.7765086327269),POINT(-122.425859707405 37.7764170141551),"POLYGON((-122.4263119 37.7766275, -122.4262636 37.7763518, -122.4246221 37.7765172, -122.4246758 37.7768055, -122.4263119 37.7766275))",polygon2
Pickup,7,23,POINT(-122.42483021221 37.7766853906467),POINT(-122.424838421252 37.7767070745998),"POLYGON((-122.4263119 37.7766275, -122.4262636 37.7763518, -122.4246221 37.7765172, -122.4246758 37.7768055, -122.4263119 37.7766275))",polygon2
Pickup,7,18,POINT(-122.424655057037 37.7768302824437),POINT(-122.423420667075 37.7767063442344),"POLYGON((-122.4246758 37.7768055, -122.4246221 37.7765172, -122.4229484 37.7767334, -122.4230182 37.7770217, -122.4246758 37.7768055))",polygon3
Pickup,6,9,POINT(-122.424655057037 37.7768302824437),POINT(-122.424666808947 37.7766811968699),"POLYGON((-122.4263119 37.7766275, -122.4262636 37.7763518, -122.4246221 37.7765172, -122.4246758 37.7768055, -122.4263119 37.7766275))",polygon2
Pickup,3,10,POINT(-122.425502228138 37.7765543025746),POINT(-122.425505598144 37.7765568282815),"POLYGON((-122.4263119 37.7766275, -122.4262636 37.7763518, -122.4246221 37.7765172, -122.4246758 37.7768055, -122.4263119 37.7766275))",polygon2
Dropoff,2,11,POINT(-122.426457490898 37.7764721777419),POINT(-122.426088434738 37.7763879543159),"POLYGON((-122.4279642 37.7763815, -122.4279159 37.7761441, -122.4262636 37.7763518, -122.4263119 37.7766275, -122.4279642 37.7763815))",polygon1
Dropoff,2,11,POINT(-122.426457490898 37.7764721777419),POINT(-122.426088434738 37.7763879543159),"POLYGON((-122.4263119 37.7766275, -122.4262636 37.7763518, -122.4246221 37.7765172, -122.4246758 37.7768055, -122.4263119 37.7766275))",polygon2
Dropoff,7,11,POINT(-122.425860917147 37.7765480088597),POINT(-122.425889432481 37.7766751845954),"POLYGON((-122.4263119 37.7766275, -122.4262636 37.7763518, -122.4246221 37.7765172, -122.4246758 37.7768055, -122.4263119 37.7766275))",polygon2
Dropoff,4,11,POINT(-122.423672730944 37.7767891234745),POINT(-122.423625031554 37.7765675921975),"POLYGON((-122.4246758 37.7768055, -122.4246221 37.7765172, -122.4229484 37.7767334, -122.4230182 37.7770217, -122.4246758 37.7768055))",polygon3
Dropoff,6,21,POINT(-122.425113207741 37.7766043103469),POINT(-122.425002774767 37.7765249385779),"POLYGON((-122.4263119 37.7766275, -122.4262636 37.7763518, -122.4246221 37.7765172, -122.4246758 37.7768055, -122.4263119 37.7766275))",polygon2
Pickup,6,21,POINT(-122.426284066636 37.776333305778),POINT(-122.42607270813 37.7764856279163),"POLYGON((-122.4263119 37.7766275, -122.4262636 37.7763518, -122.4246221 37.7765172, -122.4246758 37.7768055, -122.4263119 37.7766275))",polygon2
Pickup,2,13,POINT(-122.424655057037 37.7768302824437),POINT(-122.424878861573 37.7766824228651),"POLYGON((-122.4263119 37.7766275, -122.4262636 37.7763518, -122.4246221 37.7765172, -122.4246758 37.7768055, -122.4263119 37.7766275))",polygon2
Pickup,4,23,POINT(-122.425881396342 37.776544981255),POINT(-122.425912503974 37.7765296698702),"POLYGON((-122.4263119 37.7766275, -122.4262636 37.7763518, -122.4246221 37.7765172, -122.4246758 37.7768055, -122.4263119 37.7766275))",polygon2
Dropoff,7,21,POINT(-122.425942661086 37.7765363877665),POINT(-122.426045402584 37.7766179779217),"POLYGON((-122.4263119 37.7766275, -122.4262636 37.7763518, -122.4246221 37.7765172, -122.4246758 37.7768055, -122.4263119 37.7766275))",polygon2
Pickup,2,21,POINT(-122.426457490898 37.7764721777419),POINT(-122.426229023599 37.7765889060019),"POLYGON((-122.4279642 37.7763815, -122.4279159 37.7761441, -122.4262636 37.7763518, -122.4263119 37.7766275, -122.4279642 37.7763815))",polygon1
Pickup,2,21,POINT(-122.426457490898 37.7764721777419),POINT(-122.426229023599 37.7765889060019),"POLYGON((-122.4263119 37.7766275, -122.4262636 37.7763518, -122.4246221 37.7765172, -122.4246758 37.7768055, -122.4263119 37.7766275))",polygon2
Pickup,1,11,POINT(-122.422889922455 37.7773778190985),POINT(-122.423048489388 37.7769995772044),"POLYGON((-122.4246758 37.7768055, -122.4246221 37.7765172, -122.4229484 37.7767334, -122.4230182 37.7770217, -122.4246758 37.7768055))",polygon3
Dropoff,1,11,POINT(-122.425135069654 37.7766015119388),POINT(-122.425094024557 37.7764978903963),"POLYGON((-122.4263119 37.7766275, -122.4262636 37.7763518, -122.4246221 37.7765172, -122.4246758 37.7768055, -122.4263119 37.7766275))",polygon2
Pickup,2,18,POINT(-122.427932492842 37.7761363142782),POINT(-122.427595585907 37.7764169681929),"POLYGON((-122.4279642 37.7763815, -122.4279159 37.7761441, -122.4262636 37.7763518, -122.4263119 37.7766275, -122.4279642 37.7763815))",polygon1
Dropoff,3,17,POINT(-122.42332198438 37.7768290232458),POINT(-122.423255533372 37.7770072188445),"POLYGON((-122.4246758 37.7768055, -122.4246221 37.7765172, -122.4229484 37.7767334, -122.4230182 37.7770217, -122.4246758 37.7768055))",polygon3
Pickup,3,22,POINT(-122.426492832429 37.7764272114263),POINT(-122.42589764144 37.7765300975062),"POLYGON((-122.4279642 37.7763815, -122.4279159 37.7761441, -122.4262636 37.7763518, -122.4263119 37.7766275, -122.4279642 37.7763815))",polygon1
Pickup,3,22,POINT(-122.426492832429 37.7764272114263),POINT(-122.42589764144 37.7765300975062),"POLYGON((-122.4263119 37.7766275, -122.4262636 37.7763518, -122.4246221 37.7765172, -122.4246758 37.7768055, -122.4263119 37.7766275))",polygon2
Pickup,6,22,POINT(-122.422733688425 37.7764490718287),POINT(-122.422610982331 37.7769089799593),"POLYGON((-122.4230182 37.7770217, -122.4229484 37.7767334, -122.421323 37.7769666, -122.4213874 37.7772422, -122.4230182 37.7770217))",polygon4
Pickup,1,21,POINT(-122.424655057037 37.7768302824437),POINT(-122.424005675538 37.7768108213518),"POLYGON((-122.4246758 37.7768055, -122.4246221 37.7765172, -122.4229484 37.7767334, -122.4230182 37.7770217, -122.4246758 37.7768055))",polygon3
Dropoff,1,1,POINT(-122.426240775333 37.7763211770386),POINT(-122.425720414202 37.7766381884394),"POLYGON((-122.4263119 37.7766275, -122.4262636 37.7763518, -122.4246221 37.7765172, -122.4246758 37.7768055, -122.4263119 37.7766275))",polygon2
Pickup,7,18,POINT(-122.42683302646 37.7764263112336),POINT(-122.426863269716 37.7765664763258),"POLYGON((-122.4279642 37.7763815, -122.4279159 37.7761441, -122.4262636 37.7763518, -122.4263119 37.7766275, -122.4279642 37.7763815))",polygon1
Dropoff,7,16,POINT(-122.426724323483 37.7763980265585),POINT(-122.426566021332 37.7762380012494),"POLYGON((-122.4279642 37.7763815, -122.4279159 37.7761441, -122.4262636 37.7763518, -122.4263119 37.7766275, -122.4279642 37.7763815))",polygon1
Pickup,1,1,POINT(-122.424387700723 37.7766938332243),POINT(-122.424310276143 37.7766120867383),"POLYGON((-122.4246758 37.7768055, -122.4246221 37.7765172, -122.4229484 37.7767334, -122.4230182 37.7770217, -122.4246758 37.7768055))",polygon3
Dropoff,4,15,POINT(-122.424726778234 37.7769542755059),POINT(-122.424776896631 37.7765500656232),"POLYGON((-122.4263119 37.7766275, -122.4262636 37.7763518, -122.4246221 37.7765172, -122.4246758 37.7768055, -122.4263119 37.7766275))",polygon2
Dropoff,7,12,POINT(-122.425860917147 37.7765480088597),POINT(-122.425889432481 37.7766751845954),"POLYGON((-122.4263119 37.7766275, -122.4262636 37.7763518, -122.4246221 37.7765172, -122.4246758 37.7768055, -122.4263119 37.7766275))",polygon2
Pickup,4,11,POINT(-122.423403039 37.7768640718708),POINT(-122.423432937596 37.7770218674428),"POLYGON((-122.4246758 37.7768055, -122.4246221 37.7765172, -122.4229484 37.7767334, -122.4230182 37.7770217, -122.4246758 37.7768055))",polygon3
Dropoff,2,19,POINT(-122.424387700723 37.7766938332243),POINT(-122.424319867807 37.7768448280664),"POLYGON((-122.4246758 37.7768055, -122.4246221 37.7765172, -122.4229484 37.7767334, -122.4230182 37.7770217, -122.4246758 37.7768055))",polygon3
Pickup,2,19,POINT(-122.424151711115 37.7767248311338),POINT(-122.42412717024 37.7765989026422),"POLYGON((-122.4246758 37.7768055, -122.4246221 37.7765172, -122.4229484 37.7767334, -122.4230182 37.7770217, -122.4246758 37.7768055))",polygon3
Pickup,3,18,POINT(-122.425901789124 37.7765421256222),POINT(-122.425895308368 37.7765383757916),"POLYGON((-122.4263119 37.7766275, -122.4262636 37.7763518, -122.4246221 37.7765172, -122.4246758 37.7768055, -122.4263119 37.7766275))",polygon2
Pickup,6,23,POINT(-122.423106817764 37.7772398672772),POINT(-122.423040020969 37.777013304733),"POLYGON((-122.4246758 37.7768055, -122.4246221 37.7765172, -122.4229484 37.7767334, -122.4230182 37.7770217, -122.4246758 37.7768055))",polygon3
Dropoff,6,18,POINT(-122.421342521285 37.7772425193096),POINT(-122.42254081512 37.7768266710287),"POLYGON((-122.4230182 37.7770217, -122.4229484 37.7767334, -122.421323 37.7769666, -122.4213874 37.7772422, -122.4230182 37.7770217))",polygon4
Pickup,7,12,POINT(-122.423001999489 37.7767477208701),POINT(-122.422158523974 37.7771488925682),"POLYGON((-122.4246758 37.7768055, -122.4246221 37.7765172, -122.4229484 37.7767334, -122.4230182 37.7770217, -122.4246758 37.7768055))",polygon3
Dropoff,3,18,POINT(-122.423001999489 37.7767477208701),POINT(-122.423176811772 37.7770403719393),"POLYGON((-122.4246758 37.7768055, -122.4246221 37.7765172, -122.4229484 37.7767334, -122.4230182 37.7770217, -122.4246758 37.7768055))",polygon3
Pickup,2,17,POINT(-122.424463224198 37.7766844176431),POINT(-122.424447324523 37.7764979629042),"POLYGON((-122.4246758 37.7768055, -122.4246221 37.7765172, -122.4229484 37.7767334, -122.4230182 37.7770217, -122.4246758 37.7768055))",polygon3
Pickup,6,23,POINT(-122.424655057037 37.7768302824437),POINT(-122.424325657369 37.776775509755),"POLYGON((-122.4246758 37.7768055, -122.4246221 37.7765172, -122.4229484 37.7767334, -122.4230182 37.7770217, -122.4246758 37.7768055))",polygon3
Dropoff,6,12,POINT(-122.424726778234 37.7769542755059),POINT(-122.425002774767 37.7765249385779),"POLYGON((-122.4263119 37.7766275, -122.4262636 37.7763518, -122.4246221 37.7765172, -122.4246758 37.7768055, -122.4263119 37.7766275))",polygon2
Pickup,6,22,POINT(-122.424221704427 37.776261289738),POINT(-122.424365060952 37.7767281313998),"POLYGON((-122.4246758 37.7768055, -122.4246221 37.7765172, -122.4229484 37.7767334, -122.4230182 37.7770217, -122.4246758 37.7768055))",polygon3
Pickup,7,19,POINT(-122.426854715196 37.7764234929223),POINT(-122.426876576746 37.7765665996511),"POLYGON((-122.4279642 37.7763815, -122.4279159 37.7761441, -122.4262636 37.7763518, -122.4263119 37.7766275, -122.4279642 37.7763815))",polygon1
Pickup,1,13,POINT(-122.422733688425 37.7764490718287),POINT(-122.42267121203 37.7768893660848),"POLYGON((-122.4230182 37.7770217, -122.4229484 37.7767334, -122.421323 37.7769666, -122.4213874 37.7772422, -122.4230182 37.7770217))",polygon4
Pickup,2,9,POINT(-122.426284066636 37.776333305778),POINT(-122.426038316967 37.7766232106933),"POLYGON((-122.4263119 37.7766275, -122.4262636 37.7763518, -122.4246221 37.7765172, -122.4246758 37.7768055, -122.4263119 37.7766275))",polygon2
Pickup,4,18,POINT(-122.423864133169 37.7767650064983),POINT(-122.423895068575 37.7766462971795),"POLYGON((-122.4246758 37.7768055, -122.4246221 37.7765172, -122.4229484 37.7767334, -122.4230182 37.7770217, -122.4246758 37.7768055))",polygon3
Dropoff,1,18,POINT(-122.424726778234 37.7769542755059),POINT(-122.424319867807 37.7768448280664),"POLYGON((-122.4246758 37.7768055, -122.4246221 37.7765172, -122.4229484 37.7767334, -122.4230182 37.7770217, -122.4246758 37.7768055))",polygon3
Dropoff,1,22,POINT(-122.425860917147 37.7765480088597),POINT(-122.425889432481 37.7766751845954),"POLYGON((-122.4263119 37.7766275, -122.4262636 37.7763518, -122.4246221 37.7765172, -122.4246758 37.7768055, -122.4263119 37.7766275))",polygon2
Pickup,1,19,POINT(-122.424574003385 37.7761043716093),POINT(-122.424776896631 37.7765500656232),"POLYGON((-122.4263119 37.7766275, -122.4262636 37.7763518, -122.4246221 37.7765172, -122.4246758 37.7768055, -122.4263119 37.7766275))",polygon2
Pickup,4,11,POINT(-122.423864133169 37.7767650064983),POINT(-122.424029697972 37.7768991780854),"POLYGON((-122.4246758 37.7768055, -122.4246221 37.7765172, -122.4229484 37.7767334, -122.4230182 37.7770217, -122.4246758 37.7768055))",polygon3
Dropoff,3,18,POINT(-122.426457490898 37.7764721777419),POINT(-122.426045402584 37.7766179779217),"POLYGON((-122.4279642 37.7763815, -122.4279159 37.7761441, -122.4262636 37.7763518, -122.4263119 37.7766275, -122.4279642 37.7763815))",polygon1
Dropoff,3,18,POINT(-122.426457490898 37.7764721777419),POINT(-122.426045402584 37.7766179779217),"POLYGON((-122.4263119 37.7766275, -122.4262636 37.7763518, -122.4246221 37.7765172, -122.4246758 37.7768055, -122.4263119 37.7766275))",polygon2
Dropoff,7,17,POINT(-122.423115718239 37.776394319937),POINT(-122.422814397848 37.776811887749),"POLYGON((-122.4230182 37.7770217, -122.4229484 37.7767334, -122.421323 37.7769666, -122.4213874 37.7772422, -122.4230182 37.7770217))",polygon4
Dropoff,6,19,POINT(-122.425082359105 37.7766528379882),POINT(-122.425000528085 37.7767387107341),"POLYGON((-122.4263119 37.7766275, -122.4262636 37.7763518, -122.4246221 37.7765172, -122.4246758 37.7768055, -122.4263119 37.7766275))",polygon2
Dropoff,4,18,POINT(-122.424726778234 37.7769542755059),POINT(-122.425002774767 37.7765249385779),"POLYGON((-122.4263119 37.7766275, -122.4262636 37.7763518, -122.4246221 37.7765172, -122.4246758 37.7768055, -122.4263119 37.7766275))",polygon2
Dropoff,2,17,POINT(-122.422732219409 37.7768991019104),POINT(-122.422814397848 37.776811887749),"POLYGON((-122.4230182 37.7770217, -122.4229484 37.7767334, -122.421323 37.7769666, -122.4213874 37.7772422, -122.4230182 37.7770217))",polygon4
Pickup,7,16,POINT(-122.424849741087 37.7766378002019),POINT(-122.424832113252 37.7766281732746),"POLYGON((-122.4263119 37.7766275, -122.4262636 37.7763518, -122.4246221 37.7765172, -122.4246758 37.7768055, -122.4263119 37.7766275))",polygon2
Dropoff,5,9,POINT(-122.423425333329 37.7768612136313),POINT(-122.422350188199 37.7770882030583),"POLYGON((-122.4230182 37.7770217, -122.4229484 37.7767334, -122.421323 37.7769666, -122.4213874 37.7772422, -122.4230182 37.7770217))",polygon4
Dropoff,5,9,POINT(-122.423425333329 37.7768612136313),POINT(-122.422350188199 37.7770882030583),"POLYGON((-122.4246758 37.7768055, -122.4246221 37.7765172, -122.4229484 37.7767334, -122.4230182 37.7770217, -122.4246758 37.7768055))",polygon3
Dropoff,7,20,POINT(-122.424726778234 37.7769542755059),POINT(-122.424776896631 37.7765500656232),"POLYGON((-122.4263119 37.7766275, -122.4262636 37.7763518, -122.4246221 37.7765172, -122.4246758 37.7768055, -122.4263119 37.7766275))",polygon2
Pickup,2,20,POINT(-122.426284066636 37.776333305778),POINT(-122.426298842706 37.776347662525),"POLYGON((-122.4279642 37.7763815, -122.4279159 37.7761441, -122.4262636 37.7763518, -122.4263119 37.7766275, -122.4279642 37.7763815))",polygon1
Pickup,2,8,POINT(-122.422803509856 37.7769471141156),POINT(-122.423108805249 37.7765600942796),"POLYGON((-122.4230182 37.7770217, -122.4229484 37.7767334, -122.421323 37.7769666, -122.4213874 37.7772422, -122.4230182 37.7770217))",polygon4
Dropoff,7,11,POINT(-122.42483021221 37.7766853906467),POINT(-122.423604119858 37.7766909977582),"POLYGON((-122.4246758 37.7768055, -122.4246221 37.7765172, -122.4229484 37.7767334, -122.4230182 37.7770217, -122.4246758 37.7768055))",polygon3
Dropoff,7,11,POINT(-122.42483021221 37.7766853906467),POINT(-122.423604119858 37.7766909977582),"POLYGON((-122.4263119 37.7766275, -122.4262636 37.7763518, -122.4246221 37.7765172, -122.4246758 37.7768055, -122.4263119 37.7766275))",polygon2
Dropoff,4,15,POINT(-122.424446028354 37.7766867258339),POINT(-122.424193879931 37.776390820041),"POLYGON((-122.4246758 37.7768055, -122.4246221 37.7765172, -122.4229484 37.7767334, -122.4230182 37.7770217, -122.4246758 37.7768055))",polygon3
Dropoff,6,17,POINT(-122.426284066636 37.776333305778),POINT(-122.426165858006 37.7766273092287),"POLYGON((-122.4263119 37.7766275, -122.4262636 37.7763518, -122.4246221 37.7765172, -122.4246758 37.7768055, -122.4263119 37.7766275))",polygon2
Pickup,2,20,POINT(-122.426492832429 37.7764272114263),POINT(-122.425941278525 37.7765564416773),"POLYGON((-122.4279642 37.7763815, -122.4279159 37.7761441, -122.4262636 37.7763518, -122.4263119 37.7766275, -122.4279642 37.7763815))",polygon1
Pickup,2,20,POINT(-122.426492832429 37.7764272114263),POINT(-122.425941278525 37.7765564416773),"POLYGON((-122.4263119 37.7766275, -122.4262636 37.7763518, -122.4246221 37.7765172, -122.4246758 37.7768055, -122.4263119 37.7766275))",polygon2
Pickup,4,19,POINT(-122.42483021221 37.7766853906467),POINT(-122.424399366252 37.7768019114607),"POLYGON((-122.4246758 37.7768055, -122.4246221 37.7765172, -122.4229484 37.7767334, -122.4230182 37.7770217, -122.4246758 37.7768055))",polygon3
Pickup,4,19,POINT(-122.42483021221 37.7766853906467),POINT(-122.424399366252 37.7768019114607),"POLYGON((-122.4263119 37.7766275, -122.4262636 37.7763518, -122.4246221 37.7765172, -122.4246758 37.7768055, -122.4263119 37.7766275))",polygon2
Pickup,2,19,POINT(-122.424664907903 37.7768790143617),POINT(-122.423821186515 37.7768626920098),"POLYGON((-122.4246758 37.7768055, -122.4246221 37.7765172, -122.4229484 37.7767334, -122.4230182 37.7770217, -122.4246758 37.7768055))",polygon3
Pickup,3,18,POINT(-122.423209475626 37.776820223827),POINT(-122.42287428178 37.7771893212697),"POLYGON((-122.4246758 37.7768055, -122.4246221 37.7765172, -122.4229484 37.7767334, -122.4230182 37.7770217, -122.4246758 37.7768055))",polygon3
Pickup,3,18,POINT(-122.424196126629 37.7767185859009),POINT(-122.424232160214 37.7767953241534),"POLYGON((-122.4246758 37.7768055, -122.4246221 37.7765172, -122.4229484 37.7767334, -122.4230182 37.7770217, -122.4246758 37.7768055))",polygon3
Dropoff,1,18,POINT(-122.425866706624 37.7765055894921),POINT(-122.426005394763 37.7763402883653),"POLYGON((-122.4263119 37.7766275, -122.4262636 37.7763518, -122.4246221 37.7765172, -122.4246758 37.7768055, -122.4263119 37.7766275))",polygon2
Pickup,3,22,POINT(-122.423209475626 37.776820223827),POINT(-122.422474795681 37.7768480653978),"POLYGON((-122.4230182 37.7770217, -122.4229484 37.7767334, -122.421323 37.7769666, -122.4213874 37.7772422, -122.4230182 37.7770217))",polygon4
Pickup,3,22,POINT(-122.423209475626 37.776820223827),POINT(-122.422474795681 37.7768480653978),"POLYGON((-122.4246758 37.7768055, -122.4246221 37.7765172, -122.4229484 37.7767334, -122.4230182 37.7770217, -122.4246758 37.7768055))",polygon3
Pickup,4,20,POINT(-122.422732219409 37.7768991019104),POINT(-122.422908241917 37.7765442061751),"POLYGON((-122.4230182 37.7770217, -122.4229484 37.7767334, -122.421323 37.7769666, -122.4213874 37.7772422, -122.4230182 37.7770217))",polygon4
Pickup,4,19,POINT(-122.425648520864 37.7765348959759),POINT(-122.425647570351 37.7764028762277),"POLYGON((-122.4263119 37.7766275, -122.4262636 37.7763518, -122.4246221 37.7765172, -122.4246758 37.7768055, -122.4263119 37.7766275))",polygon2
Dropoff,2,20,POINT(-122.421163385249 37.7770887404333),POINT(-122.421384518401 37.7770746792263),"POLYGON((-122.4230182 37.7770217, -122.4229484 37.7767334, -122.421323 37.7769666, -122.4213874 37.7772422, -122.4230182 37.7770217))",polygon4
Dropoff,5,11,POINT(-122.425135069654 37.7766015119388),POINT(-122.425094024557 37.7764978903963),"POLYGON((-122.4263119 37.7766275, -122.4262636 37.7763518, -122.4246221 37.7765172, -122.4246758 37.7768055, -122.4263119 37.7766275))",polygon2
Pickup,2,11,POINT(-122.424039808132 37.7767851292892),POINT(-122.42404611618 37.7768403309286),"POLYGON((-122.4246758 37.7768055, -122.4246221 37.7765172, -122.4229484 37.7767334, -122.4230182 37.7770217, -122.4246758 37.7768055))",polygon3
Pickup,6,20,POINT(-122.426457490898 37.7764721777419),POINT(-122.426145378866 37.7763002120596),"POLYGON((-122.4279642 37.7763815, -122.4279159 37.7761441, -122.4262636 37.7763518, -122.4263119 37.7766275, -122.4279642 37.7763815))",polygon1
Pickup,4,19,POINT(-122.42354501405 37.7768050670672),POINT(-122.423462058475 37.7766278207313),"POLYGON((-122.4246758 37.7768055, -122.4246221 37.7765172, -122.4229484 37.7767334, -122.4230182 37.7770217, -122.4246758 37.7768055))",polygon3
Pickup,6,11,POINT(-122.423864133169 37.7767650064983),POINT(-122.423841061226 37.7764325219714),"POLYGON((-122.4246758 37.7768055, -122.4246221 37.7765172, -122.4229484 37.7767334, -122.4230182 37.7770217, -122.4246758 37.7768055))",polygon3
Dropoff,6,18,POINT(-122.426457490898 37.7764721777419),POINT(-122.426005394763 37.7763402883653),"POLYGON((-122.4279642 37.7763815, -122.4279159 37.7761441, -122.4262636 37.7763518, -122.4263119 37.7766275, -122.4279642 37.7763815))",polygon1
Pickup,7,0,POINT(-122.424200015146 37.7762641074496),POINT(-122.424261540105 37.7767205677082),"POLYGON((-122.4246758 37.7768055, -122.4246221 37.7765172, -122.4229484 37.7767334, -122.4230182 37.7770217, -122.4246758 37.7768055))",polygon3
Pickup,4,22,POINT(-122.426457490898 37.7764721777419),POINT(-122.425929872397 37.7764806356635),"POLYGON((-122.4279642 37.7763815, -122.4279159 37.7761441, -122.4262636 37.7763518, -122.4263119 37.7766275, -122.4279642 37.7763815))",polygon1
Pickup,4,22,POINT(-122.426457490898 37.7764721777419),POINT(-122.425929872397 37.7764806356635),"POLYGON((-122.4263119 37.7766275, -122.4262636 37.7763518, -122.4246221 37.7765172, -122.4246758 37.7768055, -122.4263119 37.7766275))",polygon2
Dropoff,3,8,POINT(-122.424655057037 37.7768302824437),POINT(-122.424799709135 37.7767751050329),"POLYGON((-122.4263119 37.7766275, -122.4262636 37.7763518, -122.4246221 37.7765172, -122.4246758 37.7768055, -122.4263119 37.7766275))",polygon2
Pickup,1,20,POINT(-122.422903662051 37.7762145368539),POINT(-122.422652892527 37.7769218991871),"POLYGON((-122.4230182 37.7770217, -122.4229484 37.7767334, -122.421323 37.7769666, -122.4213874 37.7772422, -122.4230182 37.7770217))",polygon4
Pickup,7,19,POINT(-122.426724323483 37.7763980265585),POINT(-122.426570687447 37.7763155167676),"POLYGON((-122.4279642 37.7763815, -122.4279159 37.7761441, -122.4262636 37.7763518, -122.4263119 37.7766275, -122.4279642 37.7763815))",polygon1
Dropoff,2,11,POINT(-122.42332198438 37.7768290232458),POINT(-122.422814397848 37.776811887749),"POLYGON((-122.4230182 37.7770217, -122.4229484 37.7767334, -122.421323 37.7769666, -122.4213874 37.7772422, -122.4230182 37.7770217))",polygon4
Dropoff,2,11,POINT(-122.42332198438 37.7768290232458),POINT(-122.422814397848 37.776811887749),"POLYGON((-122.4246758 37.7768055, -122.4246221 37.7765172, -122.4229484 37.7767334, -122.4230182 37.7770217, -122.4246758 37.7768055))",polygon3
Dropoff,3,14,POINT(-122.424655057037 37.7768302824437),POINT(-122.424776896631 37.7765500656232),"POLYGON((-122.4263119 37.7766275, -122.4262636 37.7763518, -122.4246221 37.7765172, -122.4246758 37.7768055, -122.4263119 37.7766275))",polygon2
Pickup,1,19,POINT(-122.42483021221 37.7766853906467),POINT(-122.424423734241 37.776768608449),"POLYGON((-122.4246758 37.7768055, -122.4246221 37.7765172, -122.4229484 37.7767334, -122.4230182 37.7770217, -122.4246758 37.7768055))",polygon3
Pickup,1,19,POINT(-122.42483021221 37.7766853906467),POINT(-122.424423734241 37.776768608449),"POLYGON((-122.4263119 37.7766275, -122.4262636 37.7763518, -122.4246221 37.7765172, -122.4246758 37.7768055, -122.4263119 37.7766275))",polygon2
Dropoff,4,23,POINT(-122.422732219409 37.7768991019104),POINT(-122.423206883257 37.7765015045614),"POLYGON((-122.4230182 37.7770217, -122.4229484 37.7767334, -122.421323 37.7769666, -122.4213874 37.7772422, -122.4230182 37.7770217))",polygon4
Pickup,5,23,POINT(-122.424146440012 37.7767715986847),POINT(-122.42442762275 37.776837058354),"POLYGON((-122.4246758 37.7768055, -122.4246221 37.7765172, -122.4229484 37.7767334, -122.4230182 37.7770217, -122.4246758 37.7768055))",polygon3
Dropoff,5,20,POINT(-122.423864133169 37.7767650064983),POINT(-122.424029697972 37.7768991780854),"POLYGON((-122.4246758 37.7768055, -122.4246221 37.7765172, -122.4229484 37.7767334, -122.4230182 37.7770217, -122.4246758 37.7768055))",polygon3
Pickup,3,10,POINT(-122.42249026359 37.7769304031244),POINT(-122.422487411965 37.7769575975583),"POLYGON((-122.4230182 37.7770217, -122.4229484 37.7767334, -122.421323 37.7769666, -122.4213874 37.7772422, -122.4230182 37.7770217))",polygon4
Dropoff,6,13,POINT(-122.421342521285 37.7772425193096),POINT(-122.422266021896 37.7768752677252),"POLYGON((-122.4230182 37.7770217, -122.4229484 37.7767334, -122.421323 37.7769666, -122.4213874 37.7772422, -122.4230182 37.7770217))",polygon4
Pickup,2,19,POINT(-122.423800274858 37.7767732328794),POINT(-122.423818680573 37.7768450697608),"POLYGON((-122.4246758 37.7768055, -122.4246221 37.7765172, -122.4229484 37.7767334, -122.4230182 37.7770217, -122.4246758 37.7768055))",polygon3
Pickup,7,0,POINT(-122.426284066636 37.776333305778),POINT(-122.425906887319 37.7764860334156),"POLYGON((-122.4263119 37.7766275, -122.4262636 37.7763518, -122.4246221 37.7765172, -122.4246758 37.7768055, -122.4263119 37.7766275))",polygon2
Pickup,1,21,POINT(-122.425942661086 37.7765363877665),POINT(-122.426045402584 37.7766179779217),"POLYGON((-122.4263119 37.7766275, -122.4262636 37.7763518, -122.4246221 37.7765172, -122.4246758 37.7768055, -122.4263119 37.7766275))",polygon2
Dropoff,2,13,POINT(-122.422733688425 37.7764490718287),POINT(-122.422815694037 37.7768141063116),"POLYGON((-122.4230182 37.7770217, -122.4229484 37.7767334, -122.421323 37.7769666, -122.4213874 37.7772422, -122.4230182 37.7770217))",polygon4
Pickup,2,18,POINT(-122.421554407799 37.7766004052056),POINT(-122.421611786455 37.7769669099888),"POLYGON((-122.4230182 37.7770217, -122.4229484 37.7767334, -122.421323 37.7769666, -122.4213874 37.7772422, -122.4230182 37.7770217))",polygon4
Pickup,6,23,POINT(-122.421342521285 37.7772425193096),POINT(-122.422541074358 37.7768958018452),"POLYGON((-122.4230182 37.7770217, -122.4229484 37.7767334, -122.421323 37.7769666, -122.4213874 37.7772422, -122.4230182 37.7770217))",polygon4
Dropoff,4,20,POINT(-122.425942661086 37.7765363877665),POINT(-122.426045402584 37.7766179779217),"POLYGON((-122.4263119 37.7766275, -122.4262636 37.7763518, -122.4246221 37.7765172, -122.4246758 37.7768055, -122.4263119 37.7766275))",polygon2
Dropoff,2,18,POINT(-122.422754168231 37.7768962774229),POINT(-122.422814397848 37.776811887749),"POLYGON((-122.4230182 37.7770217, -122.4229484 37.7767334, -122.421323 37.7769666, -122.4213874 37.7772422, -122.4230182 37.7770217))",polygon4
Pickup,3,7,POINT(-122.423608786105 37.7767970128174),POINT(-122.423501375969 37.776432597151),"POLYGON((-122.4246758 37.7768055, -122.4246221 37.7765172, -122.4229484 37.7767334, -122.4230182 37.7770217, -122.4246758 37.7768055))",polygon3
Pickup,3,19,POINT(-122.422733688425 37.7764490718287),POINT(-122.422837729254 37.7767842108157),"POLYGON((-122.4230182 37.7770217, -122.4229484 37.7767334, -122.421323 37.7769666, -122.4213874 37.7772422, -122.4230182 37.7770217))",polygon4
Dropoff,6,20,POINT(-122.422733688425 37.7764490718287),POINT(-122.42254081512 37.7768266710287),"POLYGON((-122.4230182 37.7770217, -122.4229484 37.7767334, -122.421323 37.7769666, -122.4213874 37.7772422, -122.4230182 37.7770217))",polygon4
Dropoff,4,19,POINT(-122.424387700723 37.7766938332243),POINT(-122.424380614993 37.7768528249401),"POLYGON((-122.4246758 37.7768055, -122.4246221 37.7765172, -122.4229484 37.7767334, -122.4230182 37.7770217, -122.4246758 37.7768055))",polygon3
Pickup,5,1,POINT(-122.424426499403 37.7766890973117),POINT(-122.424343630935 37.7765646058322),"POLYGON((-122.4246758 37.7768055, -122.4246221 37.7765172, -122.4229484 37.7767334, -122.4230182 37.7770217, -122.4246758 37.7768055))",polygon3
Dropoff,7,15,POINT(-122.424221704427 37.776261289738),POINT(-122.424319867807 37.7768448280664),"POLYGON((-122.4246758 37.7768055, -122.4246221 37.7765172, -122.4229484 37.7767334, -122.4230182 37.7770217, -122.4246758 37.7768055))",polygon3
Dropoff,7,18,POINT(-122.423001999489 37.7767477208701),POINT(-122.422654707195 37.7771086888349),"POLYGON((-122.4246758 37.7768055, -122.4246221 37.7765172, -122.4229484 37.7767334, -122.4230182 37.7770217, -122.4246758 37.7768055))",polygon3
Pickup,4,23,POINT(-122.424655057037 37.7768302824437),POINT(-122.424445164241 37.7767095284023),"POLYGON((-122.4246758 37.7768055, -122.4246221 37.7765172, -122.4229484 37.7767334, -122.4230182 37.7770217, -122.4246758 37.7768055))",polygon3
Dropoff,1,17,POINT(-122.424726778234 37.7769542755059),POINT(-122.424897871975 37.7765207086951),"POLYGON((-122.4263119 37.7766275, -122.4262636 37.7763518, -122.4246221 37.7765172, -122.4246758 37.7768055, -122.4263119 37.7766275))",polygon2
Pickup,7,0,POINT(-122.424849741087 37.7766378002019),POINT(-122.424244171406 37.7766516835535),"POLYGON((-122.4246758 37.7768055, -122.4246221 37.7765172, -122.4229484 37.7767334, -122.4230182 37.7770217, -122.4246758 37.7768055))",polygon3
Pickup,7,0,POINT(-122.424849741087 37.7766378002019),POINT(-122.424244171406 37.7766516835535),"POLYGON((-122.4263119 37.7766275, -122.4262636 37.7763518, -122.4246221 37.7765172, -122.4246758 37.7768055, -122.4263119 37.7766275))",polygon2
Dropoff,5,22,POINT(-122.423864133169 37.7767650064983),POINT(-122.423866379875 37.7765965973949),"POLYGON((-122.4246758 37.7768055, -122.4246221 37.7765172, -122.4229484 37.7767334, -122.4230182 37.7770217, -122.4246758 37.7768055))",polygon3
Pickup,1,17,POINT(-122.426284066636 37.776333305778),POINT(-122.426151427558 37.7765426193756),"POLYGON((-122.4263119 37.7766275, -122.4262636 37.7763518, -122.4246221 37.7765172, -122.4246758 37.7768055, -122.4263119 37.7766275))",polygon2
Pickup,4,20,POINT(-122.423209475626 37.776820223827),POINT(-122.423021269468 37.7765286376076),"POLYGON((-122.4246758 37.7768055, -122.4246221 37.7765172, -122.4229484 37.7767334, -122.4230182 37.7770217, -122.4246758 37.7768055))",polygon3
Dropoff,2,15,POINT(-122.424655057037 37.7768302824437),POINT(-122.424776896631 37.7765500656232),"POLYGON((-122.4263119 37.7766275, -122.4262636 37.7763518, -122.4246221 37.7765172, -122.4246758 37.7768055, -122.4263119 37.7766275))",polygon2
Pickup,6,22,POINT(-122.424849741087 37.7766378002019),POINT(-122.424824941141 37.7766160574583),"POLYGON((-122.4263119 37.7766275, -122.4262636 37.7763518, -122.4246221 37.7765172, -122.4246758 37.7768055, -122.4263119 37.7766275))",polygon2
Pickup,5,19,POINT(-122.424463224198 37.7766844176431),POINT(-122.424545142048 37.7766137853212),"POLYGON((-122.4246758 37.7768055, -122.4246221 37.7765172, -122.4229484 37.7767334, -122.4230182 37.7770217, -122.4246758 37.7768055))",polygon3
Pickup,2,21,POINT(-122.42332198438 37.7768290232458),POINT(-122.423180786739 37.7770073796771),"POLYGON((-122.4246758 37.7768055, -122.4246221 37.7765172, -122.4229484 37.7767334, -122.4230182 37.7770217, -122.4246758 37.7768055))",polygon3
Pickup,4,19,POINT(-122.424062880031 37.7767373942434),POINT(-122.424066422906 37.7767030082119),"POLYGON((-122.4246758 37.7768055, -122.4246221 37.7765172, -122.4229484 37.7767334, -122.4230182 37.7770217, -122.4246758 37.7768055))",polygon3
Dropoff,1,21,POINT(-122.426240775333 37.7763211770386),POINT(-122.426045402584 37.7766179779217),"POLYGON((-122.4263119 37.7766275, -122.4262636 37.7763518, -122.4246221 37.7765172, -122.4246758 37.7768055, -122.4263119 37.7766275))",polygon2
Dropoff,4,11,POINT(-122.424849741087 37.7766378002019),POINT(-122.424897871975 37.7765207086951),"POLYGON((-122.4263119 37.7766275, -122.4262636 37.7763518, -122.4246221 37.7765172, -122.4246758 37.7768055, -122.4263119 37.7766275))",polygon2
Pickup,6,22,POINT(-122.426240775333 37.7763211770386),POINT(-122.426111333367 37.7765916645873),"POLYGON((-122.4263119 37.7766275, -122.4262636 37.7763518, -122.4246221 37.7765172, -122.4246758 37.7768055, -122.4263119 37.7766275))",polygon2
Pickup,5,19,POINT(-122.422803509856 37.7769471141156),POINT(-122.422740342202 37.7771040893142),"POLYGON((-122.4230182 37.7770217, -122.4229484 37.7767334, -122.421323 37.7769666, -122.4213874 37.7772422, -122.4230182 37.7770217))",polygon4
Pickup,4,22,POINT(-122.424242788822 37.7762566951634),POINT(-122.42441111819 37.7765536635384),"POLYGON((-122.4246758 37.7768055, -122.4246221 37.7765172, -122.4229484 37.7767334, -122.4230182 37.7770217, -122.4246758 37.7768055))",polygon3
Pickup,7,21,POINT(-122.424655057037 37.7768302824437),POINT(-122.424556980381 37.7765615810374),"POLYGON((-122.4246758 37.7768055, -122.4246221 37.7765172, -122.4229484 37.7767334, -122.4230182 37.7770217, -122.4246758 37.7768055))",polygon3
Dropoff,6,19,POINT(-122.423001999489 37.7767477208701),POINT(-122.423206883257 37.7765015045614),"POLYGON((-122.4246758 37.7768055, -122.4246221 37.7765172, -122.4229484 37.7767334, -122.4230182 37.7770217, -122.4246758 37.7768055))",polygon3
Pickup,6,15,POINT(-122.424655057037 37.7768302824437),POINT(-122.423614489295 37.7767573822252),"POLYGON((-122.4246758 37.7768055, -122.4246221 37.7765172, -122.4229484 37.7767334, -122.4230182 37.7770217, -122.4246758 37.7768055))",polygon3
Pickup,7,18,POINT(-122.421148608457 37.7771766722894),POINT(-122.421718334388 37.7770487187618),"POLYGON((-122.4230182 37.7770217, -122.4229484 37.7767334, -122.421323 37.7769666, -122.4213874 37.7772422, -122.4230182 37.7770217))",polygon4
Dropoff,4,20,POINT(-122.425860917147 37.7765480088597),POINT(-122.425889432481 37.7766751845954),"POLYGON((-122.4263119 37.7766275, -122.4262636 37.7763518, -122.4246221 37.7765172, -122.4246758 37.7768055, -122.4263119 37.7766275))",polygon2
Dropoff,7,19,POINT(-122.423001999489 37.7767477208701),POINT(-122.422024065003 37.777290497391),"POLYGON((-122.4246758 37.7768055, -122.4246221 37.7765172, -122.4229484 37.7767334, -122.4230182 37.7770217, -122.4246758 37.7768055))",polygon3
Dropoff,4,10,POINT(-122.424655057037 37.7768302824437),POINT(-122.424799709135 37.7767751050329),"POLYGON((-122.4263119 37.7766275, -122.4262636 37.7763518, -122.4246221 37.7765172, -122.4246758 37.7768055, -122.4263119 37.7766275))",polygon2
Pickup,7,22,POINT(-122.424655057037 37.7768302824437),POINT(-122.424446373999 37.7767756761792),"POLYGON((-122.4246758 37.7768055, -122.4246221 37.7765172, -122.4229484 37.7767334, -122.4230182 37.7770217, -122.4246758 37.7768055))",polygon3
Pickup,7,21,POINT(-122.426284066636 37.776333305778),POINT(-122.426045402584 37.7766179779217),"POLYGON((-122.4263119 37.7766275, -122.4262636 37.7763518, -122.4246221 37.7765172, -122.4246758 37.7768055, -122.4263119 37.7766275))",polygon2
Dropoff,2,16,POINT(-122.42332198438 37.7768290232458),POINT(-122.423192365989 37.7771258084043),"POLYGON((-122.4246758 37.7768055, -122.4246221 37.7765172, -122.4229484 37.7767334, -122.4230182 37.7770217, -122.4246758 37.7768055))",polygon3
Dropoff,7,0,POINT(-122.424849741087 37.7766378002019),POINT(-122.424724099491 37.776264674254),"POLYGON((-122.4263119 37.7766275, -122.4262636 37.7763518, -122.4246221 37.7765172, -122.4246758 37.7768055, -122.4263119 37.7766275))",polygon2
Dropoff,3,13,POINT(-122.421550087116 37.7771046771515),POINT(-122.421555099108 37.7771010274857),"POLYGON((-122.4230182 37.7770217, -122.4229484 37.7767334, -122.421323 37.7769666, -122.4213874 37.7772422, -122.4230182 37.7770217))",polygon4
Dropoff,5,17,POINT(-122.424387700723 37.7766938332243),POINT(-122.424380614993 37.7768528249401),"POLYGON((-122.4246758 37.7768055, -122.4246221 37.7765172, -122.4229484 37.7767334, -122.4230182 37.7770217, -122.4246758 37.7768055))",polygon3
Pickup,6,20,POINT(-122.424849741087 37.7766378002019),POINT(-122.424660241703 37.776570750925),"POLYGON((-122.4263119 37.7766275, -122.4262636 37.7763518, -122.4246221 37.7765172, -122.4246758 37.7768055, -122.4263119 37.7766275))",polygon2
Pickup,6,21,POINT(-122.426492832429 37.7764272114263),POINT(-122.426273697464 37.7763804779464),"POLYGON((-122.4279642 37.7763815, -122.4279159 37.7761441, -122.4262636 37.7763518, -122.4263119 37.7766275, -122.4279642 37.7763815))",polygon1
Dropoff,1,14,POINT(-122.423001999489 37.7767477208701),POINT(-122.423426888748 37.7767242777905),"POLYGON((-122.4246758 37.7768055, -122.4246221 37.7765172, -122.4229484 37.7767334, -122.4230182 37.7770217, -122.4246758 37.7768055))",polygon3
Dropoff,5,1,POINT(-122.422754168231 37.7768962774229),POINT(-122.423206883257 37.7765015045614),"POLYGON((-122.4230182 37.7770217, -122.4229484 37.7767334, -122.421323 37.7769666, -122.4213874 37.7772422, -122.4230182 37.7770217))",polygon4
Pickup,3,15,POINT(-122.424881713133 37.7771319882572),POINT(-122.423843567168 37.7767549743614),"POLYGON((-122.4246758 37.7768055, -122.4246221 37.7765172, -122.4229484 37.7767334, -122.4230182 37.7770217, -122.4246758 37.7768055))",polygon3
Pickup,6,12,POINT(-122.424655057037 37.7768302824437),POINT(-122.425049782244 37.7766624942754),"POLYGON((-122.4263119 37.7766275, -122.4262636 37.7763518, -122.4246221 37.7765172, -122.4246758 37.7768055, -122.4263119 37.7766275))",polygon2
Dropoff,2,20,POINT(-122.425942661086 37.7765363877665),POINT(-122.426045402584 37.7766179779217),"POLYGON((-122.4263119 37.7766275, -122.4262636 37.7763518, -122.4246221 37.7765172, -122.4246758 37.7768055, -122.4263119 37.7766275))",polygon2
Pickup,1,18,POINT(-122.42483021221 37.7766853906467),POINT(-122.424009132004 37.7767385127766),"POLYGON((-122.4246758 37.7768055, -122.4246221 37.7765172, -122.4229484 37.7767334, -122.4230182 37.7770217, -122.4246758 37.7768055))",polygon3
Pickup,1,18,POINT(-122.42483021221 37.7766853906467),POINT(-122.424009132004 37.7767385127766),"POLYGON((-122.4263119 37.7766275, -122.4262636 37.7763518, -122.4246221 37.7765172, -122.4246758 37.7768055, -122.4263119 37.7766275))",polygon2
Dropoff,1,19,POINT(-122.425942661086 37.7765363877665),POINT(-122.426045402584 37.7766179779217),"POLYGON((-122.4263119 37.7766275, -122.4262636 37.7763518, -122.4246221 37.7765172, -122.4246758 37.7768055, -122.4263119 37.7766275))",polygon2
Pickup,1,20,POINT(-122.424655057037 37.7768302824437),POINT(-122.424038511958 37.7766493617206),"POLYGON((-122.4246758 37.7768055, -122.4246221 37.7765172, -122.4229484 37.7767334, -122.4230182 37.7770217, -122.4246758 37.7768055))",polygon3
Dropoff,4,16,POINT(-122.423864133169 37.7767650064983),POINT(-122.423876403638 37.7766004936682),"POLYGON((-122.4246758 37.7768055, -122.4246221 37.7765172, -122.4229484 37.7767334, -122.4230182 37.7770217, -122.4246758 37.7768055))",polygon3
Pickup,7,22,POINT(-122.421148608457 37.7771766722894),POINT(-122.421617921822 37.7770550263428),"POLYGON((-122.4230182 37.7770217, -122.4229484 37.7767334, -122.421323 37.7769666, -122.4213874 37.7772422, -122.4230182 37.7770217))",polygon4
Dropoff,1,1,POINT(-122.426724669121 37.7764403034454),POINT(-122.426750591939 37.7766022258132),"POLYGON((-122.4279642 37.7763815, -122.4279159 37.7761441, -122.4262636 37.7763518, -122.4263119 37.7766275, -122.4279642 37.7763815))",polygon1
Pickup,7,16,POINT(-122.426333493012 37.7767963137192),POINT(-122.426256761146 37.7766013114589),"POLYGON((-122.4263119 37.7766275, -122.4262636 37.7763518, -122.4246221 37.7765172, -122.4246758 37.7768055, -122.4263119 37.7766275))",polygon2
Dropoff,3,21,POINT(-122.421677806436 37.7770888813592),POINT(-122.422154894621 37.7771468099385),"POLYGON((-122.4230182 37.7770217, -122.4229484 37.7767334, -122.421323 37.7769666, -122.4213874 37.7772422, -122.4230182 37.7770217))",polygon4
Pickup,7,23,POINT(-122.424463224198 37.7766844176431),POINT(-122.424597680044 37.776689009382),"POLYGON((-122.4246758 37.7768055, -122.4246221 37.7765172, -122.4229484 37.7767334, -122.4230182 37.7770217, -122.4246758 37.7768055))",polygon3
Dropoff,3,23,POINT(-122.423608786105 37.7767970128174),POINT(-122.423604119858 37.7766909977582),"POLYGON((-122.4246758 37.7768055, -122.4246221 37.7765172, -122.4229484 37.7767334, -122.4230182 37.7770217, -122.4246758 37.7768055))",polygon3
Dropoff,2,21,POINT(-122.424387700723 37.7766938332243),POINT(-122.424380614993 37.7768528249401),"POLYGON((-122.4246758 37.7768055, -122.4246221 37.7765172, -122.4229484 37.7767334, -122.4230182 37.7770217, -122.4246758 37.7768055))",polygon3
Pickup,5,22,POINT(-122.424849741087 37.7766378002019),POINT(-122.424737579614 37.7763838266664),"POLYGON((-122.4263119 37.7766275, -122.4262636 37.7763518, -122.4246221 37.7765172, -122.4246758 37.7768055, -122.4263119 37.7766275))",polygon2
Pickup,4,12,POINT(-122.424849741087 37.7766378002019),POINT(-122.42491757366 37.7765661927972),"POLYGON((-122.4263119 37.7766275, -122.4262636 37.7763518, -122.4246221 37.7765172, -122.4246758 37.7768055, -122.4263119 37.7766275))",polygon2
Pickup,5,22,POINT(-122.426457490898 37.7764721777419),POINT(-122.426168018253 37.7764955691868),"POLYGON((-122.4279642 37.7763815, -122.4279159 37.7761441, -122.4262636 37.7763518, -122.4263119 37.7766275, -122.4279642 37.7763815))",polygon1
Pickup,5,22,POINT(-122.426457490898 37.7764721777419),POINT(-122.426168018253 37.7764955691868),"POLYGON((-122.4263119 37.7766275, -122.4262636 37.7763518, -122.4246221 37.7765172, -122.4246758 37.7768055, -122.4263119 37.7766275))",polygon2
Pickup,1,18,POINT(-122.422847493878 37.7773833072439),POINT(-122.422756069309 37.776961631628),"POLYGON((-122.4230182 37.7770217, -122.4229484 37.7767334, -122.421323 37.7769666, -122.4213874 37.7772422, -122.4230182 37.7770217))",polygon4
Pickup,2,14,POINT(-122.424221704427 37.776261289738),POINT(-122.424334212096 37.7766023985015),"POLYGON((-122.4246758 37.7768055, -122.4246221 37.7765172, -122.4229484 37.7767334, -122.4230182 37.7770217, -122.4246758 37.7768055))",polygon3
Pickup,5,21,POINT(-122.422732219409 37.7768991019104),POINT(-122.423038724783 37.7770366764913),"POLYGON((-122.4230182 37.7770217, -122.4229484 37.7767334, -122.421323 37.7769666, -122.4213874 37.7772422, -122.4230182 37.7770217))",polygon4
Pickup,4,19,POINT(-122.424574003385 37.7761043716093),POINT(-122.424709582433 37.776564808072),"POLYGON((-122.4263119 37.7766275, -122.4262636 37.7763518, -122.4246221 37.7765172, -122.4246758 37.7768055, -122.4263119 37.7766275))",polygon2
Dropoff,5,17,POINT(-122.421741838865 37.7770808939039),POINT(-122.421857892142 37.777198600846),"POLYGON((-122.4230182 37.7770217, -122.4229484 37.7767334, -122.421323 37.7769666, -122.4213874 37.7772422, -122.4230182 37.7770217))",polygon4
Dropoff,2,12,POINT(-122.42332198438 37.7768290232458),POINT(-122.423176811772 37.7770403719393),"POLYGON((-122.4246758 37.7768055, -122.4246221 37.7765172, -122.4229484 37.7767334, -122.4230182 37.7770217, -122.4246758 37.7768055))",polygon3
Pickup,7,19,POINT(-122.425860917147 37.7765480088597),POINT(-122.425874310714 37.7766452312418),"POLYGON((-122.4263119 37.7766275, -122.4262636 37.7763518, -122.4246221 37.7765172, -122.4246758 37.7768055, -122.4263119 37.7766275))",polygon2
Dropoff,6,18,POINT(-122.424726778234 37.7769542755059),POINT(-122.424319867807 37.7768448280664),"POLYGON((-122.4246758 37.7768055, -122.4246221 37.7765172, -122.4229484 37.7767334, -122.4230182 37.7770217, -122.4246758 37.7768055))",polygon3
Dropoff,3,18,POINT(-122.424387700723 37.7766938332243),POINT(-122.424319867807 37.7768448280664),"POLYGON((-122.4246758 37.7768055, -122.4246221 37.7765172, -122.4229484 37.7767334, -122.4230182 37.7770217, -122.4246758 37.7768055))",polygon3
Dropoff,5,17,POINT(-122.42401846446 37.7767878407125),POINT(-122.424043178185 37.7769310909524),"POLYGON((-122.4246758 37.7768055, -122.4246221 37.7765172, -122.4229484 37.7767334, -122.4230182 37.7770217, -122.4246758 37.7768055))",polygon3
Dropoff,2,19,POINT(-122.422803509856 37.7769471141156),POINT(-122.423176811772 37.7770403719393),"POLYGON((-122.4230182 37.7770217, -122.4229484 37.7767334, -122.421323 37.7769666, -122.4213874 37.7772422, -122.4230182 37.7770217))",polygon4
Pickup,1,19,POINT(-122.42483021221 37.7766853906467),POINT(-122.423889970282 37.7768977335672),"POLYGON((-122.4246758 37.7768055, -122.4246221 37.7765172, -122.4229484 37.7767334, -122.4230182 37.7770217, -122.4246758 37.7768055))",polygon3
Pickup,1,19,POINT(-122.42483021221 37.7766853906467),POINT(-122.423889970282 37.7768977335672),"POLYGON((-122.4263119 37.7766275, -122.4262636 37.7763518, -122.4246221 37.7765172, -122.4246758 37.7768055, -122.4263119 37.7766275))",polygon2
Dropoff,1,14,POINT(-122.426284066636 37.776333305778),POINT(-122.426165858006 37.7766273092287),"POLYGON((-122.4263119 37.7766275, -122.4262636 37.7763518, -122.4246221 37.7765172, -122.4246758 37.7768055, -122.4263119 37.7766275))",polygon2
Pickup,7,18,POINT(-122.422733688425 37.7764490718287),POINT(-122.423097312401 37.7767999040601),"POLYGON((-122.4246758 37.7768055, -122.4246221 37.7765172, -122.4229484 37.7767334, -122.4230182 37.7770217, -122.4246758 37.7768055))",polygon3
Dropoff,4,21,POINT(-122.42401846446 37.7767878407125),POINT(-122.423954260597 37.7769130015034),"POLYGON((-122.4246758 37.7768055, -122.4246221 37.7765172, -122.4229484 37.7767334, -122.4230182 37.7770217, -122.4246758 37.7768055))",polygon3
Dropoff,6,18,POINT(-122.426457490898 37.7764721777419),POINT(-122.425889432481 37.7766751845954),"POLYGON((-122.4279642 37.7763815, -122.4279159 37.7761441, -122.4262636 37.7763518, -122.4263119 37.7766275, -122.4279642 37.7763815))",polygon1
Pickup,7,16,POINT(-122.424557326026 37.7771704025349),POINT(-122.424245986046 37.7766360039398),"POLYGON((-122.4246758 37.7768055, -122.4246221 37.7765172, -122.4229484 37.7767334, -122.4230182 37.7770217, -122.4246758 37.7768055))",polygon3
Pickup,2,18,POINT(-122.426457490898 37.7764721777419),POINT(-122.425935921101 37.7764717233984),"POLYGON((-122.4279642 37.7763815, -122.4279159 37.7761441, -122.4262636 37.7763518, -122.4263119 37.7766275, -122.4279642 37.7763815))",polygon1
Pickup,2,18,POINT(-122.426457490898 37.7764721777419),POINT(-122.425935921101 37.7764717233984),"POLYGON((-122.4263119 37.7766275, -122.4262636 37.7763518, -122.4246221 37.7765172, -122.4246758 37.7768055, -122.4263119 37.7766275))",polygon2
Pickup,7,19,POINT(-122.424726778234 37.7769542755059),POINT(-122.424776896631 37.7765500656232),"POLYGON((-122.4263119 37.7766275, -122.4262636 37.7763518, -122.4246221 37.7765172, -122.4246758 37.7768055, -122.4263119 37.7766275))",polygon2
Pickup,1,19,POINT(-122.424726778234 37.7769542755059),POINT(-122.4249321771 37.7765363291564),"POLYGON((-122.4263119 37.7766275, -122.4262636 37.7763518, -122.4246221 37.7765172, -122.4246758 37.7768055, -122.4263119 37.7766275))",polygon2
Pickup,5,19,POINT(-122.424463224198 37.7766844176431),POINT(-122.424776896631 37.7765500656232),"POLYGON((-122.4246758 37.7768055, -122.4246221 37.7765172, -122.4229484 37.7767334, -122.4230182 37.7770217, -122.4246758 37.7768055))",polygon3
Pickup,5,19,POINT(-122.424463224198 37.7766844176431),POINT(-122.424776896631 37.7765500656232),"POLYGON((-122.4263119 37.7766275, -122.4262636 37.7763518, -122.4246221 37.7765172, -122.4246758 37.7768055, -122.4263119 37.7766275))",polygon2
Pickup,2,14,POINT(-122.426284066636 37.776333305778),POINT(-122.426049118213 37.7765255255423),"POLYGON((-122.4263119 37.7766275, -122.4262636 37.7763518, -122.4246221 37.7765172, -122.4246758 37.7768055, -122.4263119 37.7766275))",polygon2
Dropoff,4,18,POINT(-122.425713242153 37.7765262572933),POINT(-122.425664161126 37.7763347431585),"POLYGON((-122.4263119 37.7766275, -122.4262636 37.7763518, -122.4246221 37.7765172, -122.4246758 37.7768055, -122.4263119 37.7766275))",polygon2
Pickup,7,21,POINT(-122.423001999489 37.7767477208701),POINT(-122.423163936334 37.7769831186779),"POLYGON((-122.4246758 37.7768055, -122.4246221 37.7765172, -122.4229484 37.7767334, -122.4230182 37.7770217, -122.4246758 37.7768055))",polygon3
Pickup,6,23,POINT(-122.425942661086 37.7765363877665),POINT(-122.425960115914 37.7765356716638),"POLYGON((-122.4263119 37.7766275, -122.4262636 37.7763518, -122.4246221 37.7765172, -122.4246758 37.7768055, -122.4263119 37.7766275))",polygon2
Pickup,1,14,POINT(-122.421470500099 37.7766110149556),POINT(-122.42144120584 37.7769827279922),"POLYGON((-122.4230182 37.7770217, -122.4229484 37.7767334, -122.421323 37.7769666, -122.4213874 37.7772422, -122.4230182 37.7770217))",polygon4
Pickup,2,20,POINT(-122.423864133169 37.7767650064983),POINT(-122.423873897697 37.7767202737573),"POLYGON((-122.4246758 37.7768055, -122.4246221 37.7765172, -122.4229484 37.7767334, -122.4230182 37.7770217, -122.4246758 37.7768055))",polygon3
Pickup,3,20,POINT(-122.426284066636 37.776333305778),POINT(-122.425852881006 37.77655447907),"POLYGON((-122.4263119 37.7766275, -122.4262636 37.7763518, -122.4246221 37.7765172, -122.4246758 37.7768055, -122.4263119 37.7766275))",polygon2
Pickup,3,16,POINT(-122.42354501405 37.7768050670672),POINT(-122.423436912553 37.7767100718495),"POLYGON((-122.4246758 37.7768055, -122.4246221 37.7765172, -122.4229484 37.7767334, -122.4230182 37.7770217, -122.4246758 37.7768055))",polygon3
Pickup,1,15,POINT(-122.424655057037 37.7768302824437),POINT(-122.423808656804 37.7768935898479),"POLYGON((-122.4246758 37.7768055, -122.4246221 37.7765172, -122.4229484 37.7767334, -122.4230182 37.7770217, -122.4246758 37.7768055))",polygon3
Dropoff,5,10,POINT(-122.426284066636 37.776333305778),POINT(-122.426045402584 37.7766179779217),"POLYGON((-122.4263119 37.7766275, -122.4262636 37.7763518, -122.4246221 37.7765172, -122.4246758 37.7768055, -122.4263119 37.7766275))",polygon2
Pickup,4,21,POINT(-122.422481103823 37.7769870909143),POINT(-122.42259490955 37.7772364925573),"POLYGON((-122.4230182 37.7770217, -122.4229484 37.7767334, -122.421323 37.7769666, -122.4213874 37.7772422, -122.4230182 37.7770217))",polygon4
Dropoff,3,21,POINT(-122.423330798425 37.7768281299506),POINT(-122.423206883257 37.7765015045614),"POLYGON((-122.4246758 37.7768055, -122.4246221 37.7765172, -122.4229484 37.7767334, -122.4230182 37.7770217, -122.4246758 37.7768055))",polygon3
Dropoff,5,14,POINT(-122.423651387198 37.776791689419),POINT(-122.423637993347 37.7766909758119),"POLYGON((-122.4246758 37.7768055, -122.4246221 37.7765172, -122.4229484 37.7767334, -122.4230182 37.7770217, -122.4246758 37.7768055))",polygon3
Pickup,4,19,POINT(-122.422732219409 37.7768991019104),POINT(-122.422728935727 37.7768921874934),"POLYGON((-122.4230182 37.7770217, -122.4229484 37.7767334, -122.421323 37.7769666, -122.4213874 37.7772422, -122.4230182 37.7770217))",polygon4
Pickup,5,14,POINT(-122.424655057037 37.7768302824437),POINT(-122.424540389432 37.7765575964406),"POLYGON((-122.4246758 37.7768055, -122.4246221 37.7765172, -122.4229484 37.7767334, -122.4230182 37.7770217, -122.4246758 37.7768055))",polygon3
Pickup,5,21,POINT(-122.424890094992 37.7766780953956),POINT(-122.424890613458 37.7767449645029),"POLYGON((-122.4263119 37.7766275, -122.4262636 37.7763518, -122.4246221 37.7765172, -122.4246758 37.7768055, -122.4263119 37.7766275))",polygon2
Dropoff,5,16,POINT(-122.425190977372 37.7766378226474),POINT(-122.425217419033 37.7768120914548),"POLYGON((-122.4263119 37.7766275, -122.4262636 37.7763518, -122.4246221 37.7765172, -122.4246758 37.7768055, -122.4263119 37.7766275))",polygon2
Dropoff,7,20,POINT(-122.424726778234 37.7769542755059),POINT(-122.425002774767 37.7765249385779),"POLYGON((-122.4263119 37.7766275, -122.4262636 37.7763518, -122.4246221 37.7765172, -122.4246758 37.7768055, -122.4263119 37.7766275))",polygon2
Pickup,6,20,POINT(-122.422733688425 37.7764490718287),POINT(-122.422860715004 37.7769498767678),"POLYGON((-122.4230182 37.7770217, -122.4229484 37.7767334, -122.421323 37.7769666, -122.4213874 37.7772422, -122.4230182 37.7770217))",polygon4
Dropoff,2,17,POINT(-122.421677806436 37.7770888813592),POINT(-122.422071505881 37.7773220719141),"POLYGON((-122.4230182 37.7770217, -122.4229484 37.7767334, -122.421323 37.7769666, -122.4213874 37.7772422, -122.4230182 37.7770217))",polygon4
Dropoff,7,10,POINT(-122.425648520864 37.7765348959759),POINT(-122.425618709309 37.7763708237297),"POLYGON((-122.4263119 37.7766275, -122.4262636 37.7763518, -122.4246221 37.7765172, -122.4246758 37.7768055, -122.4263119 37.7766275))",polygon2
Pickup,1,20,POINT(-122.422805238109 37.7773888149194),POINT(-122.422628610539 37.776943470811),"POLYGON((-122.4230182 37.7770217, -122.4229484 37.7767334, -122.421323 37.7769666, -122.4213874 37.7772422, -122.4230182 37.7770217))",polygon4
Pickup,4,22,POINT(-122.424655057037 37.7768302824437),POINT(-122.424486900883 37.7767531062579),"POLYGON((-122.4246758 37.7768055, -122.4246221 37.7765172, -122.4229484 37.7767334, -122.4230182 37.7770217, -122.4246758 37.7768055))",polygon3
Pickup,2,17,POINT(-122.425113207741 37.7766043103469),POINT(-122.425002774767 37.7765249385779),"POLYGON((-122.4263119 37.7766275, -122.4262636 37.7763518, -122.4246221 37.7765172, -122.4246758 37.7768055, -122.4263119 37.7766275))",polygon2
Pickup,5,22,POINT(-122.424426499403 37.7766890973117),POINT(-122.424415265933 37.7766694339439),"POLYGON((-122.4246758 37.7768055, -122.4246221 37.7765172, -122.4229484 37.7767334, -122.4230182 37.7770217, -122.4246758 37.7768055))",polygon3
Dropoff,6,15,POINT(-122.426345331144 37.7766305550962),POINT(-122.426045402584 37.7766179779217),"POLYGON((-122.4263119 37.7766275, -122.4262636 37.7763518, -122.4246221 37.7765172, -122.4246758 37.7768055, -122.4263119 37.7766275))",polygon2
Dropoff,5,18,POINT(-122.42332198438 37.7768290232458),POINT(-122.422740342202 37.7771040893142),"POLYGON((-122.4246758 37.7768055, -122.4246221 37.7765172, -122.4229484 37.7767334, -122.4230182 37.7770217, -122.4246758 37.7768055))",polygon3
Pickup,4,17,POINT(-122.42332198438 37.7768290232458),POINT(-122.423212327232 37.7766752555624),"POLYGON((-122.4246758 37.7768055, -122.4246221 37.7765172, -122.4229484 37.7767334, -122.4230182 37.7770217, -122.4246758 37.7768055))",polygon3
Pickup,7,12,POINT(-122.425113207741 37.7766043103469),POINT(-122.425014440227 37.7766224751614),"POLYGON((-122.4263119 37.7766275, -122.4262636 37.7763518, -122.4246221 37.7765172, -122.4246758 37.7768055, -122.4263119 37.7766275))",polygon2
Pickup,1,14,POINT(-122.424221704427 37.776261289738),POINT(-122.424332311046 37.7766412231226),"POLYGON((-122.4246758 37.7768055, -122.4246221 37.7765172, -122.4229484 37.7767334, -122.4230182 37.7770217, -122.4246758 37.7768055))",polygon3
Pickup,4,20,POINT(-122.424407056859 37.7766915149081),POINT(-122.424390206651 37.7766386833327),"POLYGON((-122.4246758 37.7768055, -122.4246221 37.7765172, -122.4229484 37.7767334, -122.4230182 37.7770217, -122.4246758 37.7768055))",polygon3
Dropoff,3,10,POINT(-122.42332198438 37.7768290232458),POINT(-122.423206883257 37.7765015045614),"POLYGON((-122.4246758 37.7768055, -122.4246221 37.7765172, -122.4229484 37.7767334, -122.4230182 37.7770217, -122.4246758 37.7768055))",polygon3
Pickup,1,13,POINT(-122.424287636355 37.7761765994006),POINT(-122.423995219728 37.7767550051725),"POLYGON((-122.4246758 37.7768055, -122.4246221 37.7765172, -122.4229484 37.7767334, -122.4230182 37.7770217, -122.4246758 37.7768055))",polygon3
Pickup,7,13,POINT(-122.425113207741 37.7766043103469),POINT(-122.424937016109 37.7765304061593),"POLYGON((-122.4263119 37.7766275, -122.4262636 37.7763518, -122.4246221 37.7765172, -122.4246758 37.7768055, -122.4263119 37.7766275))",polygon2
Pickup,3,19,POINT(-122.423209475626 37.776820223827),POINT(-122.42333451415 37.7771371237649),"POLYGON((-122.4246758 37.7768055, -122.4246221 37.7765172, -122.4229484 37.7767334, -122.4230182 37.7770217, -122.4246758 37.7768055))",polygon3
Dropoff,4,8,POINT(-122.421656462285 37.7770915196021),POINT(-122.421574196526 37.7769286702654),"POLYGON((-122.4230182 37.7770217, -122.4229484 37.7767334, -122.421323 37.7769666, -122.4213874 37.7772422, -122.4230182 37.7770217))",polygon4
Pickup,6,18,POINT(-122.423115718239 37.776394319937),POINT(-122.423106126465 37.7769838864602),"POLYGON((-122.4246758 37.7768055, -122.4246221 37.7765172, -122.4229484 37.7767334, -122.4230182 37.7770217, -122.4246758 37.7768055))",polygon3
Pickup,6,22,POINT(-122.424695497429 37.7770318700349),POINT(-122.424326089426 37.7767686885311),"POLYGON((-122.4246758 37.7768055, -122.4246221 37.7765172, -122.4229484 37.7767334, -122.4230182 37.7770217, -122.4246758 37.7768055))",polygon3
Pickup,5,20,POINT(-122.422436860409 37.7769928460863),POINT(-122.422562331917 37.7772388781943),"POLYGON((-122.4230182 37.7770217, -122.4229484 37.7767334, -122.421323 37.7769666, -122.4213874 37.7772422, -122.4230182 37.7770217))",polygon4
Pickup,6,22,POINT(-122.424762638814 37.7761943702403),POINT(-122.424631639624 37.7765600645876),"POLYGON((-122.4263119 37.7766275, -122.4262636 37.7763518, -122.4246221 37.7765172, -122.4246758 37.7768055, -122.4263119 37.7766275))",polygon2
Pickup,5,20,POINT(-122.424018637284 37.7767436589665),POINT(-122.423997725666 37.7766912766357),"POLYGON((-122.4246758 37.7768055, -122.4246221 37.7765172, -122.4229484 37.7767334, -122.4230182 37.7770217, -122.4246758 37.7768055))",polygon3
Pickup,7,22,POINT(-122.426492832429 37.7764272114263),POINT(-122.426401929494 37.7765280161538),"POLYGON((-122.4279642 37.7763815, -122.4279159 37.7761441, -122.4262636 37.7763518, -122.4263119 37.7766275, -122.4279642 37.7763815))",polygon1
Pickup,3,22,POINT(-122.424387700723 37.7766938332243),POINT(-122.424369727165 37.7767512686109),"POLYGON((-122.4246758 37.7768055, -122.4246221 37.7765172, -122.4229484 37.7767334, -122.4230182 37.7770217, -122.4246758 37.7768055))",polygon3
Dropoff,1,15,POINT(-122.423001999489 37.7767477208701),POINT(-122.423330020715 37.7768900185263),"POLYGON((-122.4246758 37.7768055, -122.4246221 37.7765172, -122.4229484 37.7767334, -122.4230182 37.7770217, -122.4246758 37.7768055))",polygon3
Dropoff,4,20,POINT(-122.426492832429 37.7764272114263),POINT(-122.426045402584 37.7766179779217),"POLYGON((-122.4279642 37.7763815, -122.4279159 37.7761441, -122.4262636 37.7763518, -122.4263119 37.7766275, -122.4279642 37.7763815))",polygon1
Dropoff,4,20,POINT(-122.426492832429 37.7764272114263),POINT(-122.426045402584 37.7766179779217),"POLYGON((-122.4263119 37.7766275, -122.4262636 37.7763518, -122.4246221 37.7765172, -122.4246758 37.7768055, -122.4263119 37.7766275))",polygon2
Dropoff,1,22,POINT(-122.426240775333 37.7763211770386),POINT(-122.426045402584 37.7766179779217),"POLYGON((-122.4263119 37.7766275, -122.4262636 37.7763518, -122.4246221 37.7765172, -122.4246758 37.7768055, -122.4263119 37.7766275))",polygon2
Pickup,1,19,POINT(-122.426457490898 37.7764721777419),POINT(-122.426289424042 37.7763693885608),"POLYGON((-122.4279642 37.7763815, -122.4279159 37.7761441, -122.4262636 37.7763518, -122.4263119 37.7766275, -122.4279642 37.7763815))",polygon1
Pickup,3,20,POINT(-122.421163385249 37.7770887404333),POINT(-122.421571258462 37.7770711217019),"POLYGON((-122.4230182 37.7770217, -122.4229484 37.7767334, -122.421323 37.7769666, -122.4213874 37.7772422, -122.4230182 37.7770217))",polygon4
Pickup,2,8,POINT(-122.424655057037 37.7768302824437),POINT(-122.424849222621 37.7766964824973),"POLYGON((-122.4263119 37.7766275, -122.4262636 37.7763518, -122.4246221 37.7765172, -122.4246758 37.7768055, -122.4263119 37.7766275))",polygon2
Pickup,7,21,POINT(-122.422889922455 37.7773778190985),POINT(-122.422960089432 37.7769821269495),"POLYGON((-122.4230182 37.7770217, -122.4229484 37.7767334, -122.421323 37.7769666, -122.4213874 37.7772422, -122.4230182 37.7770217))",polygon4
Pickup,5,21,POINT(-122.42332198438 37.7768290232458),POINT(-122.422995259316 37.7769574974968),"POLYGON((-122.4230182 37.7770217, -122.4229484 37.7767334, -122.421323 37.7769666, -122.4213874 37.7772422, -122.4230182 37.7770217))",polygon4
Pickup,5,21,POINT(-122.42332198438 37.7768290232458),POINT(-122.422995259316 37.7769574974968),"POLYGON((-122.4246758 37.7768055, -122.4246221 37.7765172, -122.4229484 37.7767334, -122.4230182 37.7770217, -122.4246758 37.7768055))",polygon3
Pickup,4,15,POINT(-122.426345331144 37.7766305550962),POINT(-122.426106926461 37.7765677209713),"POLYGON((-122.4263119 37.7766275, -122.4262636 37.7763518, -122.4246221 37.7765172, -122.4246758 37.7768055, -122.4263119 37.7766275))",polygon2
Pickup,5,21,POINT(-122.424463224198 37.7766844176431),POINT(-122.424662834037 37.7764351688637),"POLYGON((-122.4246758 37.7768055, -122.4246221 37.7765172, -122.4229484 37.7767334, -122.4230182 37.7770217, -122.4246758 37.7768055))",polygon3
Pickup,5,20,POINT(-122.425113207741 37.7766043103469),POINT(-122.425002774767 37.7765249385779),"POLYGON((-122.4263119 37.7766275, -122.4262636 37.7763518, -122.4246221 37.7765172, -122.4246758 37.7768055, -122.4263119 37.7766275))",polygon2
Pickup,7,16,POINT(-122.421342521285 37.7772425193096),POINT(-122.422266021896 37.7768752677252),"POLYGON((-122.4230182 37.7770217, -122.4229484 37.7767334, -122.421323 37.7769666, -122.4213874 37.7772422, -122.4230182 37.7770217))",polygon4
Dropoff,1,17,POINT(-122.424849741087 37.7766378002019),POINT(-122.424897871975 37.7765207086951),"POLYGON((-122.4263119 37.7766275, -122.4262636 37.7763518, -122.4246221 37.7765172, -122.4246758 37.7768055, -122.4263119 37.7766275))",polygon2
Pickup,1,21,POINT(-122.422171572361 37.7770273962769),POINT(-122.422184188681 37.7770746244507),"POLYGON((-122.4230182 37.7770217, -122.4229484 37.7767334, -122.421323 37.7769666, -122.4213874 37.7772422, -122.4230182 37.7770217))",polygon4
Dropoff,1,13,POINT(-122.423001999489 37.7767477208701),POINT(-122.423389299468 37.7767460165065),"POLYGON((-122.4246758 37.7768055, -122.4246221 37.7765172, -122.4229484 37.7767334, -122.4230182 37.7770217, -122.4246758 37.7768055))",polygon3
Dropoff,4,11,POINT(-122.426457490898 37.7764721777419),POINT(-122.426119110258 37.776367177966),"POLYGON((-122.4279642 37.7763815, -122.4279159 37.7761441, -122.4262636 37.7763518, -122.4263119 37.7766275, -122.4279642 37.7763815))",polygon1
Dropoff,4,11,POINT(-122.426457490898 37.7764721777419),POINT(-122.426119110258 37.776367177966),"POLYGON((-122.4263119 37.7766275, -122.4262636 37.7763518, -122.4246221 37.7765172, -122.4246758 37.7768055, -122.4263119 37.7766275))",polygon2
Pickup,1,21,POINT(-122.423001999489 37.7767477208701),POINT(-122.422587478049 37.7769303850976),"POLYGON((-122.4230182 37.7770217, -122.4229484 37.7767334, -122.421323 37.7769666, -122.4213874 37.7772422, -122.4230182 37.7770217))",polygon4
Pickup,1,21,POINT(-122.423001999489 37.7767477208701),POINT(-122.422587478049 37.7769303850976),"POLYGON((-122.4246758 37.7768055, -122.4246221 37.7765172, -122.4229484 37.7767334, -122.4230182 37.7770217, -122.4246758 37.7768055))",polygon3
Dropoff,7,12,POINT(-122.425757138545 37.7765203889702),POINT(-122.425679714975 37.7763171640675),"POLYGON((-122.4263119 37.7766275, -122.4262636 37.7763518, -122.4246221 37.7765172, -122.4246758 37.7768055, -122.4263119 37.7766275))",polygon2
Pickup,7,13,POINT(-122.426457490898 37.7764721777419),POINT(-122.426357082865 37.776401211393),"POLYGON((-122.4279642 37.7763815, -122.4279159 37.7761441, -122.4262636 37.7763518, -122.4263119 37.7766275, -122.4279642 37.7763815))",polygon1
Dropoff,3,22,POINT(-122.423608786105 37.7767970128174),POINT(-122.423604119858 37.7766909977582),"POLYGON((-122.4246758 37.7768055, -122.4246221 37.7765172, -122.4229484 37.7767334, -122.4230182 37.7770217, -122.4246758 37.7768055))",polygon3
Pickup,6,23,POINT(-122.423001999489 37.7767477208701),POINT(-122.422873331241 37.776869661734),"POLYGON((-122.4230182 37.7770217, -122.4229484 37.7767334, -122.421323 37.7769666, -122.4213874 37.7772422, -122.4230182 37.7770217))",polygon4
Pickup,6,23,POINT(-122.423001999489 37.7767477208701),POINT(-122.422873331241 37.776869661734),"POLYGON((-122.4246758 37.7768055, -122.4246221 37.7765172, -122.4229484 37.7767334, -122.4230182 37.7770217, -122.4246758 37.7768055))",polygon3
Pickup,6,21,POINT(-122.426284066636 37.776333305778),POINT(-122.426192472242 37.7765385730264),"POLYGON((-122.4263119 37.7766275, -122.4262636 37.7763518, -122.4246221 37.7765172, -122.4246758 37.7768055, -122.4263119 37.7766275))",polygon2
Pickup,6,21,POINT(-122.425942661086 37.7765363877665),POINT(-122.425988199172 37.7765606205068),"POLYGON((-122.4263119 37.7766275, -122.4262636 37.7763518, -122.4246221 37.7765172, -122.4246758 37.7768055, -122.4263119 37.7766275))",polygon2
Dropoff,6,13,POINT(-122.425585786974 37.7765432868184),POINT(-122.42552400356 37.7763833778196),"POLYGON((-122.4263119 37.7766275, -122.4262636 37.7763518, -122.4246221 37.7765172, -122.4246758 37.7768055, -122.4263119 37.7766275))",polygon2
Pickup,4,20,POINT(-122.424849741087 37.7766378002019),POINT(-122.424776896631 37.7765500656232),"POLYGON((-122.4263119 37.7766275, -122.4262636 37.7763518, -122.4246221 37.7765172, -122.4246758 37.7768055, -122.4263119 37.7766275))",polygon2
Pickup,7,16,POINT(-122.42546040549 37.7765598237169),POINT(-122.42544882649 37.7765279080577),"POLYGON((-122.4263119 37.7766275, -122.4262636 37.7763518, -122.4246221 37.7765172, -122.4246758 37.7768055, -122.4263119 37.7766275))",polygon2
Dropoff,4,10,POINT(-122.423672730944 37.7767891234745),POINT(-122.423625031554 37.7765675921975),"POLYGON((-122.4246758 37.7768055, -122.4246221 37.7765172, -122.4229484 37.7767334, -122.4230182 37.7770217, -122.4246758 37.7768055))",polygon3
Pickup,5,20,POINT(-122.424146440012 37.7767715986847),POINT(-122.424328681768 37.7767151841819),"POLYGON((-122.4246758 37.7768055, -122.4246221 37.7765172, -122.4229484 37.7767334, -122.4230182 37.7770217, -122.4246758 37.7768055))",polygon3
Dropoff,4,17,POINT(-122.424387700723 37.7766938332243),POINT(-122.424380614993 37.7768528249401),"POLYGON((-122.4246758 37.7768055, -122.4246221 37.7765172, -122.4229484 37.7767334, -122.4230182 37.7770217, -122.4246758 37.7768055))",polygon3
Dropoff,7,10,POINT(-122.424726778234 37.7769542755059),POINT(-122.424799709135 37.7767751050329),"POLYGON((-122.4263119 37.7766275, -122.4262636 37.7763518, -122.4246221 37.7765172, -122.4246758 37.7768055, -122.4263119 37.7766275))",polygon2
Pickup,7,15,POINT(-122.423001999489 37.7767477208701),POINT(-122.423351364527 37.7769485203723),"POLYGON((-122.4246758 37.7768055, -122.4246221 37.7765172, -122.4229484 37.7767334, -122.4230182 37.7770217, -122.4246758 37.7768055))",polygon3
Pickup,2,21,POINT(-122.423350413993 37.77682922169),POINT(-122.423381695199 37.7769788133406),"POLYGON((-122.4246758 37.7768055, -122.4246221 37.7765172, -122.4229484 37.7767334, -122.4230182 37.7770217, -122.4246758 37.7768055))",polygon3
Pickup,2,18,POINT(-122.424387700723 37.7766938332243),POINT(-122.424368258172 37.7768143872167),"POLYGON((-122.4246758 37.7768055, -122.4246221 37.7765172, -122.4229484 37.7767334, -122.4230182 37.7770217, -122.4246758 37.7768055))",polygon3
Pickup,7,16,POINT(-122.425757138545 37.7765203889702),POINT(-122.425739770093 37.7764842928219),"POLYGON((-122.4263119 37.7766275, -122.4262636 37.7763518, -122.4246221 37.7765172, -122.4246758 37.7768055, -122.4263119 37.7766275))",polygon2
Pickup,6,20,POINT(-122.423001999489 37.7767477208701),POINT(-122.424045770533 37.7769068117618),"POLYGON((-122.4246758 37.7768055, -122.4246221 37.7765172, -122.4229484 37.7767334, -122.4230182 37.7770217, -122.4246758 37.7768055))",polygon3
Pickup,1,20,POINT(-122.423001999489 37.7767477208701),POINT(-122.422172004427 37.7769363154264),"POLYGON((-122.4230182 37.7770217, -122.4229484 37.7767334, -122.421323 37.7769666, -122.4213874 37.7772422, -122.4230182 37.7770217))",polygon4
Pickup,1,20,POINT(-122.423001999489 37.7767477208701),POINT(-122.422172004427 37.7769363154264),"POLYGON((-122.4246758 37.7768055, -122.4246221 37.7765172, -122.4229484 37.7767334, -122.4230182 37.7770217, -122.4246758 37.7768055))",polygon3
Dropoff,2,19,POINT(-122.42401846446 37.7767878407125),POINT(-122.424029697972 37.7768991780854),"POLYGON((-122.4246758 37.7768055, -122.4246221 37.7765172, -122.4229484 37.7767334, -122.4230182 37.7770217, -122.4246758 37.7768055))",polygon3
Dropoff,6,16,POINT(-122.424849741087 37.7766378002019),POINT(-122.424776896631 37.7765500656232),"POLYGON((-122.4263119 37.7766275, -122.4262636 37.7763518, -122.4246221 37.7765172, -122.4246758 37.7768055, -122.4263119 37.7766275))",polygon2
Dropoff,2,17,POINT(-122.422732219409 37.7768991019104),POINT(-122.422814397848 37.776811887749),"POLYGON((-122.4230182 37.7770217, -122.4229484 37.7767334, -122.421323 37.7769666, -122.4213874 37.7772422, -122.4230182 37.7770217))",polygon4
Pickup,4,20,POINT(-122.424463224198 37.7766844176431),POINT(-122.424499862569 37.7765667169863),"POLYGON((-122.4246758 37.7768055, -122.4246221 37.7765172, -122.4229484 37.7767334, -122.4230182 37.7770217, -122.4246758 37.7768055))",polygon3
Pickup,5,22,POINT(-122.423209475626 37.776820223827),POINT(-122.423016516783 37.7769367105973),"POLYGON((-122.4246758 37.7768055, -122.4246221 37.7765172, -122.4229484 37.7767334, -122.4230182 37.7770217, -122.4246758 37.7768055))",polygon3
Pickup,4,19,POINT(-122.423188736672 37.7768228217395),POINT(-122.42327808697 37.7771629113136),"POLYGON((-122.4246758 37.7768055, -122.4246221 37.7765172, -122.4229484 37.7767334, -122.4230182 37.7770217, -122.4246758 37.7768055))",polygon3
Dropoff,3,14,POINT(-122.423864133169 37.7767650064983),POINT(-122.424029697972 37.7768991780854),"POLYGON((-122.4246758 37.7768055, -122.4246221 37.7765172, -122.4229484 37.7767334, -122.4230182 37.7770217, -122.4246758 37.7768055))",polygon3
Pickup,6,21,POINT(-122.426284066636 37.776333305778),POINT(-122.426143132209 37.7765658900164),"POLYGON((-122.4263119 37.7766275, -122.4262636 37.7763518, -122.4246221 37.7765172, -122.4246758 37.7768055, -122.4263119 37.7766275))",polygon2
Dropoff,7,12,POINT(-122.424726778234 37.7769542755059),POINT(-122.424799709135 37.7767751050329),"POLYGON((-122.4263119 37.7766275, -122.4262636 37.7763518, -122.4246221 37.7765172, -122.4246758 37.7768055, -122.4263119 37.7766275))",polygon2
Pickup,1,22,POINT(-122.426284066636 37.776333305778),POINT(-122.426118591799 37.7765772913292),"POLYGON((-122.4263119 37.7766275, -122.4262636 37.7763518, -122.4246221 37.7765172, -122.4246758 37.7768055, -122.4263119 37.7766275))",polygon2
Pickup,6,21,POINT(-122.426284066636 37.776333305778),POINT(-122.425902480405 37.7765033099458),"POLYGON((-122.4263119 37.7766275, -122.4262636 37.7763518, -122.4246221 37.7765172, -122.4246758 37.7768055, -122.4263119 37.7766275))",polygon2
Dropoff,4,17,POINT(-122.424726778234 37.7769542755059),POINT(-122.424776896631 37.7765500656232),"POLYGON((-122.4263119 37.7766275, -122.4262636 37.7763518, -122.4246221 37.7765172, -122.4246758 37.7768055, -122.4263119 37.7766275))",polygon2
Dropoff,7,12,POINT(-122.425860917147 37.7765480088597),POINT(-122.425889432481 37.7766751845954),"POLYGON((-122.4263119 37.7766275, -122.4262636 37.7763518, -122.4246221 37.7765172, -122.4246758 37.7768055, -122.4263119 37.7766275))",polygon2
Pickup,7,13,POINT(-122.424655057037 37.7768302824437),POINT(-122.423866379875 37.7766794023522),"POLYGON((-122.4246758 37.7768055, -122.4246221 37.7765172, -122.4229484 37.7767334, -122.4230182 37.7770217, -122.4246758 37.7768055))",polygon3
Dropoff,6,19,POINT(-122.424655057037 37.7768302824437),POINT(-122.424319867807 37.7768448280664),"POLYGON((-122.4246758 37.7768055, -122.4246221 37.7765172, -122.4229484 37.7767334, -122.4230182 37.7770217, -122.4246758 37.7768055))",polygon3
Pickup,5,11,POINT(-122.422805238109 37.7773888149194),POINT(-122.422614870907 37.7769731413767),"POLYGON((-122.4230182 37.7770217, -122.4229484 37.7767334, -122.421323 37.7769666, -122.4213874 37.7772422, -122.4230182 37.7770217))",polygon4
Pickup,5,20,POINT(-122.42332198438 37.7768290232458),POINT(-122.423056439332 37.7769876812257),"POLYGON((-122.4246758 37.7768055, -122.4246221 37.7765172, -122.4229484 37.7767334, -122.4230182 37.7770217, -122.4246758 37.7768055))",polygon3
Pickup,5,23,POINT(-122.422889922455 37.7773778190985),POINT(-122.422948164506 37.7770057869013),"POLYGON((-122.4230182 37.7770217, -122.4229484 37.7767334, -122.421323 37.7769666, -122.4213874 37.7772422, -122.4230182 37.7770217))",polygon4
Pickup,5,19,POINT(-122.424107295583 37.7767310763481),POINT(-122.424126997417 37.7768280318897),"POLYGON((-122.4246758 37.7768055, -122.4246221 37.7765172, -122.4229484 37.7767334, -122.4230182 37.7770217, -122.4246758 37.7768055))",polygon3
Pickup,2,19,POINT(-122.425779000324 37.7765173723317),POINT(-122.425788764674 37.7765304354384),"POLYGON((-122.4263119 37.7766275, -122.4262636 37.7763518, -122.4246221 37.7765172, -122.4246758 37.7768055, -122.4263119 37.7766275))",polygon2
Pickup,5,12,POINT(-122.426240775333 37.7763211770386),POINT(-122.426045402584 37.7766179779217),"POLYGON((-122.4263119 37.7766275, -122.4262636 37.7763518, -122.4246221 37.7765172, -122.4246758 37.7768055, -122.4263119 37.7766275))",polygon2
Pickup,6,23,POINT(-122.424655057037 37.7768302824437),POINT(-122.424406365568 37.7766494891795),"POLYGON((-122.4246758 37.7768055, -122.4246221 37.7765172, -122.4229484 37.7767334, -122.4230182 37.7770217, -122.4246758 37.7768055))",polygon3
Dropoff,7,12,POINT(-122.423001999489 37.7767477208701),POINT(-122.423176811772 37.7770403719393),"POLYGON((-122.4246758 37.7768055, -122.4246221 37.7765172, -122.4229484 37.7767334, -122.4230182 37.7770217, -122.4246758 37.7768055))",polygon3
Pickup,7,13,POINT(-122.423115718239 37.776394319937),POINT(-122.423071820742 37.776969065006),"POLYGON((-122.4246758 37.7768055, -122.4246221 37.7765172, -122.4229484 37.7767334, -122.4230182 37.7770217, -122.4246758 37.7768055))",polygon3
Pickup,7,16,POINT(-122.425866706624 37.7765055894921),POINT(-122.426078497596 37.776495697054),"POLYGON((-122.4263119 37.7766275, -122.4262636 37.7763518, -122.4246221 37.7765172, -122.4246758 37.7768055, -122.4263119 37.7766275))",polygon2
Dropoff,4,12,POINT(-122.422733688425 37.7764490718287),POINT(-122.422266021896 37.7768752677252),"POLYGON((-122.4230182 37.7770217, -122.4229484 37.7767334, -122.421323 37.7769666, -122.4213874 37.7772422, -122.4230182 37.7770217))",polygon4
Dropoff,2,12,POINT(-122.42332198438 37.7768290232458),POINT(-122.42313325995 37.7767721273771),"POLYGON((-122.4246758 37.7768055, -122.4246221 37.7765172, -122.4229484 37.7767334, -122.4230182 37.7770217, -122.4246758 37.7768055))",polygon3
Dropoff,2,16,POINT(-122.423330798425 37.7768281299506),POINT(-122.423176811772 37.7770403719393),"POLYGON((-122.4246758 37.7768055, -122.4246221 37.7765172, -122.4229484 37.7767334, -122.4230182 37.7770217, -122.4246758 37.7768055))",polygon3
Dropoff,7,22,POINT(-122.424655057037 37.7768302824437),POINT(-122.423637993347 37.7766909758119),"POLYGON((-122.4246758 37.7768055, -122.4246221 37.7765172, -122.4229484 37.7767334, -122.4230182 37.7770217, -122.4246758 37.7768055))",polygon3
Pickup,3,21,POINT(-122.424146440012 37.7767715986847),POINT(-122.424234234089 37.7768290003908),"POLYGON((-122.4246758 37.7768055, -122.4246221 37.7765172, -122.4229484 37.7767334, -122.4230182 37.7770217, -122.4246758 37.7768055))",polygon3
Pickup,2,16,POINT(-122.423330798425 37.7768281299506),POINT(-122.423094201555 37.7769639265605),"POLYGON((-122.4246758 37.7768055, -122.4246221 37.7765172, -122.4229484 37.7767334, -122.4230182 37.7770217, -122.4246758 37.7768055))",polygon3
Pickup,1,0,POINT(-122.423001999489 37.7767477208701),POINT(-122.4225238782 37.7769284983643),"POLYGON((-122.4230182 37.7770217, -122.4229484 37.7767334, -122.421323 37.7769666, -122.4213874 37.7772422, -122.4230182 37.7770217))",polygon4
Pickup,1,0,POINT(-122.423001999489 37.7767477208701),POINT(-122.4225238782 37.7769284983643),"POLYGON((-122.4246758 37.7768055, -122.4246221 37.7765172, -122.4229484 37.7767334, -122.4230182 37.7770217, -122.4246758 37.7768055))",polygon3
Dropoff,7,12,POINT(-122.42165948676 37.7765875011598),POINT(-122.422012226384 37.7769148614113),"POLYGON((-122.4230182 37.7770217, -122.4229484 37.7767334, -122.421323 37.7769666, -122.4213874 37.7772422, -122.4230182 37.7770217))",polygon4
Pickup,2,19,POINT(-122.425113207741 37.7766043103469),POINT(-122.424938398684 37.7765442299723),"POLYGON((-122.4263119 37.7766275, -122.4262636 37.7763518, -122.4246221 37.7765172, -122.4246758 37.7768055, -122.4263119 37.7766275))",polygon2
Pickup,7,22,POINT(-122.426457490898 37.7764721777419),POINT(-122.425927798556 37.7764662248885),"POLYGON((-122.4279642 37.7763815, -122.4279159 37.7761441, -122.4262636 37.7763518, -122.4263119 37.7766275, -122.4279642 37.7763815))",polygon1
Pickup,7,22,POINT(-122.426457490898 37.7764721777419),POINT(-122.425927798556 37.7764662248885),"POLYGON((-122.4263119 37.7766275, -122.4262636 37.7763518, -122.4246221 37.7765172, -122.4246758 37.7768055, -122.4263119 37.7766275))",polygon2
Pickup,6,17,POINT(-122.42483021221 37.7766853906467),POINT(-122.424360135505 37.7766586916919),"POLYGON((-122.4246758 37.7768055, -122.4246221 37.7765172, -122.4229484 37.7767334, -122.4230182 37.7770217, -122.4246758 37.7768055))",polygon3
Pickup,6,17,POINT(-122.42483021221 37.7766853906467),POINT(-122.424360135505 37.7766586916919),"POLYGON((-122.4263119 37.7766275, -122.4262636 37.7763518, -122.4246221 37.7765172, -122.4246758 37.7768055, -122.4263119 37.7766275))",polygon2
Dropoff,5,17,POINT(-122.424446028354 37.7766867258339),POINT(-122.424484135723 37.7768766729888),"POLYGON((-122.4246758 37.7768055, -122.4246221 37.7765172, -122.4229484 37.7767334, -122.4230182 37.7770217, -122.4246758 37.7768055))",polygon3
Pickup,7,0,POINT(-122.426284066636 37.776333305778),POINT(-122.42629737374 37.7764341896291),"POLYGON((-122.4279642 37.7763815, -122.4279159 37.7761441, -122.4262636 37.7763518, -122.4263119 37.7766275, -122.4279642 37.7763815))",polygon1
Pickup,7,15,POINT(-122.421342521285 37.7772425193096),POINT(-122.422124390768 37.7769109733594),"POLYGON((-122.4230182 37.7770217, -122.4229484 37.7767334, -122.421323 37.7769666, -122.4213874 37.7772422, -122.4230182 37.7770217))",polygon4
Pickup,3,18,POINT(-122.42401846446 37.7767878407125),POINT(-122.423875107462 37.7767713729897),"POLYGON((-122.4246758 37.7768055, -122.4246221 37.7765172, -122.4229484 37.7767334, -122.4230182 37.7770217, -122.4246758 37.7768055))",polygon3
Dropoff,4,16,POINT(-122.425642817785 37.7765785973798),POINT(-122.425663815485 37.7767082310155),"POLYGON((-122.4263119 37.7766275, -122.4262636 37.7763518, -122.4246221 37.7765172, -122.4246758 37.7768055, -122.4263119 37.7766275))",polygon2
Pickup,2,16,POINT(-122.423492302703 37.7768524669086),POINT(-122.423335464684 37.7768449424689),"POLYGON((-122.4246758 37.7768055, -122.4246221 37.7765172, -122.4229484 37.7767334, -122.4230182 37.7770217, -122.4246758 37.7768055))",polygon3
Dropoff,5,13,POINT(-122.425212839269 37.776634806121),POINT(-122.425217419033 37.7768120914548),"POLYGON((-122.4263119 37.7766275, -122.4262636 37.7763518, -122.4246221 37.7765172, -122.4246758 37.7768055, -122.4263119 37.7766275))",polygon2
Pickup,4,7,POINT(-122.424655057037 37.7768302824437),POINT(-122.424799709135 37.7767751050329),"POLYGON((-122.4263119 37.7766275, -122.4262636 37.7763518, -122.4246221 37.7765172, -122.4246758 37.7768055, -122.4263119 37.7766275))",polygon2
Dropoff,7,14,POINT(-122.425942661086 37.7765363877665),POINT(-122.426150563459 37.7765657125264),"POLYGON((-122.4263119 37.7766275, -122.4262636 37.7763518, -122.4246221 37.7765172, -122.4246758 37.7768055, -122.4263119 37.7766275))",polygon2
Pickup,5,0,POINT(-122.424655057037 37.7768302824437),POINT(-122.424338187019 37.7767592971846),"POLYGON((-122.4246758 37.7768055, -122.4246221 37.7765172, -122.4229484 37.7767334, -122.4230182 37.7770217, -122.4246758 37.7768055))",polygon3
Dropoff,1,13,POINT(-122.423001999489 37.7767477208701),POINT(-122.423604119858 37.7766909977582),"POLYGON((-122.4246758 37.7768055, -122.4246221 37.7765172, -122.4229484 37.7767334, -122.4230182 37.7770217, -122.4246758 37.7768055))",polygon3
Pickup,7,10,POINT(-122.42483021221 37.7766853906467),POINT(-122.423895068575 37.7766462971795),"POLYGON((-122.4246758 37.7768055, -122.4246221 37.7765172, -122.4229484 37.7767334, -122.4230182 37.7770217, -122.4246758 37.7768055))",polygon3
Pickup,7,10,POINT(-122.42483021221 37.7766853906467),POINT(-122.423895068575 37.7766462971795),"POLYGON((-122.4263119 37.7766275, -122.4262636 37.7763518, -122.4246221 37.7765172, -122.4246758 37.7768055, -122.4263119 37.7766275))",polygon2
Dropoff,7,12,POINT(-122.425113207741 37.7766043103469),POINT(-122.425002774767 37.7765249385779),"POLYGON((-122.4263119 37.7766275, -122.4262636 37.7763518, -122.4246221 37.7765172, -122.4246758 37.7768055, -122.4263119 37.7766275))",polygon2
Pickup,7,23,POINT(-122.425310224027 37.7765791901745),POINT(-122.425289139845 37.7765297695939),"POLYGON((-122.4263119 37.7766275, -122.4262636 37.7763518, -122.4246221 37.7765172, -122.4246758 37.7768055, -122.4263119 37.7766275))",polygon2
Dropoff,7,10,POINT(-122.426457490898 37.7764721777419),POINT(-122.426119110258 37.776367177966),"POLYGON((-122.4279642 37.7763815, -122.4279159 37.7761441, -122.4262636 37.7763518, -122.4263119 37.7766275, -122.4279642 37.7763815))",polygon1
Dropoff,7,10,POINT(-122.426457490898 37.7764721777419),POINT(-122.426119110258 37.776367177966),"POLYGON((-122.4263119 37.7766275, -122.4262636 37.7763518, -122.4246221 37.7765172, -122.4246758 37.7768055, -122.4263119 37.7766275))",polygon2
Dropoff,7,17,POINT(-122.425942661086 37.7765363877665),POINT(-122.426045402584 37.7766179779217),"POLYGON((-122.4263119 37.7766275, -122.4262636 37.7763518, -122.4246221 37.7765172, -122.4246758 37.7768055, -122.4263119 37.7766275))",polygon2
Pickup,3,8,POINT(-122.424979875896 37.7761663035485),POINT(-122.426192817881 37.776489976722),"POLYGON((-122.4263119 37.7766275, -122.4262636 37.7763518, -122.4246221 37.7765172, -122.4246758 37.7768055, -122.4263119 37.7766275))",polygon2
Dropoff,5,19,POINT(-122.424446028354 37.7766867258339),POINT(-122.424380614993 37.7768528249401),"POLYGON((-122.4246758 37.7768055, -122.4246221 37.7765172, -122.4229484 37.7767334, -122.4230182 37.7770217, -122.4246758 37.7768055))",polygon3
Dropoff,2,0,POINT(-122.423608786105 37.7767970128174),POINT(-122.423604119858 37.7766909977582),"POLYGON((-122.4246758 37.7768055, -122.4246221 37.7765172, -122.4229484 37.7767334, -122.4230182 37.7770217, -122.4246758 37.7768055))",polygon3
Pickup,1,23,POINT(-122.424146440012 37.7767715986847),POINT(-122.424485431891 37.776807791704),"POLYGON((-122.4246758 37.7768055, -122.4246221 37.7765172, -122.4229484 37.7767334, -122.4230182 37.7770217, -122.4246758 37.7768055))",polygon3
Pickup,6,22,POINT(-122.424655057037 37.7768302824437),POINT(-122.424369640753 37.7767795752212),"POLYGON((-122.4246758 37.7768055, -122.4246221 37.7765172, -122.4229484 37.7767334, -122.4230182 37.7770217, -122.4246758 37.7768055))",polygon3
Pickup,6,13,POINT(-122.42483021221 37.7766853906467),POINT(-122.424811893084 37.7767685950403),"POLYGON((-122.4263119 37.7766275, -122.4262636 37.7763518, -122.4246221 37.7765172, -122.4246758 37.7768055, -122.4263119 37.7766275))",polygon2
Dropoff,6,15,POINT(-122.425135069654 37.7766015119388),POINT(-122.425094024557 37.7764978903963),"POLYGON((-122.4263119 37.7766275, -122.4262636 37.7763518, -122.4246221 37.7765172, -122.4246758 37.7768055, -122.4263119 37.7766275))",polygon2
Dropoff,6,17,POINT(-122.425113207741 37.7766043103469),POINT(-122.425002774767 37.7765249385779),"POLYGON((-122.4263119 37.7766275, -122.4262636 37.7763518, -122.4246221 37.7765172, -122.4246758 37.7768055, -122.4263119 37.7766275))",polygon2
Dropoff,4,20,POINT(-122.423608786105 37.7767970128174),POINT(-122.423604119858 37.7766909977582),"POLYGON((-122.4246758 37.7768055, -122.4246221 37.7765172, -122.4229484 37.7767334, -122.4230182 37.7770217, -122.4246758 37.7768055))",polygon3
Dropoff,6,11,POINT(-122.423864133169 37.7767650064983),POINT(-122.424029697972 37.7768991780854),"POLYGON((-122.4246758 37.7768055, -122.4246221 37.7765172, -122.4229484 37.7767334, -122.4230182 37.7770217, -122.4246758 37.7768055))",polygon3
Dropoff,7,23,POINT(-122.426457490898 37.7764721777419),POINT(-122.425750571369 37.7766614089859),"POLYGON((-122.4279642 37.7763815, -122.4279159 37.7761441, -122.4262636 37.7763518, -122.4263119 37.7766275, -122.4279642 37.7763815))",polygon1
Dropoff,7,23,POINT(-122.426457490898 37.7764721777419),POINT(-122.425750571369 37.7766614089859),"POLYGON((-122.4263119 37.7766275, -122.4262636 37.7763518, -122.4246221 37.7765172, -122.4246758 37.7768055, -122.4263119 37.7766275))",polygon2
Pickup,1,15,POINT(-122.424261972162 37.776248177885),POINT(-122.424585928126 37.7765568215198),"POLYGON((-122.4246758 37.7768055, -122.4246221 37.7765172, -122.4229484 37.7767334, -122.4230182 37.7770217, -122.4246758 37.7768055))",polygon3
Pickup,1,20,POINT(-122.423115718239 37.776394319937),POINT(-122.422946004193 37.776752728563),"POLYGON((-122.4230182 37.7770217, -122.4229484 37.7767334, -122.421323 37.7769666, -122.4213874 37.7772422, -122.4230182 37.7770217))",polygon4
Dropoff,6,15,POINT(-122.424221704427 37.776261289738),POINT(-122.424319867807 37.7768448280664),"POLYGON((-122.4246758 37.7768055, -122.4246221 37.7765172, -122.4229484 37.7767334, -122.4230182 37.7770217, -122.4246758 37.7768055))",polygon3
Dropoff,5,14,POINT(-122.423864133169 37.7767650064983),POINT(-122.423876403638 37.7766004936682),"POLYGON((-122.4246758 37.7768055, -122.4246221 37.7765172, -122.4229484 37.7767334, -122.4230182 37.7770217, -122.4246758 37.7768055))",polygon3
Pickup,7,17,POINT(-122.422998629403 37.7767313820286),POINT(-122.423069833257 37.776799485892),"POLYGON((-122.4246758 37.7768055, -122.4246221 37.7765172, -122.4229484 37.7767334, -122.4230182 37.7770217, -122.4246758 37.7768055))",polygon3
Dropoff,2,10,POINT(-122.423757760237 37.7767785297617),POINT(-122.423735206742 37.776654534146),"POLYGON((-122.4246758 37.7768055, -122.4246221 37.7765172, -122.4229484 37.7767334, -122.4230182 37.7770217, -122.4246758 37.7768055))",polygon3
Dropoff,3,18,POINT(-122.42401846446 37.7767878407125),POINT(-122.424029697972 37.7768991780854),"POLYGON((-122.4246758 37.7768055, -122.4246221 37.7765172, -122.4229484 37.7767334, -122.4230182 37.7770217, -122.4246758 37.7768055))",polygon3
Pickup,1,12,POINT(-122.425200828187 37.7765932089297),POINT(-122.425200741777 37.7765408921631),"POLYGON((-122.4263119 37.7766275, -122.4262636 37.7763518, -122.4246221 37.7765172, -122.4246758 37.7768055, -122.4263119 37.7766275))",polygon2
Pickup,1,16,POINT(-122.424655057037 37.7768302824437),POINT(-122.424650390837 37.776650478529),"POLYGON((-122.4263119 37.7766275, -122.4262636 37.7763518, -122.4246221 37.7765172, -122.4246758 37.7768055, -122.4263119 37.7766275))",polygon2
Dropoff,1,22,POINT(-122.422042211789 37.7770437703056),POINT(-122.422016114981 37.7772874171355),"POLYGON((-122.4230182 37.7770217, -122.4229484 37.7767334, -122.421323 37.7769666, -122.4213874 37.7772422, -122.4230182 37.7770217))",polygon4
Pickup,7,20,POINT(-122.425942661086 37.7765363877665),POINT(-122.426150563459 37.7766636374824),"POLYGON((-122.4263119 37.7766275, -122.4262636 37.7763518, -122.4246221 37.7765172, -122.4246758 37.7768055, -122.4263119 37.7766275))",polygon2
Dropoff,5,15,POINT(-122.42332198438 37.7768290232458),POINT(-122.422740342202 37.7771040893142),"POLYGON((-122.4246758 37.7768055, -122.4246221 37.7765172, -122.4229484 37.7767334, -122.4230182 37.7770217, -122.4246758 37.7768055))",polygon3
Pickup,6,1,POINT(-122.424446028354 37.7766867258339),POINT(-122.424421833192 37.7765404808391),"POLYGON((-122.4246758 37.7768055, -122.4246221 37.7765172, -122.4229484 37.7767334, -122.4230182 37.7770217, -122.4246758 37.7768055))",polygon3
Pickup,1,15,POINT(-122.425178879877 37.7765960339293),POINT(-122.425166695971 37.7765805161335),"POLYGON((-122.4263119 37.7766275, -122.4262636 37.7763518, -122.4246221 37.7765172, -122.4246758 37.7768055, -122.4263119 37.7766275))",polygon2
Dropoff,3,16,POINT(-122.424387700723 37.7766938332243),POINT(-122.424319867807 37.7768448280664),"POLYGON((-122.4246758 37.7768055, -122.4246221 37.7765172, -122.4229484 37.7767334, -122.4230182 37.7770217, -122.4246758 37.7768055))",polygon3
Pickup,6,15,POINT(-122.426284066636 37.776333305778),POINT(-122.425339171564 37.7766219028767),"POLYGON((-122.4263119 37.7766275, -122.4262636 37.7763518, -122.4246221 37.7765172, -122.4246758 37.7768055, -122.4263119 37.7766275))",polygon2
Dropoff,7,10,POINT(-122.424726778234 37.7769542755059),POINT(-122.424776896631 37.7765500656232),"POLYGON((-122.4263119 37.7766275, -122.4262636 37.7763518, -122.4246221 37.7765172, -122.4246758 37.7768055, -122.4263119 37.7766275))",polygon2
Pickup,6,23,POINT(-122.426492832429 37.7764272114263),POINT(-122.426034342108 37.7765311609282),"POLYGON((-122.4279642 37.7763815, -122.4279159 37.7761441, -122.4262636 37.7763518, -122.4263119 37.7766275, -122.4279642 37.7763815))",polygon1
Pickup,6,23,POINT(-122.426492832429 37.7764272114263),POINT(-122.426034342108 37.7765311609282),"POLYGON((-122.4263119 37.7766275, -122.4262636 37.7763518, -122.4246221 37.7765172, -122.4246758 37.7768055, -122.4263119 37.7766275))",polygon2
Pickup,4,22,POINT(-122.423209475626 37.776820223827),POINT(-122.423003814151 37.7770091732037),"POLYGON((-122.4230182 37.7770217, -122.4229484 37.7767334, -122.421323 37.7769666, -122.4213874 37.7772422, -122.4230182 37.7770217))",polygon4
Pickup,4,22,POINT(-122.423209475626 37.776820223827),POINT(-122.423003814151 37.7770091732037),"POLYGON((-122.4246758 37.7768055, -122.4246221 37.7765172, -122.4229484 37.7767334, -122.4230182 37.7770217, -122.4246758 37.7768055))",polygon3
Pickup,4,20,POINT(-122.422732219409 37.7768991019104),POINT(-122.422975125207 37.7770033838315),"POLYGON((-122.4230182 37.7770217, -122.4229484 37.7767334, -122.421323 37.7769666, -122.4213874 37.7772422, -122.4230182 37.7770217))",polygon4
Pickup,1,12,POINT(-122.423191242629 37.7776477713064),POINT(-122.423039156845 37.776974894221),"POLYGON((-122.4246758 37.7768055, -122.4246221 37.7765172, -122.4229484 37.7767334, -122.4230182 37.7770217, -122.4246758 37.7768055))",polygon3
Dropoff,6,20,POINT(-122.426284066636 37.776333305778),POINT(-122.426045402584 37.7766179779217),"POLYGON((-122.4263119 37.7766275, -122.4262636 37.7763518, -122.4246221 37.7765172, -122.4246758 37.7768055, -122.4263119 37.7766275))",polygon2
Pickup,3,18,POINT(-122.425942661086 37.7765363877665),POINT(-122.426045402584 37.7766179779217),"POLYGON((-122.4263119 37.7766275, -122.4262636 37.7763518, -122.4246221 37.7765172, -122.4246758 37.7768055, -122.4263119 37.7766275))",polygon2
Dropoff,7,2,POINT(-122.425795504668 37.7765572237663),POINT(-122.425810972087 37.7767072418296),"POLYGON((-122.4263119 37.7766275, -122.4262636 37.7763518, -122.4246221 37.7765172, -122.4246758 37.7768055, -122.4263119 37.7766275))",polygon2
Dropoff,7,22,POINT(-122.426962899582 37.7764091175446),POINT(-122.427004980859 37.7765779918481),"POLYGON((-122.4279642 37.7763815, -122.4279159 37.7761441, -122.4262636 37.7763518, -122.4263119 37.7766275, -122.4279642 37.7763815))",polygon1
Pickup,5,20,POINT(-122.426284066636 37.776333305778),POINT(-122.426032700319 37.7765055670794),"POLYGON((-122.4263119 37.7766275, -122.4262636 37.7763518, -122.4246221 37.7765172, -122.4246758 37.7768055, -122.4263119 37.7766275))",polygon2
Pickup,5,22,POINT(-122.423842875873 37.7767676913044),POINT(-122.423836740637 37.7767684150605),"POLYGON((-122.4246758 37.7768055, -122.4246221 37.7765172, -122.4229484 37.7767334, -122.4230182 37.7770217, -122.4246758 37.7768055))",polygon3
Pickup,2,20,POINT(-122.425866706624 37.7765055894921),POINT(-122.426064067135 37.776457316092),"POLYGON((-122.4263119 37.7766275, -122.4262636 37.7763518, -122.4246221 37.7765172, -122.4246758 37.7768055, -122.4263119 37.7766275))",polygon2
Dropoff,1,14,POINT(-122.425844758454 37.7765086327269),POINT(-122.425845795375 37.7764093706272),"POLYGON((-122.4263119 37.7766275, -122.4262636 37.7763518, -122.4246221 37.7765172, -122.4246758 37.7768055, -122.4263119 37.7766275))",polygon2
Pickup,4,21,POINT(-122.423209475626 37.776820223827),POINT(-122.423212672881 37.777094408915),"POLYGON((-122.4246758 37.7768055, -122.4246221 37.7765172, -122.4229484 37.7767334, -122.4230182 37.7770217, -122.4246758 37.7768055))",polygon3
Dropoff,6,17,POINT(-122.424951792369 37.7766703146799),POINT(-122.425026105687 37.7768340762757),"POLYGON((-122.4263119 37.7766275, -122.4262636 37.7763518, -122.4246221 37.7765172, -122.4246758 37.7768055, -122.4263119 37.7766275))",polygon2
Pickup,5,22,POINT(-122.422805238109 37.7773888149194),POINT(-122.422295229512 37.7770068146692),"POLYGON((-122.4230182 37.7770217, -122.4229484 37.7767334, -122.421323 37.7769666, -122.4213874 37.7772422, -122.4230182 37.7770217))",polygon4
Pickup,3,21,POINT(-122.424849741087 37.7766378002019),POINT(-122.424940126901 37.7765512591425),"POLYGON((-122.4263119 37.7766275, -122.4262636 37.7763518, -122.4246221 37.7765172, -122.4246758 37.7768055, -122.4263119 37.7766275))",polygon2
Dropoff,7,21,POINT(-122.424200015146 37.7762641074496),POINT(-122.424117060088 37.7767396323689),"POLYGON((-122.4246758 37.7768055, -122.4246221 37.7765172, -122.4229484 37.7767334, -122.4230182 37.7770217, -122.4246758 37.7768055))",polygon3
Pickup,3,12,POINT(-122.423842875873 37.7767676913044),POINT(-122.423796731974 37.776474508763),"POLYGON((-122.4246758 37.7768055, -122.4246221 37.7765172, -122.4229484 37.7767334, -122.4230182 37.7770217, -122.4246758 37.7768055))",polygon3
Dropoff,3,11,POINT(-122.424655057037 37.7768302824437),POINT(-122.424799709135 37.7767751050329),"POLYGON((-122.4263119 37.7766275, -122.4262636 37.7763518, -122.4246221 37.7765172, -122.4246758 37.7768055, -122.4263119 37.7766275))",polygon2
Dropoff,4,17,POINT(-122.423864133169 37.7767650064983),POINT(-122.424029697972 37.7768991780854),"POLYGON((-122.4246758 37.7768055, -122.4246221 37.7765172, -122.4229484 37.7767334, -122.4230182 37.7770217, -122.4246758 37.7768055))",polygon3
Pickup,7,13,POINT(-122.424287636355 37.7761765994006),POINT(-122.424323324262 37.7765915708113),"POLYGON((-122.4246758 37.7768055, -122.4246221 37.7765172, -122.4229484 37.7767334, -122.4230182 37.7770217, -122.4246758 37.7768055))",polygon3
Pickup,6,0,POINT(-122.424387700723 37.7766938332243),POINT(-122.424388132779 37.7767829024189),"POLYGON((-122.4246758 37.7768055, -122.4246221 37.7765172, -122.4229484 37.7767334, -122.4230182 37.7770217, -122.4246758 37.7768055))",polygon3
Pickup,7,13,POINT(-122.422733688425 37.7764490718287),POINT(-122.422469438081 37.7768518940982),"POLYGON((-122.4230182 37.7770217, -122.4229484 37.7767334, -122.421323 37.7769666, -122.4213874 37.7772422, -122.4230182 37.7770217))",polygon4
Dropoff,5,15,POINT(-122.424726778234 37.7769542755059),POINT(-122.424982468221 37.7765297303255),"POLYGON((-122.4263119 37.7766275, -122.4262636 37.7763518, -122.4246221 37.7765172, -122.4246758 37.7768055, -122.4263119 37.7766275))",polygon2
Pickup,6,21,POINT(-122.424574003385 37.7761043716093),POINT(-122.424772662491 37.7766563456642),"POLYGON((-122.4263119 37.7766275, -122.4262636 37.7763518, -122.4246221 37.7765172, -122.4246758 37.7768055, -122.4263119 37.7766275))",polygon2
Dropoff,7,20,POINT(-122.426268599287 37.7762551139851),POINT(-122.426266266222 37.7763693871327),"POLYGON((-122.4263119 37.7766275, -122.4262636 37.7763518, -122.4246221 37.7765172, -122.4246758 37.7768055, -122.4263119 37.7766275))",polygon2
Pickup,7,21,POINT(-122.426457490898 37.7764721777419),POINT(-122.426245700692 37.7765759248974),"POLYGON((-122.4279642 37.7763815, -122.4279159 37.7761441, -122.4262636 37.7763518, -122.4263119 37.7766275, -122.4279642 37.7763815))",polygon1
Pickup,7,21,POINT(-122.426457490898 37.7764721777419),POINT(-122.426245700692 37.7765759248974),"POLYGON((-122.4263119 37.7766275, -122.4262636 37.7763518, -122.4246221 37.7765172, -122.4246758 37.7768055, -122.4263119 37.7766275))",polygon2
Pickup,1,0,POINT(-122.425866706624 37.7765055894921),POINT(-122.42595190696 37.7764761845575),"POLYGON((-122.4263119 37.7766275, -122.4262636 37.7763518, -122.4246221 37.7765172, -122.4246758 37.7768055, -122.4263119 37.7766275))",polygon2
Pickup,3,18,POINT(-122.425942661086 37.7765363877665),POINT(-122.426078324776 37.7765800079705),"POLYGON((-122.4263119 37.7766275, -122.4262636 37.7763518, -122.4246221 37.7765172, -122.4246758 37.7768055, -122.4263119 37.7766275))",polygon2
Dropoff,5,20,POINT(-122.424387700723 37.7766938332243),POINT(-122.424319867807 37.7768448280664),"POLYGON((-122.4246758 37.7768055, -122.4246221 37.7765172, -122.4229484 37.7767334, -122.4230182 37.7770217, -122.4246758 37.7768055))",polygon3
Dropoff,1,9,POINT(-122.42483021221 37.7766853906467),POINT(-122.424799709135 37.7767751050329),"POLYGON((-122.4263119 37.7766275, -122.4262636 37.7763518, -122.4246221 37.7765172, -122.4246758 37.7768055, -122.4263119 37.7766275))",polygon2
Pickup,3,19,POINT(-122.421244182293 37.7767219812304),POINT(-122.421413639849 37.777025520072),"POLYGON((-122.4230182 37.7770217, -122.4229484 37.7767334, -122.421323 37.7769666, -122.4213874 37.7772422, -122.4230182 37.7770217))",polygon4
Pickup,6,19,POINT(-122.426345331144 37.7766305550962),POINT(-122.426386289343 37.7765880777457),"POLYGON((-122.4279642 37.7763815, -122.4279159 37.7761441, -122.4262636 37.7763518, -122.4263119 37.7766275, -122.4279642 37.7763815))",polygon1
Pickup,4,22,POINT(-122.424146440012 37.7767715986847),POINT(-122.424395477742 37.776745311497),"POLYGON((-122.4246758 37.7768055, -122.4246221 37.7765172, -122.4229484 37.7767334, -122.4230182 37.7770217, -122.4246758 37.7768055))",polygon3
Dropoff,7,14,POINT(-122.423001999489 37.7767477208701),POINT(-122.42313325995 37.7767721273771),"POLYGON((-122.4246758 37.7768055, -122.4246221 37.7765172, -122.4229484 37.7767334, -122.4230182 37.7770217, -122.4246758 37.7768055))",polygon3
Dropoff,5,12,POINT(-122.42546040549 37.7765598237169),POINT(-122.425448480848 37.7764186022882),"POLYGON((-122.4263119 37.7766275, -122.4262636 37.7763518, -122.4246221 37.7765172, -122.4246758 37.7768055, -122.4263119 37.7766275))",polygon2
Pickup,7,11,POINT(-122.425757138545 37.7765203889702),POINT(-122.42510949208 37.7765581260599),"POLYGON((-122.4263119 37.7766275, -122.4262636 37.7763518, -122.4246221 37.7765172, -122.4246758 37.7768055, -122.4263119 37.7766275))",polygon2
Pickup,5,17,POINT(-122.42483021221 37.7766853906467),POINT(-122.424774822767 37.7765128271241),"POLYGON((-122.4263119 37.7766275, -122.4262636 37.7763518, -122.4246221 37.7765172, -122.4246758 37.7768055, -122.4263119 37.7766275))",polygon2
Pickup,1,22,POINT(-122.426457490898 37.7764721777419),POINT(-122.426213383422 37.7765463172517),"POLYGON((-122.4279642 37.7763815, -122.4279159 37.7761441, -122.4262636 37.7763518, -122.4263119 37.7766275, -122.4279642 37.7763815))",polygon1
Pickup,1,22,POINT(-122.426457490898 37.7764721777419),POINT(-122.426213383422 37.7765463172517),"POLYGON((-122.4263119 37.7766275, -122.4262636 37.7763518, -122.4246221 37.7765172, -122.4246758 37.7768055, -122.4263119 37.7766275))",polygon2
Dropoff,1,16,POINT(-122.422733688425 37.7764490718287),POINT(-122.422814397848 37.776811887749),"POLYGON((-122.4230182 37.7770217, -122.4229484 37.7767334, -122.421323 37.7769666, -122.4213874 37.7772422, -122.4230182 37.7770217))",polygon4
Pickup,7,21,POINT(-122.423001999489 37.7767477208701),POINT(-122.423074931589 37.7769902816893),"POLYGON((-122.4246758 37.7768055, -122.4246221 37.7765172, -122.4229484 37.7767334, -122.4230182 37.7770217, -122.4246758 37.7768055))",polygon3
Dropoff,7,17,POINT(-122.424655057037 37.7768302824437),POINT(-122.423637993347 37.7766909758119),"POLYGON((-122.4246758 37.7768055, -122.4246221 37.7765172, -122.4229484 37.7767334, -122.4230182 37.7770217, -122.4246758 37.7768055))",polygon3
Pickup,1,15,POINT(-122.425321630221 37.7766203190828),POINT(-122.425341677469 37.776678927771),"POLYGON((-122.4263119 37.7766275, -122.4262636 37.7763518, -122.4246221 37.7765172, -122.4246758 37.7768055, -122.4263119 37.7766275))",polygon2
Pickup,7,18,POINT(-122.42483021221 37.7766853906467),POINT(-122.424380614993 37.7768528249401),"POLYGON((-122.4263119 37.7766275, -122.4262636 37.7763518, -122.4246221 37.7765172, -122.4246758 37.7768055, -122.4263119 37.7766275))",polygon2
Dropoff,2,17,POINT(-122.421647302445 37.7770384299589),POINT(-122.421574196526 37.7769286702654),"POLYGON((-122.4230182 37.7770217, -122.4229484 37.7767334, -122.421323 37.7769666, -122.4213874 37.7772422, -122.4230182 37.7770217))",polygon4
Pickup,7,16,POINT(-122.425113207741 37.7766043103469),POINT(-122.425099382023 37.7765839177786),"POLYGON((-122.4263119 37.7766275, -122.4262636 37.7763518, -122.4246221 37.7765172, -122.4246758 37.7768055, -122.4263119 37.7766275))",polygon2
Pickup,1,1,POINT(-122.422610463854 37.7769710798452),POINT(-122.42267466854 37.7769577315693),"POLYGON((-122.4230182 37.7770217, -122.4229484 37.7767334, -122.421323 37.7769666, -122.4213874 37.7772422, -122.4230182 37.7770217))",polygon4
Pickup,5,22,POINT(-122.425397671487 37.7765679963507),POINT(-122.425382463239 37.7765288365564),"POLYGON((-122.4263119 37.7766275, -122.4262636 37.7763518, -122.4246221 37.7765172, -122.4246758 37.7768055, -122.4263119 37.7766275))",polygon2
Dropoff,6,16,POINT(-122.424849741087 37.7766378002019),POINT(-122.424776896631 37.7765500656232),"POLYGON((-122.4263119 37.7766275, -122.4262636 37.7763518, -122.4246221 37.7765172, -122.4246758 37.7768055, -122.4263119 37.7766275))",polygon2
Dropoff,7,18,POINT(-122.426268599287 37.7762551139851),POINT(-122.426258662161 37.7763810314819),"POLYGON((-122.4263119 37.7766275, -122.4262636 37.7763518, -122.4246221 37.7765172, -122.4246758 37.7768055, -122.4263119 37.7766275))",polygon2
Pickup,1,21,POINT(-122.426284066636 37.776333305778),POINT(-122.425962016935 37.7763904163168),"POLYGON((-122.4263119 37.7766275, -122.4262636 37.7763518, -122.4246221 37.7765172, -122.4246758 37.7768055, -122.4263119 37.7766275))",polygon2
Pickup,7,1,POINT(-122.424146440012 37.7767715986847),POINT(-122.424407488915 37.776800430994),"POLYGON((-122.4246758 37.7768055, -122.4246221 37.7765172, -122.4229484 37.7767334, -122.4230182 37.7770217, -122.4246758 37.7768055))",polygon3
Dropoff,6,13,POINT(-122.421163385249 37.7770887404333),POINT(-122.422115663035 37.776883123342),"POLYGON((-122.4230182 37.7770217, -122.4229484 37.7767334, -122.421323 37.7769666, -122.4213874 37.7772422, -122.4230182 37.7770217))",polygon4
Dropoff,7,16,POINT(-122.42655893575 37.7764185104574),POINT(-122.426529383682 37.7762606843251),"POLYGON((-122.4279642 37.7763815, -122.4279159 37.7761441, -122.4262636 37.7763518, -122.4263119 37.7766275, -122.4279642 37.7763815))",polygon1
Pickup,4,19,POINT(-122.424283834253 37.7762227700409),POINT(-122.425690602668 37.7766345629227),"POLYGON((-122.4263119 37.7766275, -122.4262636 37.7763518, -122.4246221 37.7765172, -122.4246758 37.7768055, -122.4263119 37.7766275))",polygon2
Dropoff,1,19,POINT(-122.421163385249 37.7770887404333),POINT(-122.422101836922 37.77709966012),"POLYGON((-122.4230182 37.7770217, -122.4229484 37.7767334, -122.421323 37.7769666, -122.4213874 37.7772422, -122.4230182 37.7770217))",polygon4
Pickup,1,16,POINT(-122.421148608457 37.7771766722894),POINT(-122.421878199292 37.7770652029576),"POLYGON((-122.4230182 37.7770217, -122.4229484 37.7767334, -122.421323 37.7769666, -122.4213874 37.7772422, -122.4230182 37.7770217))",polygon4
Pickup,2,12,POINT(-122.423842875873 37.7767676913044),POINT(-122.423800706917 37.7764524940632),"POLYGON((-122.4246758 37.7768055, -122.4246221 37.7765172, -122.4229484 37.7767334, -122.4230182 37.7770217, -122.4246758 37.7768055))",polygon3
Pickup,7,16,POINT(-122.425439580571 37.7765625213544),POINT(-122.425437074667 37.7765105126411),"POLYGON((-122.4263119 37.7766275, -122.4262636 37.7763518, -122.4246221 37.7765172, -122.4246758 37.7768055, -122.4263119 37.7766275))",polygon2
Pickup,4,8,POINT(-122.425866706624 37.7765055894921),POINT(-122.42602872546 37.7763244610465),"POLYGON((-122.4263119 37.7766275, -122.4262636 37.7763518, -122.4246221 37.7765172, -122.4246758 37.7768055, -122.4263119 37.7766275))",polygon2
Pickup,7,1,POINT(-122.424287636355 37.7761765994006),POINT(-122.424383898624 37.7767503268245),"POLYGON((-122.4246758 37.7768055, -122.4246221 37.7765172, -122.4229484 37.7767334, -122.4230182 37.7770217, -122.4246758 37.7768055))",polygon3
Pickup,7,12,POINT(-122.425147599207 37.7766438220747),POINT(-122.425147339975 37.7766335058445),"POLYGON((-122.4263119 37.7766275, -122.4262636 37.7763518, -122.4246221 37.7765172, -122.4246758 37.7768055, -122.4263119 37.7766275))",polygon2
Pickup,6,21,POINT(-122.424655057037 37.7768302824437),POINT(-122.42439400875 37.7767142117966),"POLYGON((-122.4246758 37.7768055, -122.4246221 37.7765172, -122.4229484 37.7767334, -122.4230182 37.7770217, -122.4246758 37.7768055))",polygon3
Pickup,1,0,POINT(-122.424574003385 37.7761043716093),POINT(-122.424558017316 37.7765675869599),"POLYGON((-122.4246758 37.7768055, -122.4246221 37.7765172, -122.4229484 37.7767334, -122.4230182 37.7770217, -122.4246758 37.7768055))",polygon3
Dropoff,2,12,POINT(-122.42249026359 37.7769304031244),POINT(-122.422449131046 37.7767711898968),"POLYGON((-122.4230182 37.7770217, -122.4229484 37.7767334, -122.421323 37.7769666, -122.4213874 37.7772422, -122.4230182 37.7770217))",polygon4
Pickup,1,1,POINT(-122.426284066636 37.776333305778),POINT(-122.425816588747 37.7765995922524),"POLYGON((-122.4263119 37.7766275, -122.4262636 37.7763518, -122.4246221 37.7765172, -122.4246758 37.7768055, -122.4263119 37.7766275))",polygon2
Pickup,5,19,POINT(-122.42483021221 37.7766853906467),POINT(-122.424844902073 37.7767875220555),"POLYGON((-122.4263119 37.7766275, -122.4262636 37.7763518, -122.4246221 37.7765172, -122.4246758 37.7768055, -122.4263119 37.7766275))",polygon2
Dropoff,1,0,POINT(-122.424655057037 37.7768302824437),POINT(-122.423604119858 37.7766909977582),"POLYGON((-122.4246758 37.7768055, -122.4246221 37.7765172, -122.4229484 37.7767334, -122.4230182 37.7770217, -122.4246758 37.7768055))",polygon3
Pickup,6,18,POINT(-122.426457490898 37.7764721777419),POINT(-122.426220901076 37.7765727208574),"POLYGON((-122.4279642 37.7763815, -122.4279159 37.7761441, -122.4262636 37.7763518, -122.4263119 37.7766275, -122.4279642 37.7763815))",polygon1
Pickup,6,18,POINT(-122.426457490898 37.7764721777419),POINT(-122.426220901076 37.7765727208574),"POLYGON((-122.4263119 37.7766275, -122.4262636 37.7763518, -122.4246221 37.7765172, -122.4246758 37.7768055, -122.4263119 37.7766275))",polygon2
Dropoff,5,19,POINT(-122.425866706624 37.7765055894921),POINT(-122.426005394763 37.7763402883653),"POLYGON((-122.4263119 37.7766275, -122.4262636 37.7763518, -122.4246221 37.7765172, -122.4246758 37.7768055, -122.4263119 37.7766275))",polygon2
Pickup,1,13,POINT(-122.424655057037 37.7768302824437),POINT(-122.424799709135 37.7767751050329),"POLYGON((-122.4263119 37.7766275, -122.4262636 37.7763518, -122.4246221 37.7765172, -122.4246758 37.7768055, -122.4263119 37.7766275))",polygon2
Dropoff,7,21,POINT(-122.424655057037 37.7768302824437),POINT(-122.424319867807 37.7768448280664),"POLYGON((-122.4246758 37.7768055, -122.4246221 37.7765172, -122.4229484 37.7767334, -122.4230182 37.7770217, -122.4246758 37.7768055))",polygon3
Pickup,6,0,POINT(-122.424146440012 37.7767715986847),POINT(-122.424382429631 37.7767552859941),"POLYGON((-122.4246758 37.7768055, -122.4246221 37.7765172, -122.4229484 37.7767334, -122.4230182 37.7770217, -122.4246758 37.7768055))",polygon3
Dropoff,7,12,POINT(-122.422733688425 37.7764490718287),POINT(-122.422615821447 37.7768010587368),"POLYGON((-122.4230182 37.7770217, -122.4229484 37.7767334, -122.421323 37.7769666, -122.4213874 37.7772422, -122.4230182 37.7770217))",polygon4
Pickup,7,21,POINT(-122.426457490898 37.7764721777419),POINT(-122.426355009032 37.7763750961654),"POLYGON((-122.4279642 37.7763815, -122.4279159 37.7761441, -122.4262636 37.7763518, -122.4263119 37.7766275, -122.4279642 37.7763815))",polygon1
Pickup,6,22,POINT(-122.42483021221 37.7766853906467),POINT(-122.42437136898 37.7767338973988),"POLYGON((-122.4246758 37.7768055, -122.4246221 37.7765172, -122.4229484 37.7767334, -122.4230182 37.7770217, -122.4246758 37.7768055))",polygon3
Pickup,6,22,POINT(-122.42483021221 37.7766853906467),POINT(-122.42437136898 37.7767338973988),"POLYGON((-122.4263119 37.7766275, -122.4262636 37.7763518, -122.4246221 37.7765172, -122.4246758 37.7768055, -122.4263119 37.7766275))",polygon2
Pickup,7,23,POINT(-122.422803509856 37.7769471141156),POINT(-122.423072684866 37.7771474950615),"POLYGON((-122.4230182 37.7770217, -122.4229484 37.7767334, -122.421323 37.7769666, -122.4213874 37.7772422, -122.4230182 37.7770217))",polygon4
Pickup,2,19,POINT(-122.423757760237 37.7767785297617),POINT(-122.423757933061 37.7767938162251),"POLYGON((-122.4246758 37.7768055, -122.4246221 37.7765172, -122.4229484 37.7767334, -122.4230182 37.7770217, -122.4246758 37.7768055))",polygon3
Pickup,6,20,POINT(-122.424726778234 37.7769542755059),POINT(-122.424656007559 37.776561875303),"POLYGON((-122.4263119 37.7766275, -122.4262636 37.7763518, -122.4246221 37.7765172, -122.4246758 37.7768055, -122.4263119 37.7766275))",polygon2
Pickup,1,17,POINT(-122.42419327505 37.7772175978603),POINT(-122.424234234089 37.776833871245),"POLYGON((-122.4246758 37.7768055, -122.4246221 37.7765172, -122.4229484 37.7767334, -122.4230182 37.7770217, -122.4246758 37.7768055))",polygon3
Pickup,7,11,POINT(-122.425795504668 37.7765572237663),POINT(-122.425916392427 37.776491470167),"POLYGON((-122.4263119 37.7766275, -122.4262636 37.7763518, -122.4246221 37.7765172, -122.4246758 37.7768055, -122.4263119 37.7766275))",polygon2
Pickup,4,15,POINT(-122.423330798425 37.7768281299506),POINT(-122.423080029921 37.7771325863501),"POLYGON((-122.4246758 37.7768055, -122.4246221 37.7765172, -122.4229484 37.7767334, -122.4230182 37.7770217, -122.4246758 37.7768055))",polygon3
Pickup,6,21,POINT(-122.424655057037 37.7768302824437),POINT(-122.424315892883 37.7767234795577),"POLYGON((-122.4246758 37.7768055, -122.4246221 37.7765172, -122.4229484 37.7767334, -122.4230182 37.7770217, -122.4246758 37.7768055))",polygon3
Dropoff,1,19,POINT(-122.422733688425 37.7764490718287),POINT(-122.422814397848 37.776811887749),"POLYGON((-122.4230182 37.7770217, -122.4229484 37.7767334, -122.421323 37.7769666, -122.4213874 37.7772422, -122.4230182 37.7770217))",polygon4
Pickup,6,6,POINT(-122.425708316769 37.7765695013865),POINT(-122.425733807788 37.7767184720214),"POLYGON((-122.4263119 37.7766275, -122.4262636 37.7763518, -122.4246221 37.7765172, -122.4246758 37.7768055, -122.4263119 37.7766275))",polygon2
Pickup,3,21,POINT(-122.426284066636 37.776333305778),POINT(-122.425842771021 37.7765604966762),"POLYGON((-122.4263119 37.7766275, -122.4262636 37.7763518, -122.4246221 37.7765172, -122.4246758 37.7768055, -122.4263119 37.7766275))",polygon2
Pickup,6,17,POINT(-122.424668191525 37.7768953067914),POINT(-122.424218593614 37.7768599098918),"POLYGON((-122.4246758 37.7768055, -122.4246221 37.7765172, -122.4229484 37.7767334, -122.4230182 37.7770217, -122.4246758 37.7768055))",polygon3
Dropoff,5,19,POINT(-122.425082359105 37.7766528379882),POINT(-122.425000528085 37.7767387107341),"POLYGON((-122.4263119 37.7766275, -122.4262636 37.7763518, -122.4246221 37.7765172, -122.4246758 37.7768055, -122.4263119 37.7766275))",polygon2
Dropoff,6,19,POINT(-122.426457490898 37.7764721777419),POINT(-122.426266266222 37.7763693871327),"POLYGON((-122.4279642 37.7763815, -122.4279159 37.7761441, -122.4262636 37.7763518, -122.4263119 37.7766275, -122.4279642 37.7763815))",polygon1
Dropoff,6,19,POINT(-122.426457490898 37.7764721777419),POINT(-122.426266266222 37.7763693871327),"POLYGON((-122.4263119 37.7766275, -122.4262636 37.7763518, -122.4246221 37.7765172, -122.4246758 37.7768055, -122.4263119 37.7766275))",polygon2
Dropoff,3,20,POINT(-122.424726778234 37.7769542755059),POINT(-122.425002774767 37.7765249385779),"POLYGON((-122.4263119 37.7766275, -122.4262636 37.7763518, -122.4246221 37.7765172, -122.4246758 37.7768055, -122.4263119 37.7766275))",polygon2
Dropoff,2,17,POINT(-122.423864133169 37.7767650064983),POINT(-122.424029697972 37.7768991780854),"POLYGON((-122.4246758 37.7768055, -122.4246221 37.7765172, -122.4229484 37.7767334, -122.4230182 37.7770217, -122.4246758 37.7768055))",polygon3
Dropoff,7,21,POINT(-122.426457490898 37.7764721777419),POINT(-122.426045402584 37.7766179779217),"POLYGON((-122.4279642 37.7763815, -122.4279159 37.7761441, -122.4262636 37.7763518, -122.4263119 37.7766275, -122.4279642 37.7763815))",polygon1
Dropoff,7,21,POINT(-122.426457490898 37.7764721777419),POINT(-122.426045402584 37.7766179779217),"POLYGON((-122.4263119 37.7766275, -122.4262636 37.7763518, -122.4246221 37.7765172, -122.4246758 37.7768055, -122.4263119 37.7766275))",polygon2
Dropoff,4,17,POINT(-122.423425333329 37.7768612136313),POINT(-122.423176811772 37.7770403719393),"POLYGON((-122.4246758 37.7768055, -122.4246221 37.7765172, -122.4229484 37.7767334, -122.4230182 37.7770217, -122.4246758 37.7768055))",polygon3
Pickup,5,2,POINT(-122.42483021221 37.7766853906467),POINT(-122.424664907903 37.776744302898),"POLYGON((-122.4263119 37.7766275, -122.4262636 37.7763518, -122.4246221 37.7765172, -122.4246758 37.7768055, -122.4263119 37.7766275))",polygon2
Pickup,6,22,POINT(-122.423001999489 37.7767477208701),POINT(-122.422613488302 37.7769204228701),"POLYGON((-122.4230182 37.7770217, -122.4229484 37.7767334, -122.421323 37.7769666, -122.4213874 37.7772422, -122.4230182 37.7770217))",polygon4
Pickup,6,22,POINT(-122.423001999489 37.7767477208701),POINT(-122.422613488302 37.7769204228701),"POLYGON((-122.4246758 37.7768055, -122.4246221 37.7765172, -122.4229484 37.7767334, -122.4230182 37.7770217, -122.4246758 37.7768055))",polygon3
Pickup,5,18,POINT(-122.42332198438 37.7768290232458),POINT(-122.423036478059 37.7768723389173),"POLYGON((-122.4246758 37.7768055, -122.4246221 37.7765172, -122.4229484 37.7767334, -122.4230182 37.7770217, -122.4246758 37.7768055))",polygon3
Pickup,7,18,POINT(-122.424287636355 37.7761765994006),POINT(-122.424332743102 37.7767553009954),"POLYGON((-122.4246758 37.7768055, -122.4246221 37.7765172, -122.4229484 37.7767334, -122.4230182 37.7770217, -122.4246758 37.7768055))",polygon3
Dropoff,6,16,POINT(-122.424655057037 37.7768302824437),POINT(-122.424319867807 37.7768448280664),"POLYGON((-122.4246758 37.7768055, -122.4246221 37.7765172, -122.4229484 37.7767334, -122.4230182 37.7770217, -122.4246758 37.7768055))",polygon3
Pickup,3,21,POINT(-122.426284066636 37.776333305778),POINT(-122.426150563459 37.7765657125264),"POLYGON((-122.4263119 37.7766275, -122.4262636 37.7763518, -122.4246221 37.7765172, -122.4246758 37.7768055, -122.4263119 37.7766275))",polygon2
Pickup,4,22,POINT(-122.424146440012 37.7767715986847),POINT(-122.424325916604 37.7767640889278),"POLYGON((-122.4246758 37.7768055, -122.4246221 37.7765172, -122.4229484 37.7767334, -122.4230182 37.7770217, -122.4246758 37.7768055))",polygon3
Dropoff,2,19,POINT(-122.426284066636 37.776333305778),POINT(-122.426045402584 37.7766179779217),"POLYGON((-122.4263119 37.7766275, -122.4262636 37.7763518, -122.4246221 37.7765172, -122.4246758 37.7768055, -122.4263119 37.7766275))",polygon2
Dropoff,2,18,POINT(-122.42401846446 37.7767878407125),POINT(-122.424029697972 37.7768991780854),"POLYGON((-122.4246758 37.7768055, -122.4246221 37.7765172, -122.4229484 37.7767334, -122.4230182 37.7770217, -122.4246758 37.7768055))",polygon3
Dropoff,2,20,POINT(-122.426284066636 37.776333305778),POINT(-122.426045402584 37.7766179779217),"POLYGON((-122.4263119 37.7766275, -122.4262636 37.7763518, -122.4246221 37.7765172, -122.4246758 37.7768055, -122.4263119 37.7766275))",polygon2
Dropoff,2,16,POINT(-122.42332198438 37.7768290232458),POINT(-122.422740342202 37.7771040893142),"POLYGON((-122.4246758 37.7768055, -122.4246221 37.7765172, -122.4229484 37.7767334, -122.4230182 37.7770217, -122.4246758 37.7768055))",polygon3
Dropoff,6,0,POINT(-122.423001999489 37.7767477208701),POINT(-122.422110737483 37.7771039747568),"POLYGON((-122.4230182 37.7770217, -122.4229484 37.7767334, -122.421323 37.7769666, -122.4213874 37.7772422, -122.4230182 37.7770217))",polygon4
Dropoff,6,0,POINT(-122.423001999489 37.7767477208701),POINT(-122.422110737483 37.7771039747568),"POLYGON((-122.4246758 37.7768055, -122.4246221 37.7765172, -122.4229484 37.7767334, -122.4230182 37.7770217, -122.4246758 37.7768055))",polygon3
Pickup,7,19,POINT(-122.426345331144 37.7766305550962),POINT(-122.426058709718 37.776458164266),"POLYGON((-122.4263119 37.7766275, -122.4262636 37.7763518, -122.4246221 37.7765172, -122.4246758 37.7768055, -122.4263119 37.7766275))",polygon2
Pickup,5,20,POINT(-122.426284066636 37.776333305778),POINT(-122.426045402584 37.7766179779217),"POLYGON((-122.4263119 37.7766275, -122.4262636 37.7763518, -122.4246221 37.7765172, -122.4246758 37.7768055, -122.4263119 37.7766275))",polygon2
Pickup,6,15,POINT(-122.426284066636 37.776333305778),POINT(-122.426150563459 37.7765657125264),"POLYGON((-122.4263119 37.7766275, -122.4262636 37.7763518, -122.4246221 37.7765172, -122.4246758 37.7768055, -122.4263119 37.7766275))",polygon2
Dropoff,4,12,POINT(-122.424726778234 37.7769542755059),POINT(-122.424796771161 37.7767760086677),"POLYGON((-122.4263119 37.7766275, -122.4262636 37.7763518, -122.4246221 37.7765172, -122.4246758 37.7768055, -122.4263119 37.7766275))",polygon2
Dropoff,5,19,POINT(-122.42655893575 37.7764185104574),POINT(-122.426529383682 37.7762606843251),"POLYGON((-122.4279642 37.7763815, -122.4279159 37.7761441, -122.4262636 37.7763518, -122.4263119 37.7766275, -122.4279642 37.7763815))",polygon1
Pickup,7,1,POINT(-122.425795504668 37.7765572237663),POINT(-122.425810972087 37.7767072418296),"POLYGON((-122.4263119 37.7766275, -122.4262636 37.7763518, -122.4246221 37.7765172, -122.4246758 37.7768055, -122.4263119 37.7766275))",polygon2
Pickup,2,21,POINT(-122.421163385249 37.7770887404333),POINT(-122.422139772315 37.7769824328114),"POLYGON((-122.4230182 37.7770217, -122.4229484 37.7767334, -122.421323 37.7769666, -122.4213874 37.7772422, -122.4230182 37.7770217))",polygon4
Dropoff,6,22,POINT(-122.423001999489 37.7767477208701),POINT(-122.42365372032 37.7769591986537),"POLYGON((-122.4246758 37.7768055, -122.4246221 37.7765172, -122.4229484 37.7767334, -122.4230182 37.7770217, -122.4246758 37.7768055))",polygon3
Dropoff,5,19,POINT(-122.42332198438 37.7768290232458),POINT(-122.423255533372 37.7770072188445),"POLYGON((-122.4246758 37.7768055, -122.4246221 37.7765172, -122.4229484 37.7767334, -122.4230182 37.7770217, -122.4246758 37.7768055))",polygon3
Pickup,5,21,POINT(-122.425860917147 37.7765480088597),POINT(-122.425902566815 37.7767502407538),"POLYGON((-122.4263119 37.7766275, -122.4262636 37.7763518, -122.4246221 37.7765172, -122.4246758 37.7768055, -122.4263119 37.7766275))",polygon2
Pickup,5,20,POINT(-122.42332198438 37.7768290232458),POINT(-122.423180700326 37.7769185671928),"POLYGON((-122.4246758 37.7768055, -122.4246221 37.7765172, -122.4229484 37.7767334, -122.4230182 37.7770217, -122.4246758 37.7768055))",polygon3
Pickup,1,20,POINT(-122.425844758454 37.7765086327269),POINT(-122.425849683831 37.7765044279109),"POLYGON((-122.4263119 37.7766275, -122.4262636 37.7763518, -122.4246221 37.7765172, -122.4246758 37.7768055, -122.4263119 37.7766275))",polygon2
Pickup,5,20,POINT(-122.421771565108 37.7775261276757),POINT(-122.42168057167 37.7770801066141),"POLYGON((-122.4230182 37.7770217, -122.4229484 37.7767334, -122.421323 37.7769666, -122.4213874 37.7772422, -122.4230182 37.7770217))",polygon4
Pickup,3,23,POINT(-122.424446028354 37.7766867258339),POINT(-122.424441534967 37.7766939964958),"POLYGON((-122.4246758 37.7768055, -122.4246221 37.7765172, -122.4229484 37.7767334, -122.4230182 37.7770217, -122.4246758 37.7768055))",polygon3
Dropoff,5,13,POINT(-122.423651387198 37.776791689419),POINT(-122.423637993347 37.7766909758119),"POLYGON((-122.4246758 37.7768055, -122.4246221 37.7765172, -122.4229484 37.7767334, -122.4230182 37.7770217, -122.4246758 37.7768055))",polygon3
Pickup,6,6,POINT(-122.425642817785 37.7765785973798),POINT(-122.425706329334 37.7767168187707),"POLYGON((-122.4263119 37.7766275, -122.4262636 37.7763518, -122.4246221 37.7765172, -122.4246758 37.7768055, -122.4263119 37.7766275))",polygon2
Dropoff,3,9,POINT(-122.423425333329 37.7768612136313),POINT(-122.422389074045 37.7770230275679),"POLYGON((-122.4230182 37.7770217, -122.4229484 37.7767334, -122.421323 37.7769666, -122.4213874 37.7772422, -122.4230182 37.7770217))",polygon4
Dropoff,3,9,POINT(-122.423425333329 37.7768612136313),POINT(-122.422389074045 37.7770230275679),"POLYGON((-122.4246758 37.7768055, -122.4246221 37.7765172, -122.4229484 37.7767334, -122.4230182 37.7770217, -122.4246758 37.7768055))",polygon3
Dropoff,6,12,POINT(-122.423864133169 37.7767650064983),POINT(-122.423895068575 37.7766462971795),"POLYGON((-122.4246758 37.7768055, -122.4246221 37.7765172, -122.4229484 37.7767334, -122.4230182 37.7770217, -122.4246758 37.7768055))",polygon3
Dropoff,4,20,POINT(-122.424221704427 37.776261289738),POINT(-122.424319867807 37.7768448280664),"POLYGON((-122.4246758 37.7768055, -122.4246221 37.7765172, -122.4229484 37.7767334, -122.4230182 37.7770217, -122.4246758 37.7768055))",polygon3
Pickup,6,22,POINT(-122.426492832429 37.7764272114263),POINT(-122.425890901453 37.77653347919),"POLYGON((-122.4279642 37.7763815, -122.4279159 37.7761441, -122.4262636 37.7763518, -122.4263119 37.7766275, -122.4279642 37.7763815))",polygon1
Pickup,6,22,POINT(-122.426492832429 37.7764272114263),POINT(-122.425890901453 37.77653347919),"POLYGON((-122.4263119 37.7766275, -122.4262636 37.7763518, -122.4246221 37.7765172, -122.4246758 37.7768055, -122.4263119 37.7766275))",polygon2
Pickup,7,12,POINT(-122.423115718239 37.776394319937),POINT(-122.423022911305 37.7769801813417),"POLYGON((-122.4246758 37.7768055, -122.4246221 37.7765172, -122.4229484 37.7767334, -122.4230182 37.7770217, -122.4246758 37.7768055))",polygon3
Dropoff,3,21,POINT(-122.42401846446 37.7767878407125),POINT(-122.423954260597 37.7769130015034),"POLYGON((-122.4246758 37.7768055, -122.4246221 37.7765172, -122.4229484 37.7767334, -122.4230182 37.7770217, -122.4246758 37.7768055))",polygon3
Pickup,3,14,POINT(-122.423209475626 37.776820223827),POINT(-122.422358397434 37.7769410051869),"POLYGON((-122.4230182 37.7770217, -122.4229484 37.7767334, -122.421323 37.7769666, -122.4213874 37.7772422, -122.4230182 37.7770217))",polygon4
Pickup,3,14,POINT(-122.423209475626 37.776820223827),POINT(-122.422358397434 37.7769410051869),"POLYGON((-122.4246758 37.7768055, -122.4246221 37.7765172, -122.4229484 37.7767334, -122.4230182 37.7770217, -122.4246758 37.7768055))",polygon3
Pickup,2,17,POINT(-122.426240775333 37.7763211770386),POINT(-122.42624647838 37.7763852879447),"POLYGON((-122.4263119 37.7766275, -122.4262636 37.7763518, -122.4246221 37.7765172, -122.4246758 37.7768055, -122.4263119 37.7766275))",polygon2
Pickup,4,18,POINT(-122.424930103239 37.7766729872008),POINT(-122.42492431371 37.7766779666592),"POLYGON((-122.4263119 37.7766275, -122.4262636 37.7763518, -122.4246221 37.7765172, -122.4246758 37.7768055, -122.4263119 37.7766275))",polygon2
Pickup,4,12,POINT(-122.424655057037 37.7768302824437),POINT(-122.425234960393 37.7767075348813),"POLYGON((-122.4263119 37.7766275, -122.4262636 37.7763518, -122.4246221 37.7765172, -122.4246758 37.7768055, -122.4263119 37.7766275))",polygon2
Pickup,7,13,POINT(-122.424531489077 37.7776349689991),POINT(-122.424130713113 37.7768466633063),"POLYGON((-122.4246758 37.7768055, -122.4246221 37.7765172, -122.4229484 37.7767334, -122.4230182 37.7770217, -122.4246758 37.7768055))",polygon3
Dropoff,1,18,POINT(-122.422733688425 37.7764490718287),POINT(-122.42254081512 37.7768266710287),"POLYGON((-122.4230182 37.7770217, -122.4229484 37.7767334, -122.421323 37.7769666, -122.4213874 37.7772422, -122.4230182 37.7770217))",polygon4
Pickup,1,20,POINT(-122.426284066636 37.776333305778),POINT(-122.425997099403 37.7766430857525),"POLYGON((-122.4263119 37.7766275, -122.4262636 37.7763518, -122.4246221 37.7765172, -122.4246758 37.7768055, -122.4263119 37.7766275))",polygon2
Dropoff,2,16,POINT(-122.424726778234 37.7769542755059),POINT(-122.424897871975 37.7765207086951),"POLYGON((-122.4263119 37.7766275, -122.4262636 37.7763518, -122.4246221 37.7765172, -122.4246758 37.7768055, -122.4263119 37.7766275))",polygon2
Dropoff,3,16,POINT(-122.425795504668 37.7765572237663),POINT(-122.425810972087 37.7767072418296),"POLYGON((-122.4263119 37.7766275, -122.4262636 37.7763518, -122.4246221 37.7765172, -122.4246758 37.7768055, -122.4263119 37.7766275))",polygon2
Dropoff,5,16,POINT(-122.423864133169 37.7767650064983),POINT(-122.424029697972 37.7768991780854),"POLYGON((-122.4246758 37.7768055, -122.4246221 37.7765172, -122.4229484 37.7767334, -122.4230182 37.7770217, -122.4246758 37.7768055))",polygon3
Dropoff,6,20,POINT(-122.425866706624 37.7765055894921),POINT(-122.426005394763 37.7763402883653),"POLYGON((-122.4263119 37.7766275, -122.4262636 37.7763518, -122.4246221 37.7765172, -122.4246758 37.7768055, -122.4263119 37.7766275))",polygon2
Dropoff,7,18,POINT(-122.424287636355 37.7761765994006),POINT(-122.424319867807 37.7768448280664),"POLYGON((-122.4246758 37.7768055, -122.4246221 37.7765172, -122.4229484 37.7767334, -122.4230182 37.7770217, -122.4246758 37.7768055))",polygon3
Pickup,6,17,POINT(-122.426284066636 37.776333305778),POINT(-122.426318630538 37.7765808999103),"POLYGON((-122.4279642 37.7763815, -122.4279159 37.7761441, -122.4262636 37.7763518, -122.4263119 37.7766275, -122.4279642 37.7763815))",polygon1
Pickup,4,21,POINT(-122.425795504668 37.7765572237663),POINT(-122.425793258003 37.7765755079063),"POLYGON((-122.4263119 37.7766275, -122.4262636 37.7763518, -122.4246221 37.7765172, -122.4246758 37.7768055, -122.4263119 37.7766275))",polygon2
Dropoff,6,11,POINT(-122.425113207741 37.7766043103469),POINT(-122.425002774767 37.7765249385779),"POLYGON((-122.4263119 37.7766275, -122.4262636 37.7763518, -122.4246221 37.7765172, -122.4246758 37.7768055, -122.4263119 37.7766275))",polygon2
Dropoff,2,18,POINT(-122.423330798425 37.7768281299506),POINT(-122.423166960766 37.7770716090959),"POLYGON((-122.4246758 37.7768055, -122.4246221 37.7765172, -122.4229484 37.7767334, -122.4230182 37.7770217, -122.4246758 37.7768055))",polygon3
Pickup,6,19,POINT(-122.426457490898 37.7764721777419),POINT(-122.426425000874 37.7764035841542),"POLYGON((-122.4279642 37.7763815, -122.4279159 37.7761441, -122.4262636 37.7763518, -122.4263119 37.7766275, -122.4279642 37.7763815))",polygon1
Dropoff,1,0,POINT(-122.42483021221 37.7766853906467),POINT(-122.424380614993 37.7768528249401),"POLYGON((-122.4263119 37.7766275, -122.4262636 37.7763518, -122.4246221 37.7765172, -122.4246758 37.7768055, -122.4263119 37.7766275))",polygon2
Pickup,1,15,POINT(-122.424849741087 37.7766378002019),POINT(-122.424737579614 37.7763838266664),"POLYGON((-122.4263119 37.7766275, -122.4262636 37.7763518, -122.4246221 37.7765172, -122.4246758 37.7768055, -122.4263119 37.7766275))",polygon2
Dropoff,5,16,POINT(-122.426457490898 37.7764721777419),POINT(-122.425557703608 37.7766774756103),"POLYGON((-122.4279642 37.7763815, -122.4279159 37.7761441, -122.4262636 37.7763518, -122.4263119 37.7766275, -122.4279642 37.7763815))",polygon1
Dropoff,5,16,POINT(-122.426457490898 37.7764721777419),POINT(-122.425557703608 37.7766774756103),"POLYGON((-122.4263119 37.7766275, -122.4262636 37.7763518, -122.4246221 37.7765172, -122.4246758 37.7768055, -122.4263119 37.7766275))",polygon2
Pickup,2,20,POINT(-122.42354501405 37.7768050670672),POINT(-122.423468625794 37.7766753095474),"POLYGON((-122.4246758 37.7768055, -122.4246221 37.7765172, -122.4229484 37.7767334, -122.4230182 37.7770217, -122.4246758 37.7768055))",polygon3
Pickup,6,20,POINT(-122.42483021221 37.7766853906467),POINT(-122.423638166171 37.7766907772592),"POLYGON((-122.4246758 37.7768055, -122.4246221 37.7765172, -122.4229484 37.7767334, -122.4230182 37.7770217, -122.4246758 37.7768055))",polygon3
Pickup,6,20,POINT(-122.42483021221 37.7766853906467),POINT(-122.423638166171 37.7766907772592),"POLYGON((-122.4263119 37.7766275, -122.4262636 37.7763518, -122.4246221 37.7765172, -122.4246758 37.7768055, -122.4263119 37.7766275))",polygon2
Dropoff,7,3,POINT(-122.422803509856 37.7769471141156),POINT(-122.423604119858 37.7766909977582),"POLYGON((-122.4230182 37.7770217, -122.4229484 37.7767334, -122.421323 37.7769666, -122.4213874 37.7772422, -122.4230182 37.7770217))",polygon4
Dropoff,7,3,POINT(-122.422803509856 37.7769471141156),POINT(-122.423604119858 37.7766909977582),"POLYGON((-122.4246758 37.7768055, -122.4246221 37.7765172, -122.4229484 37.7767334, -122.4230182 37.7770217, -122.4246758 37.7768055))",polygon3
Pickup,2,16,POINT(-122.425354034177 37.7765735666938),POINT(-122.425240836316 37.7764709096659),"POLYGON((-122.4263119 37.7766275, -122.4262636 37.7763518, -122.4246221 37.7765172, -122.4246758 37.7768055, -122.4263119 37.7766275))",polygon2
Pickup,5,20,POINT(-122.42655893575 37.7764185104574),POINT(-122.426529383682 37.7762606843251),"POLYGON((-122.4279642 37.7763815, -122.4279159 37.7761441, -122.4262636 37.7763518, -122.4263119 37.7766275, -122.4279642 37.7763815))",polygon1
Pickup,4,11,POINT(-122.426284066636 37.776333305778),POINT(-122.426314396461 37.7764602867654),"POLYGON((-122.4279642 37.7763815, -122.4279159 37.7761441, -122.4262636 37.7763518, -122.4263119 37.7766275, -122.4279642 37.7763815))",polygon1
Dropoff,2,16,POINT(-122.423864133169 37.7767650064983),POINT(-122.424029697972 37.7768991780854),"POLYGON((-122.4246758 37.7768055, -122.4246221 37.7765172, -122.4229484 37.7767334, -122.4230182 37.7770217, -122.4246758 37.7768055))",polygon3
Pickup,7,22,POINT(-122.424655057037 37.7768302824437),POINT(-122.424508503692 37.7767993142884),"POLYGON((-122.4246758 37.7768055, -122.4246221 37.7765172, -122.4229484 37.7767334, -122.4230182 37.7770217, -122.4246758 37.7768055))",polygon3
Pickup,4,19,POINT(-122.42332198438 37.7768290232458),POINT(-122.422931314064 37.7769640778567),"POLYGON((-122.4230182 37.7770217, -122.4229484 37.7767334, -122.421323 37.7769666, -122.4213874 37.7772422, -122.4230182 37.7770217))",polygon4
Pickup,4,19,POINT(-122.42332198438 37.7768290232458),POINT(-122.422931314064 37.7769640778567),"POLYGON((-122.4246758 37.7768055, -122.4246221 37.7765172, -122.4229484 37.7767334, -122.4230182 37.7770217, -122.4246758 37.7768055))",polygon3
Dropoff,4,18,POINT(-122.424387700723 37.7766938332243),POINT(-122.424380614993 37.7768528249401),"POLYGON((-122.4246758 37.7768055, -122.4246221 37.7765172, -122.4229484 37.7767334, -122.4230182 37.7770217, -122.4246758 37.7768055))",polygon3
Dropoff,7,17,POINT(-122.424655057037 37.7768302824437),POINT(-122.424319867807 37.7768448280664),"POLYGON((-122.4246758 37.7768055, -122.4246221 37.7765172, -122.4229484 37.7767334, -122.4230182 37.7770217, -122.4246758 37.7768055))",polygon3
Pickup,5,19,POINT(-122.42332198438 37.7768290232458),POINT(-122.423232720532 37.7771701755697),"POLYGON((-122.4246758 37.7768055, -122.4246221 37.7765172, -122.4229484 37.7767334, -122.4230182 37.7770217, -122.4246758 37.7768055))",polygon3
Pickup,2,21,POINT(-122.424655057037 37.7768302824437),POINT(-122.424271391008 37.7767650833223),"POLYGON((-122.4246758 37.7768055, -122.4246221 37.7765172, -122.4229484 37.7767334, -122.4230182 37.7770217, -122.4246758 37.7768055))",polygon3
Pickup,5,19,POINT(-122.42354501405 37.7768050670672),POINT(-122.423435357135 37.7766688205015),"POLYGON((-122.4246758 37.7768055, -122.4246221 37.7765172, -122.4229484 37.7767334, -122.4230182 37.7770217, -122.4246758 37.7768055))",polygon3
Pickup,1,20,POINT(-122.426284066636 37.776333305778),POINT(-122.426141490421 37.7765809347281),"POLYGON((-122.4263119 37.7766275, -122.4262636 37.7763518, -122.4246221 37.7765172, -122.4246758 37.7768055, -122.4263119 37.7766275))",polygon2
Pickup,2,14,POINT(-122.423608786105 37.7767970128174),POINT(-122.423607057865 37.7767840949086),"POLYGON((-122.4246758 37.7768055, -122.4246221 37.7765172, -122.4229484 37.7767334, -122.4230182 37.7770217, -122.4246758 37.7768055))",polygon3
Dropoff,7,13,POINT(-122.421148608457 37.7771766722894),POINT(-122.421353582256 37.7770972791424),"POLYGON((-122.4230182 37.7770217, -122.4229484 37.7767334, -122.421323 37.7769666, -122.4213874 37.7772422, -122.4230182 37.7770217))",polygon4
Pickup,1,16,POINT(-122.426457490898 37.7764721777419),POINT(-122.426045402584 37.7766179779217),"POLYGON((-122.4279642 37.7763815, -122.4279159 37.7761441, -122.4262636 37.7763518, -122.4263119 37.7766275, -122.4279642 37.7763815))",polygon1
Pickup,1,16,POINT(-122.426457490898 37.7764721777419),POINT(-122.426045402584 37.7766179779217),"POLYGON((-122.4263119 37.7766275, -122.4262636 37.7763518, -122.4246221 37.7765172, -122.4246758 37.7768055, -122.4263119 37.7766275))",polygon2
Dropoff,1,13,POINT(-122.425135069654 37.7766015119388),POINT(-122.425094024557 37.7764978903963),"POLYGON((-122.4263119 37.7766275, -122.4262636 37.7763518, -122.4246221 37.7765172, -122.4246758 37.7768055, -122.4263119 37.7766275))",polygon2
Pickup,3,6,POINT(-122.425642817785 37.7765785973798),POINT(-122.425712464461 37.7767174034748),"POLYGON((-122.4263119 37.7766275, -122.4262636 37.7763518, -122.4246221 37.7765172, -122.4246758 37.7768055, -122.4263119 37.7766275))",polygon2
Dropoff,7,17,POINT(-122.425585786974 37.7765432868184),POINT(-122.42552400356 37.7763833778196),"POLYGON((-122.4263119 37.7766275, -122.4262636 37.7763518, -122.4246221 37.7765172, -122.4246758 37.7768055, -122.4263119 37.7766275))",polygon2
Pickup,6,16,POINT(-122.424655057037 37.7768302824437),POINT(-122.423835790107 37.7768166164142),"POLYGON((-122.4246758 37.7768055, -122.4246221 37.7765172, -122.4229484 37.7767334, -122.4230182 37.7770217, -122.4246758 37.7768055))",polygon3
Dropoff,1,16,POINT(-122.425135069654 37.7766015119388),POINT(-122.425094024557 37.7764978903963),"POLYGON((-122.4263119 37.7766275, -122.4262636 37.7763518, -122.4246221 37.7765172, -122.4246758 37.7768055, -122.4263119 37.7766275))",polygon2
Pickup,1,20,POINT(-122.426457490898 37.7764721777419),POINT(-122.426197484012 37.7765456099082),"POLYGON((-122.4279642 37.7763815, -122.4279159 37.7761441, -122.4262636 37.7763518, -122.4263119 37.7766275, -122.4279642 37.7763815))",polygon1
Pickup,1,20,POINT(-122.426457490898 37.7764721777419),POINT(-122.426197484012 37.7765456099082),"POLYGON((-122.4263119 37.7766275, -122.4262636 37.7763518, -122.4246221 37.7765172, -122.4246758 37.7768055, -122.4263119 37.7766275))",polygon2
Pickup,4,21,POINT(-122.425901789124 37.7765421256222),POINT(-122.425892111194 37.7765305626371),"POLYGON((-122.4263119 37.7766275, -122.4262636 37.7763518, -122.4246221 37.7765172, -122.4246758 37.7768055, -122.4263119 37.7766275))",polygon2
Pickup,5,21,POINT(-122.425866706624 37.7765055894921),POINT(-122.426443665357 37.7764781023999),"POLYGON((-122.4279642 37.7763815, -122.4279159 37.7761441, -122.4262636 37.7763518, -122.4263119 37.7766275, -122.4279642 37.7763815))",polygon1
Pickup,5,21,POINT(-122.425866706624 37.7765055894921),POINT(-122.426443665357 37.7764781023999),"POLYGON((-122.4263119 37.7766275, -122.4262636 37.7763518, -122.4246221 37.7765172, -122.4246758 37.7768055, -122.4263119 37.7766275))",polygon2
Dropoff,1,22,POINT(-122.424849741087 37.7766378002019),POINT(-122.424776896631 37.7765500656232),"POLYGON((-122.4263119 37.7766275, -122.4262636 37.7763518, -122.4246221 37.7765172, -122.4246758 37.7768055, -122.4263119 37.7766275))",polygon2
Pickup,3,17,POINT(-122.422128020122 37.777033011415),POINT(-122.422123180983 37.7770217044081),"POLYGON((-122.4230182 37.7770217, -122.4229484 37.7767334, -122.421323 37.7769666, -122.4213874 37.7772422, -122.4230182 37.7770217))",polygon4
Dropoff,5,19,POINT(-122.421342521285 37.7772425193096),POINT(-122.422322017555 37.7770461947908),"POLYGON((-122.4230182 37.7770217, -122.4229484 37.7767334, -122.421323 37.7769666, -122.4213874 37.7772422, -122.4230182 37.7770217))",polygon4
Pickup,7,11,POINT(-122.425113207741 37.7766043103469),POINT(-122.424986702352 37.7765884775694),"POLYGON((-122.4263119 37.7766275, -122.4262636 37.7763518, -122.4246221 37.7765172, -122.4246758 37.7768055, -122.4263119 37.7766275))",polygon2
Dropoff,5,18,POINT(-122.424849741087 37.7766378002019),POINT(-122.424776896631 37.7765500656232),"POLYGON((-122.4263119 37.7766275, -122.4262636 37.7763518, -122.4246221 37.7765172, -122.4246758 37.7768055, -122.4263119 37.7766275))",polygon2
Pickup,3,20,POINT(-122.422732219409 37.7768991019104),POINT(-122.422915327745 37.7768536196773),"POLYGON((-122.4230182 37.7770217, -122.4229484 37.7767334, -122.421323 37.7769666, -122.4213874 37.7772422, -122.4230182 37.7770217))",polygon4
Pickup,1,1,POINT(-122.424655057037 37.7768302824437),POINT(-122.424322460148 37.7767785286899),"POLYGON((-122.4246758 37.7768055, -122.4246221 37.7765172, -122.4229484 37.7767334, -122.4230182 37.7770217, -122.4246758 37.7768055))",polygon3
Dropoff,7,16,POINT(-122.426457490898 37.7764721777419),POINT(-122.425826785145 37.7766576683335),"POLYGON((-122.4279642 37.7763815, -122.4279159 37.7761441, -122.4262636 37.7763518, -122.4263119 37.7766275, -122.4279642 37.7763815))",polygon1
Dropoff,7,16,POINT(-122.426457490898 37.7764721777419),POINT(-122.425826785145 37.7766576683335),"POLYGON((-122.4263119 37.7766275, -122.4262636 37.7763518, -122.4246221 37.7765172, -122.4246758 37.7768055, -122.4263119 37.7766275))",polygon2
Pickup,4,11,POINT(-122.424655057037 37.7768302824437),POINT(-122.424679511378 37.7767981160396),"POLYGON((-122.4263119 37.7766275, -122.4262636 37.7763518, -122.4246221 37.7765172, -122.4246758 37.7768055, -122.4263119 37.7766275))",polygon2
Pickup,7,12,POINT(-122.425817280029 37.7765540882959),POINT(-122.425812959521 37.7765641410613),"POLYGON((-122.4263119 37.7766275, -122.4262636 37.7763518, -122.4246221 37.7765172, -122.4246758 37.7768055, -122.4263119 37.7766275))",polygon2
Dropoff,7,22,POINT(-122.424726778234 37.7769542755059),POINT(-122.424319867807 37.7768448280664),"POLYGON((-122.4246758 37.7768055, -122.4246221 37.7765172, -122.4229484 37.7767334, -122.4230182 37.7770217, -122.4246758 37.7768055))",polygon3
Pickup,3,16,POINT(-122.423864133169 37.7767650064983),POINT(-122.423936978258 37.7765964033006),"POLYGON((-122.4246758 37.7768055, -122.4246221 37.7765172, -122.4229484 37.7767334, -122.4230182 37.7770217, -122.4246758 37.7768055))",polygon3
Pickup,7,17,POINT(-122.424655057037 37.7768302824437),POINT(-122.425379611692 37.7766296020327),"POLYGON((-122.4263119 37.7766275, -122.4262636 37.7763518, -122.4246221 37.7765172, -122.4246758 37.7768055, -122.4263119 37.7766275))",polygon2
Pickup,3,14,POINT(-122.421528829352 37.7771072160929),POINT(-122.421224134262 37.7771594073577),"POLYGON((-122.4230182 37.7770217, -122.4229484 37.7767334, -122.421323 37.7769666, -122.4213874 37.7772422, -122.4230182 37.7770217))",polygon4
Pickup,1,15,POINT(-122.425113207741 37.7766043103469),POINT(-122.425008909935 37.7764574041328),"POLYGON((-122.4263119 37.7766275, -122.4262636 37.7763518, -122.4246221 37.7765172, -122.4246758 37.7768055, -122.4263119 37.7766275))",polygon2
Pickup,4,20,POINT(-122.426284066636 37.776333305778),POINT(-122.425929181117 37.7764945883626),"POLYGON((-122.4263119 37.7766275, -122.4262636 37.7763518, -122.4246221 37.7765172, -122.4246758 37.7768055, -122.4263119 37.7766275))",polygon2
Pickup,7,18,POINT(-122.422733688425 37.7764490718287),POINT(-122.42254841945 37.7768483234181),"POLYGON((-122.4230182 37.7770217, -122.4229484 37.7767334, -122.421323 37.7769666, -122.4213874 37.7772422, -122.4230182 37.7770217))",polygon4
Pickup,6,6,POINT(-122.426240775333 37.7763211770386),POINT(-122.425719204459 37.7766656771636),"POLYGON((-122.4263119 37.7766275, -122.4262636 37.7763518, -122.4246221 37.7765172, -122.4246758 37.7768055, -122.4263119 37.7766275))",polygon2
Pickup,7,20,POINT(-122.423001999489 37.7767477208701),POINT(-122.422921203798 37.7770949934839),"POLYGON((-122.4246758 37.7768055, -122.4246221 37.7765172, -122.4229484 37.7767334, -122.4230182 37.7770217, -122.4246758 37.7768055))",polygon3
Pickup,4,22,POINT(-122.422826409202 37.7773860841454),POINT(-122.422732132996 37.7769754634621),"POLYGON((-122.4230182 37.7770217, -122.4229484 37.7767334, -122.421323 37.7769666, -122.4213874 37.7772422, -122.4230182 37.7770217))",polygon4
Dropoff,3,17,POINT(-122.423864133169 37.7767650064983),POINT(-122.424029697972 37.7768991780854),"POLYGON((-122.4246758 37.7768055, -122.4246221 37.7765172, -122.4229484 37.7767334, -122.4230182 37.7770217, -122.4246758 37.7768055))",polygon3
Pickup,5,22,POINT(-122.426457490898 37.7764721777419),POINT(-122.426082126813 37.7765353647268),"POLYGON((-122.4279642 37.7763815, -122.4279159 37.7761441, -122.4262636 37.7763518, -122.4263119 37.7766275, -122.4279642 37.7763815))",polygon1
Pickup,5,22,POINT(-122.426457490898 37.7764721777419),POINT(-122.426082126813 37.7765353647268),"POLYGON((-122.4263119 37.7766275, -122.4262636 37.7763518, -122.4246221 37.7765172, -122.4246758 37.7768055, -122.4263119 37.7766275))",polygon2
Pickup,5,19,POINT(-122.425866706624 37.7765055894921),POINT(-122.426102087506 37.7764696121766),"POLYGON((-122.4263119 37.7766275, -122.4262636 37.7763518, -122.4246221 37.7765172, -122.4246758 37.7768055, -122.4263119 37.7766275))",polygon2
Pickup,4,15,POINT(-122.424655057037 37.7768302824437),POINT(-122.424551363654 37.7765516766501),"POLYGON((-122.4246758 37.7768055, -122.4246221 37.7765172, -122.4229484 37.7767334, -122.4230182 37.7770217, -122.4246758 37.7768055))",polygon3
Dropoff,4,16,POINT(-122.423001999489 37.7767477208701),POINT(-122.423176811772 37.7770403719393),"POLYGON((-122.4246758 37.7768055, -122.4246221 37.7765172, -122.4229484 37.7767334, -122.4230182 37.7770217, -122.4246758 37.7768055))",polygon3
Dropoff,4,20,POINT(-122.422512298875 37.7769274794115),POINT(-122.42254081512 37.7768266710287),"POLYGON((-122.4230182 37.7770217, -122.4229484 37.7767334, -122.421323 37.7769666, -122.4213874 37.7772422, -122.4230182 37.7770217))",polygon4
Dropoff,5,18,POINT(-122.427442728825 37.776346289115),POINT(-122.427461825172 37.7764466269978),"POLYGON((-122.4279642 37.7763815, -122.4279159 37.7761441, -122.4262636 37.7763518, -122.4263119 37.7766275, -122.4279642 37.7763815))",polygon1
Pickup,2,21,POINT(-122.423864133169 37.7767650064983),POINT(-122.423913992743 37.7766276817229),"POLYGON((-122.4246758 37.7768055, -122.4246221 37.7765172, -122.4229484 37.7767334, -122.4230182 37.7770217, -122.4246758 37.7768055))",polygon3
Pickup,5,21,POINT(-122.424196126629 37.7767185859009),POINT(-122.424264305271 37.7766433828172),"POLYGON((-122.4246758 37.7768055, -122.4246221 37.7765172, -122.4229484 37.7767334, -122.4230182 37.7770217, -122.4246758 37.7768055))",polygon3
Pickup,7,1,POINT(-122.423001999489 37.7767477208701),POINT(-122.422996901153 37.7767871655662),"POLYGON((-122.4246758 37.7768055, -122.4246221 37.7765172, -122.4229484 37.7767334, -122.4230182 37.7770217, -122.4246758 37.7768055))",polygon3
Pickup,7,19,POINT(-122.424655057037 37.7768302824437),POINT(-122.424613406874 37.776741386613),"POLYGON((-122.4246758 37.7768055, -122.4246221 37.7765172, -122.4229484 37.7767334, -122.4230182 37.7770217, -122.4246758 37.7768055))",polygon3
Dropoff,5,19,POINT(-122.423367091543 37.7768286725309),POINT(-122.423408482964 37.7767098007088),"POLYGON((-122.4246758 37.7768055, -122.4246221 37.7765172, -122.4229484 37.7767334, -122.4230182 37.7770217, -122.4246758 37.7768055))",polygon3
Pickup,7,13,POINT(-122.422733688425 37.7764490718287),POINT(-122.422377667532 37.7769560891586),"POLYGON((-122.4230182 37.7770217, -122.4229484 37.7767334, -122.421323 37.7769666, -122.4213874 37.7772422, -122.4230182 37.7770217))",polygon4
Dropoff,1,11,POINT(-122.423001999489 37.7767477208701),POINT(-122.423454627035 37.776592375037),"POLYGON((-122.4246758 37.7768055, -122.4246221 37.7765172, -122.4229484 37.7767334, -122.4230182 37.7770217, -122.4246758 37.7768055))",polygon3
Pickup,5,23,POINT(-122.422193694126 37.7770245187489),POINT(-122.422202162613 37.7770642985276),"POLYGON((-122.4230182 37.7770217, -122.4229484 37.7767334, -122.421323 37.7769666, -122.4213874 37.7772422, -122.4230182 37.7770217))",polygon4
Pickup,3,18,POINT(-122.426457490898 37.7764721777419),POINT(-122.426367192801 37.7763573904323),"POLYGON((-122.4279642 37.7763815, -122.4279159 37.7761441, -122.4262636 37.7763518, -122.4263119 37.7766275, -122.4279642 37.7763815))",polygon1
Pickup,4,21,POINT(-122.423425333329 37.7768612136313),POINT(-122.422958879657 37.7769723937401),"POLYGON((-122.4230182 37.7770217, -122.4229484 37.7767334, -122.421323 37.7769666, -122.4213874 37.7772422, -122.4230182 37.7770217))",polygon4
Pickup,4,21,POINT(-122.423425333329 37.7768612136313),POINT(-122.422958879657 37.7769723937401),"POLYGON((-122.4246758 37.7768055, -122.4246221 37.7765172, -122.4229484 37.7767334, -122.4230182 37.7770217, -122.4246758 37.7768055))",polygon3
Dropoff,3,12,POINT(-122.424463224198 37.7766844176431),POINT(-122.424507898814 37.7768775065389),"POLYGON((-122.4246758 37.7768055, -122.4246221 37.7765172, -122.4229484 37.7767334, -122.4230182 37.7770217, -122.4246758 37.7768055))",polygon3
Dropoff,7,11,POINT(-122.424655057037 37.7768302824437),POINT(-122.423991590439 37.7768653886916),"POLYGON((-122.4246758 37.7768055, -122.4246221 37.7765172, -122.4229484 37.7767334, -122.4230182 37.7770217, -122.4246758 37.7768055))",polygon3
Dropoff,7,15,POINT(-122.425113207741 37.7766043103469),POINT(-122.425002774767 37.7765249385779),"POLYGON((-122.4263119 37.7766275, -122.4262636 37.7763518, -122.4246221 37.7765172, -122.4246758 37.7768055, -122.4263119 37.7766275))",polygon2
Dropoff,2,19,POINT(-122.423864133169 37.7767650064983),POINT(-122.424029697972 37.7768991780854),"POLYGON((-122.4246758 37.7768055, -122.4246221 37.7765172, -122.4229484 37.7767334, -122.4230182 37.7770217, -122.4246758 37.7768055))",polygon3
Dropoff,5,17,POINT(-122.426240775333 37.7763211770386),POINT(-122.426045402584 37.7766179779217),"POLYGON((-122.4263119 37.7766275, -122.4262636 37.7763518, -122.4246221 37.7765172, -122.4246758 37.7768055, -122.4263119 37.7766275))",polygon2
Pickup,6,19,POINT(-122.42483021221 37.7766853906467),POINT(-122.423948989484 37.776942175752),"POLYGON((-122.4263119 37.7766275, -122.4262636 37.7763518, -122.4246221 37.7765172, -122.4246758 37.7768055, -122.4263119 37.7766275))",polygon2
Pickup,3,18,POINT(-122.426284066636 37.776333305778),POINT(-122.42627499361 37.7764559767018),"POLYGON((-122.4263119 37.7766275, -122.4262636 37.7763518, -122.4246221 37.7765172, -122.4246758 37.7768055, -122.4263119 37.7766275))",polygon2
Dropoff,5,11,POINT(-122.424726778234 37.7769542755059),POINT(-122.425094024557 37.7764978903963),"POLYGON((-122.4263119 37.7766275, -122.4262636 37.7763518, -122.4246221 37.7765172, -122.4246758 37.7768055, -122.4263119 37.7766275))",polygon2
Dropoff,2,17,POINT(-122.423350413993 37.77682922169),POINT(-122.423389299468 37.7767460165065),"POLYGON((-122.4246758 37.7768055, -122.4246221 37.7765172, -122.4229484 37.7767334, -122.4230182 37.7770217, -122.4246758 37.7768055))",polygon3
Dropoff,1,21,POINT(-122.427596536402 37.7763263121249),POINT(-122.427630927054 37.7765296109604),"POLYGON((-122.4279642 37.7763815, -122.4279159 37.7761441, -122.4262636 37.7763518, -122.4263119 37.7766275, -122.4279642 37.7763815))",polygon1
Dropoff,7,18,POINT(-122.425866706624 37.7765055894921),POINT(-122.426005394763 37.7763402883653),"POLYGON((-122.4263119 37.7766275, -122.4262636 37.7763518, -122.4246221 37.7765172, -122.4246758 37.7768055, -122.4263119 37.7766275))",polygon2
Dropoff,1,19,POINT(-122.423001999489 37.7767477208701),POINT(-122.423604119858 37.7766909977582),"POLYGON((-122.4246758 37.7768055, -122.4246221 37.7765172, -122.4229484 37.7767334, -122.4230182 37.7770217, -122.4246758 37.7768055))",polygon3
Pickup,1,17,POINT(-122.425082359105 37.7766528379882),POINT(-122.424999318334 37.7767502057701),"POLYGON((-122.4263119 37.7766275, -122.4262636 37.7763518, -122.4246221 37.7765172, -122.4246758 37.7768055, -122.4263119 37.7766275))",polygon2
Pickup,4,15,POINT(-122.42332198438 37.7768290232458),POINT(-122.423143283784 37.7771332703003),"POLYGON((-122.4246758 37.7768055, -122.4246221 37.7765172, -122.4229484 37.7767334, -122.4230182 37.7770217, -122.4246758 37.7768055))",polygon3
Dropoff,5,19,POINT(-122.424387700723 37.7766938332243),POINT(-122.424380614993 37.7768528249401),"POLYGON((-122.4246758 37.7768055, -122.4246221 37.7765172, -122.4229484 37.7767334, -122.4230182 37.7770217, -122.4246758 37.7768055))",polygon3
Dropoff,4,1,POINT(-122.421342521285 37.7772425193096),POINT(-122.422101836922 37.77709966012),"POLYGON((-122.4230182 37.7770217, -122.4229484 37.7767334, -122.421323 37.7769666, -122.4213874 37.7772422, -122.4230182 37.7770217))",polygon4
Pickup,3,19,POINT(-122.423209475626 37.776820223827),POINT(-122.423206883257 37.7765015045614),"POLYGON((-122.4246758 37.7768055, -122.4246221 37.7765172, -122.4229484 37.7767334, -122.4230182 37.7770217, -122.4246758 37.7768055))",polygon3
Dropoff,6,16,POINT(-122.424726778234 37.7769542755059),POINT(-122.424776896631 37.7765500656232),"POLYGON((-122.4263119 37.7766275, -122.4262636 37.7763518, -122.4246221 37.7765172, -122.4246758 37.7768055, -122.4263119 37.7766275))",polygon2
Dropoff,7,20,POINT(-122.425844758454 37.7765086327269),POINT(-122.425845795375 37.7764093706272),"POLYGON((-122.4263119 37.7766275, -122.4262636 37.7763518, -122.4246221 37.7765172, -122.4246758 37.7768055, -122.4263119 37.7766275))",polygon2
Dropoff,6,14,POINT(-122.423367091543 37.7768286725309),POINT(-122.423389299468 37.7767460165065),"POLYGON((-122.4246758 37.7768055, -122.4246221 37.7765172, -122.4229484 37.7767334, -122.4230182 37.7770217, -122.4246758 37.7768055))",polygon3
Pickup,7,18,POINT(-122.424261972162 37.776248177885),POINT(-122.424518959451 37.7765649872888),"POLYGON((-122.4246758 37.7768055, -122.4246221 37.7765172, -122.4229484 37.7767334, -122.4230182 37.7770217, -122.4246758 37.7768055))",polygon3
Pickup,6,18,POINT(-122.426457490898 37.7764721777419),POINT(-122.426272314907 37.7763591662795),"POLYGON((-122.4279642 37.7763815, -122.4279159 37.7761441, -122.4262636 37.7763518, -122.4263119 37.7766275, -122.4279642 37.7763815))",polygon1
Pickup,5,21,POINT(-122.42401846446 37.7767878407125),POINT(-122.424106777113 37.7769751421628),"POLYGON((-122.4246758 37.7768055, -122.4246221 37.7765172, -122.4229484 37.7767334, -122.4230182 37.7770217, -122.4246758 37.7768055))",polygon3
Dropoff,1,22,POINT(-122.426492832429 37.7764272114263),POINT(-122.425810972087 37.7767072418296),"POLYGON((-122.4279642 37.7763815, -122.4279159 37.7761441, -122.4262636 37.7763518, -122.4263119 37.7766275, -122.4279642 37.7763815))",polygon1
Dropoff,3,21,POINT(-122.425942661086 37.7765363877665),POINT(-122.426045402584 37.7766179779217),"POLYGON((-122.4263119 37.7766275, -122.4262636 37.7763518, -122.4246221 37.7765172, -122.4246758 37.7768055, -122.4263119 37.7766275))",polygon2
Dropoff,6,14,POINT(-122.424973567904 37.7766673974795),POINT(-122.424998713458 37.7767812888855),"POLYGON((-122.4263119 37.7766275, -122.4262636 37.7763518, -122.4246221 37.7765172, -122.4246758 37.7768055, -122.4263119 37.7766275))",polygon2
Dropoff,3,19,POINT(-122.426492832429 37.7764272114263),POINT(-122.425810972087 37.7767072418296),"POLYGON((-122.4279642 37.7763815, -122.4279159 37.7761441, -122.4262636 37.7763518, -122.4263119 37.7766275, -122.4279642 37.7763815))",polygon1
Dropoff,3,17,POINT(-122.421163385249 37.7770887404333),POINT(-122.422110737483 37.7771039747568),"POLYGON((-122.4230182 37.7770217, -122.4229484 37.7767334, -122.421323 37.7769666, -122.4213874 37.7772422, -122.4230182 37.7770217))",polygon4
Pickup,4,18,POINT(-122.423447627655 37.7768582826874),POINT(-122.423416260056 37.7769795238923),"POLYGON((-122.4246758 37.7768055, -122.4246221 37.7765172, -122.4229484 37.7767334, -122.4230182 37.7770217, -122.4246758 37.7768055))",polygon3
Pickup,4,21,POINT(-122.424655057037 37.7768302824437),POINT(-122.424390725119 37.7766425223384),"POLYGON((-122.4246758 37.7768055, -122.4246221 37.7765172, -122.4229484 37.7767334, -122.4230182 37.7770217, -122.4246758 37.7768055))",polygon3
Dropoff,1,15,POINT(-122.425942661086 37.7765363877665),POINT(-122.426165858006 37.7766273092287),"POLYGON((-122.4263119 37.7766275, -122.4262636 37.7763518, -122.4246221 37.7765172, -122.4246758 37.7768055, -122.4263119 37.7766275))",polygon2
Pickup,7,20,POINT(-122.426213815471 37.7761882882978),POINT(-122.424128639236 37.7768363962501),"POLYGON((-122.4246758 37.7768055, -122.4246221 37.7765172, -122.4229484 37.7767334, -122.4230182 37.7770217, -122.4246758 37.7768055))",polygon3
Pickup,6,8,POINT(-122.421244182293 37.7767219812304),POINT(-122.421383135781 37.7770951697678),"POLYGON((-122.4230182 37.7770217, -122.4229484 37.7767334, -122.421323 37.7769666, -122.4213874 37.7772422, -122.4230182 37.7770217))",polygon4
Dropoff,6,23,POINT(-122.422732219409 37.7768991019104),POINT(-122.423206883257 37.7765015045614),"POLYGON((-122.4230182 37.7770217, -122.4229484 37.7767334, -122.421323 37.7769666, -122.4213874 37.7772422, -122.4230182 37.7770217))",polygon4
Dropoff,4,10,POINT(-122.425585786974 37.7765432868184),POINT(-122.42552400356 37.7763833778196),"POLYGON((-122.4263119 37.7766275, -122.4262636 37.7763518, -122.4246221 37.7765172, -122.4246758 37.7768055, -122.4263119 37.7766275))",polygon2
Pickup,5,12,POINT(-122.424574003385 37.7761043716093),POINT(-122.424596470288 37.7765503803173),"POLYGON((-122.4246758 37.7768055, -122.4246221 37.7765172, -122.4229484 37.7767334, -122.4230182 37.7770217, -122.4246758 37.7768055))",polygon3
Dropoff,7,15,POINT(-122.425511819694 37.7765960622563),POINT(-122.425530138698 37.7767409869793),"POLYGON((-122.4263119 37.7766275, -122.4262636 37.7763518, -122.4246221 37.7765172, -122.4246758 37.7768055, -122.4263119 37.7766275))",polygon2
Pickup,7,21,POINT(-122.421342521285 37.7772425193096),POINT(-122.421948021293 37.7770872048361),"POLYGON((-122.4230182 37.7770217, -122.4229484 37.7767334, -122.421323 37.7769666, -122.4213874 37.7772422, -122.4230182 37.7770217))",polygon4
Pickup,4,10,POINT(-122.424387700723 37.7766938332243),POINT(-122.424356765462 37.7765460262066),"POLYGON((-122.4246758 37.7768055, -122.4246221 37.7765172, -122.4229484 37.7767334, -122.4230182 37.7770217, -122.4246758 37.7768055))",polygon3
Dropoff,6,14,POINT(-122.424726778234 37.7769542755059),POINT(-122.424776896631 37.7765500656232),"POLYGON((-122.4263119 37.7766275, -122.4262636 37.7763518, -122.4246221 37.7765172, -122.4246758 37.7768055, -122.4263119 37.7766275))",polygon2
Pickup,2,18,POINT(-122.423330798425 37.7768281299506),POINT(-122.423079338622 37.7769829649226),"POLYGON((-122.4246758 37.7768055, -122.4246221 37.7765172, -122.4229484 37.7767334, -122.4230182 37.7770217, -122.4246758 37.7768055))",polygon3
Pickup,5,13,POINT(-122.424463224198 37.7766844176431),POINT(-122.424507898814 37.7768775065389),"POLYGON((-122.4246758 37.7768055, -122.4246221 37.7765172, -122.4229484 37.7767334, -122.4230182 37.7770217, -122.4246758 37.7768055))",polygon3
Pickup,2,17,POINT(-122.425017118963 37.7766615630654),POINT(-122.424603123947 37.7766251044059),"POLYGON((-122.4246758 37.7768055, -122.4246221 37.7765172, -122.4229484 37.7767334, -122.4230182 37.7770217, -122.4246758 37.7768055))",polygon3
Pickup,2,17,POINT(-122.425017118963 37.7766615630654),POINT(-122.424603123947 37.7766251044059),"POLYGON((-122.4263119 37.7766275, -122.4262636 37.7763518, -122.4246221 37.7765172, -122.4246758 37.7768055, -122.4263119 37.7766275))",polygon2
Pickup,5,17,POINT(-122.424146440012 37.7767715986847),POINT(-122.424380614993 37.7768528249401),"POLYGON((-122.4246758 37.7768055, -122.4246221 37.7765172, -122.4229484 37.7767334, -122.4230182 37.7770217, -122.4246758 37.7768055))",polygon3
Dropoff,5,19,POINT(-122.424387700723 37.7766938332243),POINT(-122.424319867807 37.7768448280664),"POLYGON((-122.4246758 37.7768055, -122.4246221 37.7765172, -122.4229484 37.7767334, -122.4230182 37.7770217, -122.4246758 37.7768055))",polygon3
Pickup,5,11,POINT(-122.424387700723 37.7766938332243),POINT(-122.424319867807 37.7768448280664),"POLYGON((-122.4246758 37.7768055, -122.4246221 37.7765172, -122.4229484 37.7767334, -122.4230182 37.7770217, -122.4246758 37.7768055))",polygon3
Pickup,4,11,POINT(-122.423864133169 37.7767650064983),POINT(-122.423836222166 37.7764090741883),"POLYGON((-122.4246758 37.7768055, -122.4246221 37.7765172, -122.4229484 37.7767334, -122.4230182 37.7770217, -122.4246758 37.7768055))",polygon3
Pickup,1,23,POINT(-122.423425333329 37.7768612136313),POINT(-122.423328033235 37.7768367592708),"POLYGON((-122.4246758 37.7768055, -122.4246221 37.7765172, -122.4229484 37.7767334, -122.4230182 37.7770217, -122.4246758 37.7768055))",polygon3
Pickup,6,19,POINT(-122.426492832429 37.7764272114263),POINT(-122.42637600659 37.7764020062546),"POLYGON((-122.4279642 37.7763815, -122.4279159 37.7761441, -122.4262636 37.7763518, -122.4263119 37.7766275, -122.4279642 37.7763815))",polygon1
Pickup,7,13,POINT(-122.424574003385 37.7761043716093),POINT(-122.424245986046 37.7765901305361),"POLYGON((-122.4246758 37.7768055, -122.4246221 37.7765172, -122.4229484 37.7767334, -122.4230182 37.7770217, -122.4246758 37.7768055))",polygon3
Pickup,1,16,POINT(-122.424655057037 37.7768302824437),POINT(-122.423670657058 37.7767006314921),"POLYGON((-122.4246758 37.7768055, -122.4246221 37.7765172, -122.4229484 37.7767334, -122.4230182 37.7770217, -122.4246758 37.7768055))",polygon3
Dropoff,6,12,POINT(-122.422733688425 37.7764490718287),POINT(-122.422814397848 37.776811887749),"POLYGON((-122.4230182 37.7770217, -122.4229484 37.7767334, -122.421323 37.7769666, -122.4213874 37.7772422, -122.4230182 37.7770217))",polygon4
Dropoff,3,20,POINT(-122.425860917147 37.7765480088597),POINT(-122.425889432481 37.7766751845954),"POLYGON((-122.4263119 37.7766275, -122.4262636 37.7763518, -122.4246221 37.7765172, -122.4246758 37.7768055, -122.4263119 37.7766275))",polygon2
Pickup,1,18,POINT(-122.424242788822 37.7762566951634),POINT(-122.424444818596 37.7766354086551),"POLYGON((-122.4246758 37.7768055, -122.4246221 37.7765172, -122.4229484 37.7767334, -122.4230182 37.7770217, -122.4246758 37.7768055))",polygon3
Pickup,1,21,POINT(-122.424849741087 37.7766378002019),POINT(-122.424227493995 37.7762760119581),"POLYGON((-122.4263119 37.7766275, -122.4262636 37.7763518, -122.4246221 37.7765172, -122.4246758 37.7768055, -122.4263119 37.7766275))",polygon2
Dropoff,7,19,POINT(-122.425866706624 37.7765055894921),POINT(-122.425887617869 37.7764551747612),"POLYGON((-122.4263119 37.7766275, -122.4262636 37.7763518, -122.4246221 37.7765172, -122.4246758 37.7768055, -122.4263119 37.7766275))",polygon2
Pickup,4,22,POINT(-122.424146440012 37.7767715986847),POINT(-122.424283315784 37.7767579261146),"POLYGON((-122.4246758 37.7768055, -122.4246221 37.7765172, -122.4229484 37.7767334, -122.4230182 37.7770217, -122.4246758 37.7768055))",polygon3
Dropoff,2,19,POINT(-122.424387700723 37.7766938332243),POINT(-122.424319867807 37.7768448280664),"POLYGON((-122.4246758 37.7768055, -122.4246221 37.7765172, -122.4229484 37.7767334, -122.4230182 37.7770217, -122.4246758 37.7768055))",polygon3
Pickup,1,21,POINT(-122.426457490898 37.7764721777419),POINT(-122.426189879946 37.7763960812746),"POLYGON((-122.4279642 37.7763815, -122.4279159 37.7761441, -122.4262636 37.7763518, -122.4263119 37.7766275, -122.4279642 37.7763815))",polygon1
Pickup,1,21,POINT(-122.426457490898 37.7764721777419),POINT(-122.426189879946 37.7763960812746),"POLYGON((-122.4263119 37.7766275, -122.4262636 37.7763518, -122.4246221 37.7765172, -122.4246758 37.7768055, -122.4263119 37.7766275))",polygon2
Dropoff,3,23,POINT(-122.423864133169 37.7767650064983),POINT(-122.423867330404 37.7766016121317),"POLYGON((-122.4246758 37.7768055, -122.4246221 37.7765172, -122.4229484 37.7767334, -122.4230182 37.7770217, -122.4246758 37.7768055))",polygon3
Pickup,4,22,POINT(-122.422050421049 37.7769872293554),POINT(-122.422087319502 37.7769082703638),"POLYGON((-122.4230182 37.7770217, -122.4229484 37.7767334, -122.421323 37.7769666, -122.4213874 37.7772422, -122.4230182 37.7770217))",polygon4
Pickup,1,18,POINT(-122.424849741087 37.7766378002019),POINT(-122.424722889736 37.7764739847912),"POLYGON((-122.4263119 37.7766275, -122.4262636 37.7763518, -122.4246221 37.7765172, -122.4246758 37.7768055, -122.4263119 37.7766275))",polygon2
Pickup,4,22,POINT(-122.42401846446 37.7767878407125),POINT(-122.423965666939 37.7767475189654),"POLYGON((-122.4246758 37.7768055, -122.4246221 37.7765172, -122.4229484 37.7767334, -122.4230182 37.7770217, -122.4246758 37.7768055))",polygon3
Dropoff,5,13,POINT(-122.424726778234 37.7769542755059),POINT(-122.424796771161 37.7767760086677),"POLYGON((-122.4263119 37.7766275, -122.4262636 37.7763518, -122.4246221 37.7765172, -122.4246758 37.7768055, -122.4263119 37.7766275))",polygon2
Pickup,5,20,POINT(-122.425922268312 37.7765392434072),POINT(-122.425922009082 37.7765146782619),"POLYGON((-122.4263119 37.7766275, -122.4262636 37.7763518, -122.4246221 37.7765172, -122.4246758 37.7768055, -122.4263119 37.7766275))",polygon2
Pickup,2,13,POINT(-122.424018637284 37.7767436589665),POINT(-122.422684519592 37.7760444196893),"POLYGON((-122.4246758 37.7768055, -122.4246221 37.7765172, -122.4229484 37.7767334, -122.4230182 37.7770217, -122.4246758 37.7768055))",polygon3
Pickup,2,18,POINT(-122.423757760237 37.7767785297617),POINT(-122.423767524776 37.7768643654656),"POLYGON((-122.4246758 37.7768055, -122.4246221 37.7765172, -122.4229484 37.7767334, -122.4230182 37.7770217, -122.4246758 37.7768055))",polygon3
Pickup,1,13,POINT(-122.424287636355 37.7761765994006),POINT(-122.424191287586 37.7766200397002),"POLYGON((-122.4246758 37.7768055, -122.4246221 37.7765172, -122.4229484 37.7767334, -122.4230182 37.7770217, -122.4246758 37.7768055))",polygon3
Pickup,3,19,POINT(-122.426457490898 37.7764721777419),POINT(-122.42620940857 37.776428822962),"POLYGON((-122.4279642 37.7763815, -122.4279159 37.7761441, -122.4262636 37.7763518, -122.4263119 37.7766275, -122.4279642 37.7763815))",polygon1
Pickup,3,19,POINT(-122.426457490898 37.7764721777419),POINT(-122.42620940857 37.776428822962),"POLYGON((-122.4263119 37.7766275, -122.4262636 37.7763518, -122.4246221 37.7765172, -122.4246758 37.7768055, -122.4263119 37.7766275))",polygon2
Pickup,5,20,POINT(-122.426284066636 37.776333305778),POINT(-122.426136910697 37.7765481023406),"POLYGON((-122.4263119 37.7766275, -122.4262636 37.7763518, -122.4246221 37.7765172, -122.4246758 37.7768055, -122.4263119 37.7766275))",polygon2
Pickup,7,16,POINT(-122.42483021221 37.7766853906467),POINT(-122.423895068575 37.7766462971795),"POLYGON((-122.4246758 37.7768055, -122.4246221 37.7765172, -122.4229484 37.7767334, -122.4230182 37.7770217, -122.4246758 37.7768055))",polygon3
Pickup,7,16,POINT(-122.42483021221 37.7766853906467),POINT(-122.423895068575 37.7766462971795),"POLYGON((-122.4263119 37.7766275, -122.4262636 37.7763518, -122.4246221 37.7765172, -122.4246758 37.7768055, -122.4263119 37.7766275))",polygon2
Pickup,3,21,POINT(-122.423864133169 37.7767650064983),POINT(-122.423870959698 37.7767964214278),"POLYGON((-122.4246758 37.7768055, -122.4246221 37.7765172, -122.4229484 37.7767334, -122.4230182 37.7770217, -122.4246758 37.7768055))",polygon3
Pickup,5,19,POINT(-122.426284066636 37.776333305778),POINT(-122.425845795375 37.7764093706272),"POLYGON((-122.4263119 37.7766275, -122.4262636 37.7763518, -122.4246221 37.7765172, -122.4246758 37.7768055, -122.4263119 37.7766275))",polygon2
Pickup,4,21,POINT(-122.423559358445 37.7768439843653),POINT(-122.423554000901 37.7768238222134),"POLYGON((-122.4246758 37.7768055, -122.4246221 37.7765172, -122.4229484 37.7767334, -122.4230182 37.7770217, -122.4246758 37.7768055))",polygon3
Pickup,6,23,POINT(-122.424736888326 37.7772412341288),POINT(-122.424880071326 37.7766198929904),"POLYGON((-122.4263119 37.7766275, -122.4262636 37.7763518, -122.4246221 37.7765172, -122.4246758 37.7768055, -122.4263119 37.7766275))",polygon2
Pickup,3,21,POINT(-122.426457490898 37.7764721777419),POINT(-122.426193681979 37.7765605193976),"POLYGON((-122.4279642 37.7763815, -122.4279159 37.7761441, -122.4262636 37.7763518, -122.4263119 37.7766275, -122.4279642 37.7763815))",polygon1
Pickup,3,21,POINT(-122.426457490898 37.7764721777419),POINT(-122.426193681979 37.7765605193976),"POLYGON((-122.4263119 37.7766275, -122.4262636 37.7763518, -122.4246221 37.7765172, -122.4246758 37.7768055, -122.4263119 37.7766275))",polygon2
Pickup,7,11,POINT(-122.425866706624 37.7765055894921),POINT(-122.425857719972 37.7765096622088),"POLYGON((-122.4263119 37.7766275, -122.4262636 37.7763518, -122.4246221 37.7765172, -122.4246758 37.7768055, -122.4263119 37.7766275))",polygon2
Pickup,2,19,POINT(-122.425817280029 37.7765540882959),POINT(-122.425829377449 37.7766437852224),"POLYGON((-122.4263119 37.7766275, -122.4262636 37.7763518, -122.4246221 37.7765172, -122.4246758 37.7768055, -122.4263119 37.7766275))",polygon2
Dropoff,2,17,POINT(-122.423864133169 37.7767650064983),POINT(-122.424029697972 37.7768991780854),"POLYGON((-122.4246758 37.7768055, -122.4246221 37.7765172, -122.4229484 37.7767334, -122.4230182 37.7770217, -122.4246758 37.7768055))",polygon3
Dropoff,4,16,POINT(-122.425860917147 37.7765480088597),POINT(-122.425889432481 37.7766751845954),"POLYGON((-122.4263119 37.7766275, -122.4262636 37.7763518, -122.4246221 37.7765172, -122.4246758 37.7768055, -122.4263119 37.7766275))",polygon2
Pickup,5,22,POINT(-122.423209475626 37.776820223827),POINT(-122.423206883257 37.7765015045614),"POLYGON((-122.4246758 37.7768055, -122.4246221 37.7765172, -122.4229484 37.7767334, -122.4230182 37.7770217, -122.4246758 37.7768055))",polygon3
Pickup,1,0,POINT(-122.422512298875 37.7769274794115),POINT(-122.422511089095 37.7768702002705),"POLYGON((-122.4230182 37.7770217, -122.4229484 37.7767334, -122.421323 37.7769666, -122.4213874 37.7772422, -122.4230182 37.7770217))",polygon4
Pickup,3,15,POINT(-122.424146440012 37.7767715986847),POINT(-122.424211767108 37.7765334806076),"POLYGON((-122.4246758 37.7768055, -122.4246221 37.7765172, -122.4229484 37.7767334, -122.4230182 37.7770217, -122.4246758 37.7768055))",polygon3
Dropoff,7,14,POINT(-122.425212839269 37.776634806121),POINT(-122.425217419033 37.7768120914548),"POLYGON((-122.4263119 37.7766275, -122.4262636 37.7763518, -122.4246221 37.7765172, -122.4246758 37.7768055, -122.4263119 37.7766275))",polygon2
Pickup,7,21,POINT(-122.422733688425 37.7764490718287),POINT(-122.422625672505 37.7769243091808),"POLYGON((-122.4230182 37.7770217, -122.4229484 37.7767334, -122.421323 37.7769666, -122.4213874 37.7772422, -122.4230182 37.7770217))",polygon4
Pickup,5,20,POINT(-122.426457490898 37.7764721777419),POINT(-122.426045402584 37.7766179779217),"POLYGON((-122.4279642 37.7763815, -122.4279159 37.7761441, -122.4262636 37.7763518, -122.4263119 37.7766275, -122.4279642 37.7763815))",polygon1
Pickup,5,20,POINT(-122.426457490898 37.7764721777419),POINT(-122.426045402584 37.7766179779217),"POLYGON((-122.4263119 37.7766275, -122.4262636 37.7763518, -122.4246221 37.7765172, -122.4246758 37.7768055, -122.4263119 37.7766275))",polygon2
Dropoff,7,21,POINT(-122.426962899582 37.7764091175446),POINT(-122.426998240943 37.7766012928808),"POLYGON((-122.4279642 37.7763815, -122.4279159 37.7761441, -122.4262636 37.7763518, -122.4263119 37.7766275, -122.4279642 37.7763815))",polygon1
Pickup,7,0,POINT(-122.426284066636 37.776333305778),POINT(-122.426217531093 37.7765392255944),"POLYGON((-122.4263119 37.7766275, -122.4262636 37.7763518, -122.4246221 37.7765172, -122.4246758 37.7768055, -122.4263119 37.7766275))",polygon2
Pickup,6,8,POINT(-122.424655057037 37.7768302824437),POINT(-122.42463440478 37.7766047239151),"POLYGON((-122.4246758 37.7768055, -122.4246221 37.7765172, -122.4229484 37.7767334, -122.4230182 37.7770217, -122.4246758 37.7768055))",polygon3
Pickup,7,20,POINT(-122.426284066636 37.776333305778),POINT(-122.425927971376 37.7766638395527),"POLYGON((-122.4263119 37.7766275, -122.4262636 37.7763518, -122.4246221 37.7765172, -122.4246758 37.7768055, -122.4263119 37.7766275))",polygon2
Pickup,1,20,POINT(-122.424655057037 37.7768302824437),POINT(-122.42383250646 37.7768794936096),"POLYGON((-122.4246758 37.7768055, -122.4246221 37.7765172, -122.4229484 37.7767334, -122.4230182 37.7770217, -122.4246758 37.7768055))",polygon3
Dropoff,4,10,POINT(-122.424726778234 37.7769542755059),POINT(-122.424799709135 37.7767751050329),"POLYGON((-122.4263119 37.7766275, -122.4262636 37.7763518, -122.4246221 37.7765172, -122.4246758 37.7768055, -122.4263119 37.7766275))",polygon2
Dropoff,3,18,POINT(-122.423344537964 37.7768300110875),POINT(-122.423330020715 37.7768900185263),"POLYGON((-122.4246758 37.7768055, -122.4246221 37.7765172, -122.4229484 37.7767334, -122.4230182 37.7770217, -122.4246758 37.7768055))",polygon3
Dropoff,7,22,POINT(-122.425795504668 37.7765572237663),POINT(-122.425810972087 37.7767072418296),"POLYGON((-122.4263119 37.7766275, -122.4262636 37.7763518, -122.4246221 37.7765172, -122.4246758 37.7768055, -122.4263119 37.7766275))",polygon2
Dropoff,5,11,POINT(-122.425135069654 37.7766015119388),POINT(-122.425094024557 37.7764978903963),"POLYGON((-122.4263119 37.7766275, -122.4262636 37.7763518, -122.4246221 37.7765172, -122.4246758 37.7768055, -122.4263119 37.7766275))",polygon2
Pickup,4,8,POINT(-122.423209475626 37.776820223827),POINT(-122.4231336056 37.7765720959656),"POLYGON((-122.4246758 37.7768055, -122.4246221 37.7765172, -122.4229484 37.7767334, -122.4230182 37.7770217, -122.4246758 37.7768055))",polygon3
Pickup,6,22,POINT(-122.426492832429 37.7764272114263),POINT(-122.426140626322 37.7765807643213),"POLYGON((-122.4279642 37.7763815, -122.4279159 37.7761441, -122.4262636 37.7763518, -122.4263119 37.7766275, -122.4279642 37.7763815))",polygon1
Pickup,6,22,POINT(-122.426492832429 37.7764272114263),POINT(-122.426140626322 37.7765807643213),"POLYGON((-122.4263119 37.7766275, -122.4262636 37.7763518, -122.4246221 37.7765172, -122.4246758 37.7768055, -122.4263119 37.7766275))",polygon2
Pickup,5,21,POINT(-122.423330798425 37.7768281299506),POINT(-122.423052637185 37.7770084795114),"POLYGON((-122.4246758 37.7768055, -122.4246221 37.7765172, -122.4229484 37.7767334, -122.4230182 37.7770217, -122.4246758 37.7768055))",polygon3
Dropoff,5,16,POINT(-122.425585786974 37.7765432868184),POINT(-122.42552400356 37.7763833778196),"POLYGON((-122.4263119 37.7766275, -122.4262636 37.7763518, -122.4246221 37.7765172, -122.4246758 37.7768055, -122.4263119 37.7766275))",polygon2
Pickup,3,20,POINT(-122.424655057037 37.7768302824437),POINT(-122.424474112017 37.7766772885476),"POLYGON((-122.4246758 37.7768055, -122.4246221 37.7765172, -122.4229484 37.7767334, -122.4230182 37.7770217, -122.4246758 37.7768055))",polygon3
Pickup,1,22,POINT(-122.425866706624 37.7765055894921),POINT(-122.425909479621 37.7764791293669),"POLYGON((-122.4263119 37.7766275, -122.4262636 37.7763518, -122.4246221 37.7765172, -122.4246758 37.7768055, -122.4263119 37.7766275))",polygon2
Dropoff,5,18,POINT(-122.424973567904 37.7766673974795),POINT(-122.425036129339 37.7768229963837),"POLYGON((-122.4263119 37.7766275, -122.4262636 37.7763518, -122.4246221 37.7765172, -122.4246758 37.7768055, -122.4263119 37.7766275))",polygon2
Dropoff,7,14,POINT(-122.425942661086 37.7765363877665),POINT(-122.426188843028 37.7765685506674),"POLYGON((-122.4263119 37.7766275, -122.4262636 37.7763518, -122.4246221 37.7765172, -122.4246758 37.7768055, -122.4263119 37.7766275))",polygon2
Pickup,3,13,POINT(-122.423001999489 37.7767477208701),POINT(-122.423066203935 37.7767819182029),"POLYGON((-122.4246758 37.7768055, -122.4246221 37.7765172, -122.4229484 37.7767334, -122.4230182 37.7770217, -122.4246758 37.7768055))",polygon3
Pickup,4,22,POINT(-122.423209475626 37.776820223827),POINT(-122.423031466138 37.7770361463022),"POLYGON((-122.4246758 37.7768055, -122.4246221 37.7765172, -122.4229484 37.7767334, -122.4230182 37.7770217, -122.4246758 37.7768055))",polygon3
Dropoff,5,22,POINT(-122.425866706624 37.7765055894921),POINT(-122.425907492189 37.7763879947026),"POLYGON((-122.4263119 37.7766275, -122.4262636 37.7763518, -122.4246221 37.7765172, -122.4246758 37.7768055, -122.4263119 37.7766275))",polygon2
Pickup,4,13,POINT(-122.421163385249 37.7770887404333),POINT(-122.421531421762 37.7770097272186),"POLYGON((-122.4230182 37.7770217, -122.4229484 37.7767334, -122.421323 37.7769666, -122.4213874 37.7772422, -122.4230182 37.7770217))",polygon4
Pickup,1,1,POINT(-122.424196126629 37.7767185859009),POINT(-122.424304227345 37.7767815919859),"POLYGON((-122.4246758 37.7768055, -122.4246221 37.7765172, -122.4229484 37.7767334, -122.4230182 37.7770217, -122.4246758 37.7768055))",polygon3
Pickup,6,0,POINT(-122.422644164838 37.7769104068418),POINT(-122.422541333597 37.7767448692195),"POLYGON((-122.4230182 37.7770217, -122.4229484 37.7767334, -122.421323 37.7769666, -122.4213874 37.7772422, -122.4230182 37.7770217))",polygon4
Pickup,5,17,POINT(-122.423864133169 37.7767650064983),POINT(-122.423916066624 37.7768654984531),"POLYGON((-122.4246758 37.7768055, -122.4246221 37.7765172, -122.4229484 37.7767334, -122.4230182 37.7770217, -122.4246758 37.7768055))",polygon3
Pickup,1,1,POINT(-122.422805238109 37.7773888149194),POINT(-122.42268858099 37.7769484365498),"POLYGON((-122.4230182 37.7770217, -122.4229484 37.7767334, -122.421323 37.7769666, -122.4213874 37.7772422, -122.4230182 37.7770217))",polygon4
Pickup,1,0,POINT(-122.426284066636 37.776333305778),POINT(-122.425922181902 37.7765000126502),"POLYGON((-122.4263119 37.7766275, -122.4262636 37.7763518, -122.4246221 37.7765172, -122.4246758 37.7768055, -122.4263119 37.7766275))",polygon2
Dropoff,3,17,POINT(-122.42401846446 37.7767878407125),POINT(-122.424029697972 37.7768991780854),"POLYGON((-122.4246758 37.7768055, -122.4246221 37.7765172, -122.4229484 37.7767334, -122.4230182 37.7770217, -122.4246758 37.7768055))",polygon3
Pickup,1,13,POINT(-122.425817280029 37.7765540882959),POINT(-122.425801466969 37.7766395750247),"POLYGON((-122.4263119 37.7766275, -122.4262636 37.7763518, -122.4246221 37.7765172, -122.4246758 37.7768055, -122.4263119 37.7766275))",polygon2
Pickup,1,14,POINT(-122.422733688425 37.7764490718287),POINT(-122.423254496425 37.776764211657),"POLYGON((-122.4246758 37.7768055, -122.4246221 37.7765172, -122.4229484 37.7767334, -122.4230182 37.7770217, -122.4246758 37.7768055))",polygon3
Dropoff,6,10,POINT(-122.425135069654 37.7766015119388),POINT(-122.425094024557 37.7764978903963),"POLYGON((-122.4263119 37.7766275, -122.4262636 37.7763518, -122.4246221 37.7765172, -122.4246758 37.7768055, -122.4263119 37.7766275))",polygon2
Dropoff,5,17,POINT(-122.426240775333 37.7763211770386),POINT(-122.425557703608 37.7766774756103),"POLYGON((-122.4263119 37.7766275, -122.4262636 37.7763518, -122.4246221 37.7765172, -122.4246758 37.7768055, -122.4263119 37.7766275))",polygon2
Pickup,1,20,POINT(-122.426284066636 37.776333305778),POINT(-122.426145378866 37.7765286315662),"POLYGON((-122.4263119 37.7766275, -122.4262636 37.7763518, -122.4246221 37.7765172, -122.4246758 37.7768055, -122.4263119 37.7766275))",polygon2
Dropoff,6,22,POINT(-122.426284066636 37.776333305778),POINT(-122.426045402584 37.7766179779217),"POLYGON((-122.4263119 37.7766275, -122.4262636 37.7763518, -122.4246221 37.7765172, -122.4246758 37.7768055, -122.4263119 37.7766275))",polygon2
Dropoff,4,19,POINT(-122.424726778234 37.7769542755059),POINT(-122.425002774767 37.7765249385779),"POLYGON((-122.4263119 37.7766275, -122.4262636 37.7763518, -122.4246221 37.7765172, -122.4246758 37.7768055, -122.4263119 37.7766275))",polygon2
Pickup,1,21,POINT(-122.425113207741 37.7766043103469),POINT(-122.425014526638 37.7764572759744),"POLYGON((-122.4263119 37.7766275, -122.4262636 37.7763518, -122.4246221 37.7765172, -122.4246758 37.7768055, -122.4263119 37.7766275))",polygon2
Pickup,2,13,POINT(-122.424463224198 37.7766844176431),POINT(-122.424440584443 37.7764862957069),"POLYGON((-122.4246758 37.7768055, -122.4246221 37.7765172, -122.4229484 37.7767334, -122.4230182 37.7770217, -122.4246758 37.7768055))",polygon3
Pickup,1,12,POINT(-122.421342521285 37.7772425193096),POINT(-122.422347941461 37.7770119773632),"POLYGON((-122.4230182 37.7770217, -122.4229484 37.7767334, -122.421323 37.7769666, -122.4213874 37.7772422, -122.4230182 37.7770217))",polygon4
Dropoff,2,15,POINT(-122.422717702076 37.7769578735589),POINT(-122.422742416106 37.7768000018691),"POLYGON((-122.4230182 37.7770217, -122.4229484 37.7767334, -122.421323 37.7769666, -122.4213874 37.7772422, -122.4230182 37.7770217))",polygon4
Dropoff,2,17,POINT(-122.422610463854 37.7769710798452),POINT(-122.422740342202 37.7771040893142),"POLYGON((-122.4230182 37.7770217, -122.4229484 37.7767334, -122.421323 37.7769666, -122.4213874 37.7772422, -122.4230182 37.7770217))",polygon4
Pickup,7,12,POINT(-122.426333493012 37.7767963137192),POINT(-122.424956631377 37.7766346577443),"POLYGON((-122.4263119 37.7766275, -122.4262636 37.7763518, -122.4246221 37.7765172, -122.4246758 37.7768055, -122.4263119 37.7766275))",polygon2
Pickup,7,19,POINT(-122.423001999489 37.7767477208701),POINT(-122.423652337729 37.7767704595729),"POLYGON((-122.4246758 37.7768055, -122.4246221 37.7765172, -122.4229484 37.7767334, -122.4230182 37.7770217, -122.4246758 37.7768055))",polygon3
Dropoff,5,16,POINT(-122.42332198438 37.7768290232458),POINT(-122.423176811772 37.7770403719393),"POLYGON((-122.4246758 37.7768055, -122.4246221 37.7765172, -122.4229484 37.7767334, -122.4230182 37.7770217, -122.4246758 37.7768055))",polygon3
Dropoff,6,13,POINT(-122.421288080554 37.7769366891584),POINT(-122.421675214029 37.7769947318774),"POLYGON((-122.4230182 37.7770217, -122.4229484 37.7767334, -122.421323 37.7769666, -122.4213874 37.7772422, -122.4230182 37.7770217))",polygon4
Pickup,5,14,POINT(-122.422889922455 37.7773778190985),POINT(-122.42287428178 37.7769493393234),"POLYGON((-122.4230182 37.7770217, -122.4229484 37.7767334, -122.421323 37.7769666, -122.4213874 37.7772422, -122.4230182 37.7770217))",polygon4
Dropoff,7,23,POINT(-122.426457490898 37.7764721777419),POINT(-122.426119110258 37.776367177966),"POLYGON((-122.4279642 37.7763815, -122.4279159 37.7761441, -122.4262636 37.7763518, -122.4263119 37.7766275, -122.4279642 37.7763815))",polygon1
Dropoff,7,23,POINT(-122.426457490898 37.7764721777419),POINT(-122.426119110258 37.776367177966),"POLYGON((-122.4263119 37.7766275, -122.4262636 37.7763518, -122.4246221 37.7765172, -122.4246758 37.7768055, -122.4263119 37.7766275))",polygon2
Pickup,4,7,POINT(-122.423608786105 37.7767970128174),POINT(-122.423550285184 37.7764044688767),"POLYGON((-122.4246758 37.7768055, -122.4246221 37.7765172, -122.4229484 37.7767334, -122.4230182 37.7770217, -122.4246758 37.7768055))",polygon3
Dropoff,6,7,POINT(-122.423608786105 37.7767970128174),POINT(-122.423604119858 37.7766909977582),"POLYGON((-122.4246758 37.7768055, -122.4246221 37.7765172, -122.4229484 37.7767334, -122.4230182 37.7770217, -122.4246758 37.7768055))",polygon3
Pickup,5,19,POINT(-122.426268599287 37.7762551139851),POINT(-122.426471057209 37.77636281002),"POLYGON((-122.4279642 37.7763815, -122.4279159 37.7761441, -122.4262636 37.7763518, -122.4263119 37.7766275, -122.4279642 37.7763815))",polygon1
Pickup,6,20,POINT(-122.423115718239 37.776394319937),POINT(-122.422950756881 37.7768722396658),"POLYGON((-122.4230182 37.7770217, -122.4229484 37.7767334, -122.421323 37.7769666, -122.4213874 37.7772422, -122.4230182 37.7770217))",polygon4
Pickup,7,0,POINT(-122.424849741087 37.7766378002019),POINT(-122.42480014119 37.7765148543519),"POLYGON((-122.4263119 37.7766275, -122.4262636 37.7763518, -122.4246221 37.7765172, -122.4246758 37.7768055, -122.4263119 37.7766275))",polygon2
Pickup,7,19,POINT(-122.426457490898 37.7764721777419),POINT(-122.42614278657 37.7763574964169),"POLYGON((-122.4279642 37.7763815, -122.4279159 37.7761441, -122.4262636 37.7763518, -122.4263119 37.7766275, -122.4279642 37.7763815))",polygon1
Dropoff,3,15,POINT(-122.423350413993 37.77682922169),POINT(-122.423408482964 37.7767098007088),"POLYGON((-122.4246758 37.7768055, -122.4246221 37.7765172, -122.4229484 37.7767334, -122.4230182 37.7770217, -122.4246758 37.7768055))",polygon3
Dropoff,4,17,POINT(-122.424387700723 37.7766938332243),POINT(-122.424380614993 37.7768528249401),"POLYGON((-122.4246758 37.7768055, -122.4246221 37.7765172, -122.4229484 37.7767334, -122.4230182 37.7770217, -122.4246758 37.7768055))",polygon3
Dropoff,5,13,POINT(-122.423757760237 37.7767785297617),POINT(-122.423735206742 37.776654534146),"POLYGON((-122.4246758 37.7768055, -122.4246221 37.7765172, -122.4229484 37.7767334, -122.4230182 37.7770217, -122.4246758 37.7768055))",polygon3
Dropoff,7,9,POINT(-122.424726778234 37.7769542755059),POINT(-122.424799709135 37.7767751050329),"POLYGON((-122.4263119 37.7766275, -122.4262636 37.7763518, -122.4246221 37.7765172, -122.4246758 37.7768055, -122.4263119 37.7766275))",polygon2
Pickup,5,23,POINT(-122.421342521285 37.7772425193096),POINT(-122.42237472949 37.7770238041287),"POLYGON((-122.4230182 37.7770217, -122.4229484 37.7767334, -122.421323 37.7769666, -122.4213874 37.7772422, -122.4230182 37.7770217))",polygon4
Pickup,4,23,POINT(-122.424387700723 37.7766938332243),POINT(-122.424336631614 37.7766891844826),"POLYGON((-122.4246758 37.7768055, -122.4246221 37.7765172, -122.4229484 37.7767334, -122.4230182 37.7770217, -122.4246758 37.7768055))",polygon3
Dropoff,4,15,POINT(-122.425942661086 37.7765363877665),POINT(-122.426143218619 37.776627293737),"POLYGON((-122.4263119 37.7766275, -122.4262636 37.7763518, -122.4246221 37.7765172, -122.4246758 37.7768055, -122.4263119 37.7766275))",polygon2
Dropoff,6,12,POINT(-122.421148608457 37.7771766722894),POINT(-122.422174337582 37.7771009907977),"POLYGON((-122.4230182 37.7770217, -122.4229484 37.7767334, -122.421323 37.7769666, -122.4213874 37.7772422, -122.4230182 37.7770217))",polygon4
Dropoff,4,17,POINT(-122.424018637284 37.7767436589665),POINT(-122.423966790291 37.7767431749917),"POLYGON((-122.4246758 37.7768055, -122.4246221 37.7765172, -122.4229484 37.7767334, -122.4230182 37.7770217, -122.4246758 37.7768055))",polygon3
Dropoff,7,5,POINT(-122.427932492842 37.7761363142782),POINT(-122.42763058142 37.7764144910363),"POLYGON((-122.4279642 37.7763815, -122.4279159 37.7761441, -122.4262636 37.7763518, -122.4263119 37.7766275, -122.4279642 37.7763815))",polygon1
Pickup,5,12,POINT(-122.423209475626 37.776820223827),POINT(-122.423030083538 37.7770215953764),"POLYGON((-122.4246758 37.7768055, -122.4246221 37.7765172, -122.4229484 37.7767334, -122.4230182 37.7770217, -122.4246758 37.7768055))",polygon3
Pickup,7,19,POINT(-122.424726778234 37.7769542755059),POINT(-122.423928769146 37.7768442891883),"POLYGON((-122.4246758 37.7768055, -122.4246221 37.7765172, -122.4229484 37.7767334, -122.4230182 37.7770217, -122.4246758 37.7768055))",polygon3
Pickup,7,22,POINT(-122.422733688425 37.7764490718287),POINT(-122.422880589898 37.7768600139497),"POLYGON((-122.4230182 37.7770217, -122.4229484 37.7767334, -122.421323 37.7769666, -122.4213874 37.7772422, -122.4230182 37.7770217))",polygon4
Pickup,6,15,POINT(-122.423001999489 37.7767477208701),POINT(-122.423947693308 37.7768890676628),"POLYGON((-122.4246758 37.7768055, -122.4246221 37.7765172, -122.4229484 37.7767334, -122.4230182 37.7770217, -122.4246758 37.7768055))",polygon3
Dropoff,1,18,POINT(-122.423001999489 37.7767477208701),POINT(-122.423408482964 37.7767098007088),"POLYGON((-122.4246758 37.7768055, -122.4246221 37.7765172, -122.4229484 37.7767334, -122.4230182 37.7770217, -122.4246758 37.7768055))",polygon3
Pickup,3,18,POINT(-122.426492832429 37.7764272114263),POINT(-122.426091459085 37.7765422358774),"POLYGON((-122.4279642 37.7763815, -122.4279159 37.7761441, -122.4262636 37.7763518, -122.4263119 37.7766275, -122.4279642 37.7763815))",polygon1
Pickup,3,18,POINT(-122.426492832429 37.7764272114263),POINT(-122.426091459085 37.7765422358774),"POLYGON((-122.4263119 37.7766275, -122.4262636 37.7763518, -122.4246221 37.7765172, -122.4246758 37.7768055, -122.4263119 37.7766275))",polygon2
Pickup,6,21,POINT(-122.426284066636 37.776333305778),POINT(-122.42608541039 37.7764940069729),"POLYGON((-122.4263119 37.7766275, -122.4262636 37.7763518, -122.4246221 37.7765172, -122.4246758 37.7768055, -122.4263119 37.7766275))",polygon2
Dropoff,7,15,POINT(-122.425113207741 37.7766043103469),POINT(-122.425002774767 37.7765249385779),"POLYGON((-122.4263119 37.7766275, -122.4262636 37.7763518, -122.4246221 37.7765172, -122.4246758 37.7768055, -122.4263119 37.7766275))",polygon2
Dropoff,3,16,POINT(-122.424387700723 37.7766938332243),POINT(-122.424319867807 37.7768448280664),"POLYGON((-122.4246758 37.7768055, -122.4246221 37.7765172, -122.4229484 37.7767334, -122.4230182 37.7770217, -122.4246758 37.7768055))",polygon3
Dropoff,6,20,POINT(-122.426457490898 37.7764721777419),POINT(-122.425889432481 37.7766751845954),"POLYGON((-122.4279642 37.7763815, -122.4279159 37.7761441, -122.4262636 37.7763518, -122.4263119 37.7766275, -122.4279642 37.7763815))",polygon1
Dropoff,3,15,POINT(-122.422512212463 37.7769275059873),POINT(-122.42254081512 37.7768266710287),"POLYGON((-122.4230182 37.7770217, -122.4229484 37.7767334, -122.421323 37.7769666, -122.4213874 37.7772422, -122.4230182 37.7770217))",polygon4
Dropoff,7,14,POINT(-122.423115718239 37.776394319937),POINT(-122.42313325995 37.7767721273771),"POLYGON((-122.4246758 37.7768055, -122.4246221 37.7765172, -122.4229484 37.7767334, -122.4230182 37.7770217, -122.4246758 37.7768055))",polygon3
Dropoff,7,0,POINT(-122.423001999489 37.7767477208701),POINT(-122.423206883257 37.7765015045614),"POLYGON((-122.4246758 37.7768055, -122.4246221 37.7765172, -122.4229484 37.7767334, -122.4230182 37.7770217, -122.4246758 37.7768055))",polygon3
Pickup,7,3,POINT(-122.427943034668 37.7764120864173),POINT(-122.427708781228 37.7763269711093),"POLYGON((-122.4279642 37.7763815, -122.4279159 37.7761441, -122.4262636 37.7763518, -122.4263119 37.7766275, -122.4279642 37.7763815))",polygon1
Dropoff,7,18,POINT(-122.426268599287 37.7762551139851),POINT(-122.426273697464 37.7763804779464),"POLYGON((-122.4279642 37.7763815, -122.4279159 37.7761441, -122.4262636 37.7763518, -122.4263119 37.7766275, -122.4279642 37.7763815))",polygon1
Dropoff,1,18,POINT(-122.425942661086 37.7765363877665),POINT(-122.426045402584 37.7766179779217),"POLYGON((-122.4263119 37.7766275, -122.4262636 37.7763518, -122.4246221 37.7765172, -122.4246758 37.7768055, -122.4263119 37.7766275))",polygon2
Pickup,1,20,POINT(-122.426492832429 37.7764272114263),POINT(-122.426418692969 37.776313415173),"POLYGON((-122.4279642 37.7763815, -122.4279159 37.7761441, -122.4262636 37.7763518, -122.4263119 37.7766275, -122.4279642 37.7763815))",polygon1
Dropoff,6,17,POINT(-122.424726778234 37.7769542755059),POINT(-122.424776896631 37.7765500656232),"POLYGON((-122.4263119 37.7766275, -122.4262636 37.7763518, -122.4246221 37.7765172, -122.4246758 37.7768055, -122.4263119 37.7766275))",polygon2
Dropoff,6,19,POINT(-122.424726778234 37.7769542755059),POINT(-122.424319867807 37.7768448280664),"POLYGON((-122.4246758 37.7768055, -122.4246221 37.7765172, -122.4229484 37.7767334, -122.4230182 37.7770217, -122.4246758 37.7768055))",polygon3
Dropoff,4,13,POINT(-122.423864133169 37.7767650064983),POINT(-122.423890575164 37.776426889915),"POLYGON((-122.4246758 37.7768055, -122.4246221 37.7765172, -122.4229484 37.7767334, -122.4230182 37.7770217, -122.4246758 37.7768055))",polygon3
Pickup,4,21,POINT(-122.424446028354 37.7766867258339),POINT(-122.4243213368 37.7765729167107),"POLYGON((-122.4246758 37.7768055, -122.4246221 37.7765172, -122.4229484 37.7767334, -122.4230182 37.7770217, -122.4246758 37.7768055))",polygon3
Dropoff,1,1,POINT(-122.424387700723 37.7766938332243),POINT(-122.424380614993 37.7768528249401),"POLYGON((-122.4246758 37.7768055, -122.4246221 37.7765172, -122.4229484 37.7767334, -122.4230182 37.7770217, -122.4246758 37.7768055))",polygon3
Pickup,6,15,POINT(-122.423115718239 37.776394319937),POINT(-122.423126174136 37.777003238374),"POLYGON((-122.4246758 37.7768055, -122.4246221 37.7765172, -122.4229484 37.7767334, -122.4230182 37.7770217, -122.4246758 37.7768055))",polygon3
Pickup,2,19,POINT(-122.422732219409 37.7768991019104),POINT(-122.423060759953 37.776953346717),"POLYGON((-122.4230182 37.7770217, -122.4229484 37.7767334, -122.421323 37.7769666, -122.4213874 37.7772422, -122.4230182 37.7770217))",polygon4
Pickup,2,19,POINT(-122.422732219409 37.7768991019104),POINT(-122.423060759953 37.776953346717),"POLYGON((-122.4246758 37.7768055, -122.4246221 37.7765172, -122.4229484 37.7767334, -122.4230182 37.7770217, -122.4246758 37.7768055))",polygon3
Dropoff,7,2,POINT(-122.422733688425 37.7764490718287),POINT(-122.422572096567 37.7768747018176),"POLYGON((-122.4230182 37.7770217, -122.4229484 37.7767334, -122.421323 37.7769666, -122.4213874 37.7772422, -122.4230182 37.7770217))",polygon4
Pickup,7,23,POINT(-122.424261972162 37.776248177885),POINT(-122.424554820102 37.7765621727694),"POLYGON((-122.4246758 37.7768055, -122.4246221 37.7765172, -122.4229484 37.7767334, -122.4230182 37.7770217, -122.4246758 37.7768055))",polygon3
Dropoff,2,20,POINT(-122.425533595113 37.7765932903383),POINT(-122.425557703608 37.7766774756103),"POLYGON((-122.4263119 37.7766275, -122.4262636 37.7763518, -122.4246221 37.7765172, -122.4246758 37.7768055, -122.4263119 37.7766275))",polygon2
Pickup,3,16,POINT(-122.426492832429 37.7764272114263),POINT(-122.426124813312 37.7765113301762),"POLYGON((-122.4279642 37.7763815, -122.4279159 37.7761441, -122.4262636 37.7763518, -122.4263119 37.7766275, -122.4279642 37.7763815))",polygon1
Pickup,3,16,POINT(-122.426492832429 37.7764272114263),POINT(-122.426124813312 37.7765113301762),"POLYGON((-122.4263119 37.7766275, -122.4262636 37.7763518, -122.4246221 37.7765172, -122.4246758 37.7768055, -122.4263119 37.7766275))",polygon2
Pickup,7,15,POINT(-122.424655057037 37.7768302824437),POINT(-122.423648103544 37.7769362810062),"POLYGON((-122.4246758 37.7768055, -122.4246221 37.7765172, -122.4229484 37.7767334, -122.4230182 37.7770217, -122.4246758 37.7768055))",polygon3
Pickup,5,12,POINT(-122.421342521285 37.7772425193096),POINT(-122.422371100145 37.7768979858682),"POLYGON((-122.4230182 37.7770217, -122.4229484 37.7767334, -122.421323 37.7769666, -122.4213874 37.7772422, -122.4230182 37.7770217))",polygon4
Dropoff,6,13,POINT(-122.425757138545 37.7765203889702),POINT(-122.425679714975 37.7763171640675),"POLYGON((-122.4263119 37.7766275, -122.4262636 37.7763518, -122.4246221 37.7765172, -122.4246758 37.7768055, -122.4263119 37.7766275))",polygon2
Pickup,6,23,POINT(-122.423001999489 37.7767477208701),POINT(-122.422721417822 37.7769616016911),"POLYGON((-122.4230182 37.7770217, -122.4229484 37.7767334, -122.421323 37.7769666, -122.4213874 37.7772422, -122.4230182 37.7770217))",polygon4
Pickup,6,23,POINT(-122.423001999489 37.7767477208701),POINT(-122.422721417822 37.7769616016911),"POLYGON((-122.4246758 37.7768055, -122.4246221 37.7765172, -122.4229484 37.7767334, -122.4230182 37.7770217, -122.4246758 37.7768055))",polygon3
Pickup,7,12,POINT(-122.426536901314 37.7764214350178),POINT(-122.426532321608 37.7764216078161),"POLYGON((-122.4279642 37.7763815, -122.4279159 37.7761441, -122.4262636 37.7763518, -122.4263119 37.7766275, -122.4279642 37.7763815))",polygon1
Pickup,2,15,POINT(-122.424655057037 37.7768302824437),POINT(-122.425411324345 37.77667131876),"POLYGON((-122.4263119 37.7766275, -122.4262636 37.7763518, -122.4246221 37.7765172, -122.4246758 37.7768055, -122.4263119 37.7766275))",polygon2
Dropoff,2,14,POINT(-122.424387700723 37.7766938332243),POINT(-122.424319867807 37.7768448280664),"POLYGON((-122.4246758 37.7768055, -122.4246221 37.7765172, -122.4229484 37.7767334, -122.4230182 37.7770217, -122.4246758 37.7768055))",polygon3
Pickup,7,0,POINT(-122.426370994827 37.7760010142323),POINT(-122.42587940891 37.7764158978428),"POLYGON((-122.4263119 37.7766275, -122.4262636 37.7763518, -122.4246221 37.7765172, -122.4246758 37.7768055, -122.4263119 37.7766275))",polygon2
Pickup,6,16,POINT(-122.424849741087 37.7766378002019),POINT(-122.424737579614 37.7763838266664),"POLYGON((-122.4263119 37.7766275, -122.4262636 37.7763518, -122.4246221 37.7765172, -122.4246758 37.7768055, -122.4263119 37.7766275))",polygon2
Dropoff,3,17,POINT(-122.424726778234 37.7769542755059),POINT(-122.425002774767 37.7765249385779),"POLYGON((-122.4263119 37.7766275, -122.4262636 37.7763518, -122.4246221 37.7765172, -122.4246758 37.7768055, -122.4263119 37.7766275))",polygon2
Pickup,5,20,POINT(-122.424655057037 37.7768302824437),POINT(-122.424613406874 37.7765773770004),"POLYGON((-122.4246758 37.7768055, -122.4246221 37.7765172, -122.4229484 37.7767334, -122.4230182 37.7770217, -122.4246758 37.7768055))",polygon3
Pickup,1,20,POINT(-122.426284066636 37.776333305778),POINT(-122.426105716722 37.7765233107018),"POLYGON((-122.4263119 37.7766275, -122.4262636 37.7763518, -122.4246221 37.7765172, -122.4246758 37.7768055, -122.4263119 37.7766275))",polygon2
Pickup,4,18,POINT(-122.425113207741 37.7766043103469),POINT(-122.425065422595 37.7765399111326),"POLYGON((-122.4263119 37.7766275, -122.4262636 37.7763518, -122.4246221 37.7765172, -122.4246758 37.7768055, -122.4263119 37.7766275))",polygon2
Pickup,4,6,POINT(-122.425795504668 37.7765572237663),POINT(-122.425874742765 37.7767356808327),"POLYGON((-122.4263119 37.7766275, -122.4262636 37.7763518, -122.4246221 37.7765172, -122.4246758 37.7768055, -122.4263119 37.7766275))",polygon2
Pickup,1,23,POINT(-122.424387700723 37.7766938332243),POINT(-122.424398502138 37.7768079931733),"POLYGON((-122.4246758 37.7768055, -122.4246221 37.7765172, -122.4229484 37.7767334, -122.4230182 37.7770217, -122.4246758 37.7768055))",polygon3
Dropoff,1,11,POINT(-122.425860917147 37.7765480088597),POINT(-122.425889432481 37.7766751845954),"POLYGON((-122.4263119 37.7766275, -122.4262636 37.7763518, -122.4246221 37.7765172, -122.4246758 37.7768055, -122.4263119 37.7766275))",polygon2
Pickup,3,16,POINT(-122.42410383912 37.7767769949933),POINT(-122.424574694674 37.7772528078835),"POLYGON((-122.4246758 37.7768055, -122.4246221 37.7765172, -122.4229484 37.7767334, -122.4230182 37.7770217, -122.4246758 37.7768055))",polygon3
Dropoff,1,1,POINT(-122.425730092148 37.7765665113315),POINT(-122.425732079583 37.7766681145017),"POLYGON((-122.4263119 37.7766275, -122.4262636 37.7763518, -122.4246221 37.7765172, -122.4246758 37.7768055, -122.4263119 37.7766275))",polygon2
Pickup,3,7,POINT(-122.426240775333 37.7763211770386),POINT(-122.425826525915 37.77663601116),"POLYGON((-122.4263119 37.7766275, -122.4262636 37.7763518, -122.4246221 37.7765172, -122.4246758 37.7768055, -122.4263119 37.7766275))",polygon2
Pickup,5,13,POINT(-122.42546040549 37.7765598237169),POINT(-122.425457467535 37.7765019138808),"POLYGON((-122.4263119 37.7766275, -122.4262636 37.7763518, -122.4246221 37.7765172, -122.4246758 37.7768055, -122.4263119 37.7766275))",polygon2
Pickup,4,20,POINT(-122.424173918875 37.7767217085196),POINT(-122.424187139834 37.7768287996198),"POLYGON((-122.4246758 37.7768055, -122.4246221 37.7765172, -122.4229484 37.7767334, -122.4230182 37.7770217, -122.4246758 37.7768055))",polygon3
Pickup,4,21,POINT(-122.42332198438 37.7768290232458),POINT(-122.423112607393 37.7769579750245),"POLYGON((-122.4246758 37.7768055, -122.4246221 37.7765172, -122.4229484 37.7767334, -122.4230182 37.7770217, -122.4246758 37.7768055))",polygon3
Pickup,4,16,POINT(-122.424463224198 37.7766844176431),POINT(-122.424831594786 37.7768161872703),"POLYGON((-122.4246758 37.7768055, -122.4246221 37.7765172, -122.4229484 37.7767334, -122.4230182 37.7770217, -122.4246758 37.7768055))",polygon3
Pickup,7,23,POINT(-122.424655057037 37.7768302824437),POINT(-122.424408698674 37.7767032961342),"POLYGON((-122.4246758 37.7768055, -122.4246221 37.7765172, -122.4229484 37.7767334, -122.4230182 37.7770217, -122.4246758 37.7768055))",polygon3
Pickup,6,9,POINT(-122.424655057037 37.7768302824437),POINT(-122.424465902947 37.7765712731706),"POLYGON((-122.4246758 37.7768055, -122.4246221 37.7765172, -122.4229484 37.7767334, -122.4230182 37.7770217, -122.4246758 37.7768055))",polygon3
Dropoff,4,9,POINT(-122.423001999489 37.7767477208701),POINT(-122.422016719874 37.7768298013219),"POLYGON((-122.4246758 37.7768055, -122.4246221 37.7765172, -122.4229484 37.7767334, -122.4230182 37.7770217, -122.4246758 37.7768055))",polygon3
Pickup,3,18,POINT(-122.422803509856 37.7769471141156),POINT(-122.423087461388 37.7765765458062),"POLYGON((-122.4230182 37.7770217, -122.4229484 37.7767334, -122.421323 37.7769666, -122.4213874 37.7772422, -122.4230182 37.7770217))",polygon4
Pickup,4,22,POINT(-122.424146440012 37.7767715986847),POINT(-122.424413624118 37.7767821139785),"POLYGON((-122.4246758 37.7768055, -122.4246221 37.7765172, -122.4229484 37.7767334, -122.4230182 37.7770217, -122.4246758 37.7768055))",polygon3
Pickup,7,15,POINT(-122.424655057037 37.7768302824437),POINT(-122.424813794126 37.7767169028605),"POLYGON((-122.4263119 37.7766275, -122.4262636 37.7763518, -122.4246221 37.7765172, -122.4246758 37.7768055, -122.4263119 37.7766275))",polygon2
Pickup,7,16,POINT(-122.424655057037 37.7768302824437),POINT(-122.424332138223 37.7766912934867),"POLYGON((-122.4246758 37.7768055, -122.4246221 37.7765172, -122.4229484 37.7767334, -122.4230182 37.7770217, -122.4246758 37.7768055))",polygon3
Pickup,4,9,POINT(-122.424196126629 37.7767185859009),POINT(-122.424276230048 37.7767854775106),"POLYGON((-122.4246758 37.7768055, -122.4246221 37.7765172, -122.4229484 37.7767334, -122.4230182 37.7770217, -122.4246758 37.7768055))",polygon3
Dropoff,5,14,POINT(-122.426284066636 37.776333305778),POINT(-122.426150563459 37.7765657125264),"POLYGON((-122.4263119 37.7766275, -122.4262636 37.7763518, -122.4246221 37.7765172, -122.4246758 37.7768055, -122.4263119 37.7766275))",polygon2
Dropoff,5,10,POINT(-122.425585786974 37.7765432868184),POINT(-122.42552400356 37.7763833778196),"POLYGON((-122.4263119 37.7766275, -122.4262636 37.7763518, -122.4246221 37.7765172, -122.4246758 37.7768055, -122.4263119 37.7766275))",polygon2
Dropoff,1,13,POINT(-122.424726778234 37.7769542755059),POINT(-122.425002774767 37.7765249385779),"POLYGON((-122.4263119 37.7766275, -122.4262636 37.7763518, -122.4246221 37.7765172, -122.4246758 37.7768055, -122.4263119 37.7766275))",polygon2
Pickup,6,18,POINT(-122.425135069654 37.7766015119388),POINT(-122.425094024557 37.7764978903963),"POLYGON((-122.4263119 37.7766275, -122.4262636 37.7763518, -122.4246221 37.7765172, -122.4246758 37.7768055, -122.4263119 37.7766275))",polygon2
Dropoff,6,17,POINT(-122.424655057037 37.7768302824437),POINT(-122.424319867807 37.7768448280664),"POLYGON((-122.4246758 37.7768055, -122.4246221 37.7765172, -122.4229484 37.7767334, -122.4230182 37.7770217, -122.4246758 37.7768055))",polygon3
Pickup,5,22,POINT(-122.425860917147 37.7765480088597),POINT(-122.425926761635 37.776658686554),"POLYGON((-122.4263119 37.7766275, -122.4262636 37.7763518, -122.4246221 37.7765172, -122.4246758 37.7768055, -122.4263119 37.7766275))",polygon2
Pickup,4,20,POINT(-122.424655057037 37.7768302824437),POINT(-122.42475477541 37.7766376383492),"POLYGON((-122.4263119 37.7766275, -122.4262636 37.7763518, -122.4246221 37.7765172, -122.4246758 37.7768055, -122.4263119 37.7766275))",polygon2
Pickup,6,13,POINT(-122.423001999489 37.7767477208701),POINT(-122.423223820067 37.7770526678815),"POLYGON((-122.4246758 37.7768055, -122.4246221 37.7765172, -122.4229484 37.7767334, -122.4230182 37.7770217, -122.4246758 37.7768055))",polygon3
Pickup,3,12,POINT(-122.424655057037 37.7768302824437),POINT(-122.424799709135 37.7767751050329),"POLYGON((-122.4263119 37.7766275, -122.4262636 37.7763518, -122.4246221 37.7765172, -122.4246758 37.7768055, -122.4263119 37.7766275))",polygon2
Pickup,6,18,POINT(-122.424849741087 37.7766378002019),POINT(-122.424828138347 37.776551389537),"POLYGON((-122.4263119 37.7766275, -122.4262636 37.7763518, -122.4246221 37.7765172, -122.4246758 37.7768055, -122.4263119 37.7766275))",polygon2
Dropoff,3,20,POINT(-122.423001999489 37.7767477208701),POINT(-122.423176811772 37.7770403719393),"POLYGON((-122.4246758 37.7768055, -122.4246221 37.7765172, -122.4229484 37.7767334, -122.4230182 37.7770217, -122.4246758 37.7768055))",polygon3
Pickup,5,17,POINT(-122.424146440012 37.7767715986847),POINT(-122.42440187218 37.7768691871991),"POLYGON((-122.4246758 37.7768055, -122.4246221 37.7765172, -122.4229484 37.7767334, -122.4230182 37.7770217, -122.4246758 37.7768055))",polygon3
Pickup,4,16,POINT(-122.424655057037 37.7768302824437),POINT(-122.424304400168 37.7765995721766),"POLYGON((-122.4246758 37.7768055, -122.4246221 37.7765172, -122.4229484 37.7767334, -122.4230182 37.7770217, -122.4246758 37.7768055))",polygon3
Pickup,7,23,POINT(-122.422805238109 37.7773888149194),POINT(-122.422635437148 37.7769554751209),"POLYGON((-122.4230182 37.7770217, -122.4229484 37.7767334, -122.421323 37.7769666, -122.4213874 37.7772422, -122.4230182 37.7770217))",polygon4
Pickup,5,20,POINT(-122.423403039 37.7768640718708),POINT(-122.422950670469 37.7769829881518),"POLYGON((-122.4230182 37.7770217, -122.4229484 37.7767334, -122.421323 37.7769666, -122.4213874 37.7772422, -122.4230182 37.7770217))",polygon4
Pickup,5,20,POINT(-122.423403039 37.7768640718708),POINT(-122.422950670469 37.7769829881518),"POLYGON((-122.4246758 37.7768055, -122.4246221 37.7765172, -122.4229484 37.7767334, -122.4230182 37.7770217, -122.4246758 37.7768055))",polygon3
Pickup,7,1,POINT(-122.423001999489 37.7767477208701),POINT(-122.422593786184 37.7768497835583),"POLYGON((-122.4230182 37.7770217, -122.4229484 37.7767334, -122.421323 37.7769666, -122.4213874 37.7772422, -122.4230182 37.7770217))",polygon4
Pickup,7,1,POINT(-122.423001999489 37.7767477208701),POINT(-122.422593786184 37.7768497835583),"POLYGON((-122.4246758 37.7768055, -122.4246221 37.7765172, -122.4229484 37.7767334, -122.4230182 37.7770217, -122.4246758 37.7768055))",polygon3
Pickup,5,23,POINT(-122.424196126629 37.7767185859009),POINT(-122.424298869838 37.7768056311578),"POLYGON((-122.4246758 37.7768055, -122.4246221 37.7765172, -122.4229484 37.7767334, -122.4230182 37.7770217, -122.4246758 37.7768055))",polygon3
Dropoff,7,13,POINT(-122.426268599287 37.7762551139851),POINT(-122.426357082865 37.776401211393),"POLYGON((-122.4279642 37.7763815, -122.4279159 37.7761441, -122.4262636 37.7763518, -122.4263119 37.7766275, -122.4279642 37.7763815))",polygon1
Pickup,2,19,POINT(-122.426284066636 37.776333305778),POINT(-122.426251576558 37.7763653997279),"POLYGON((-122.4263119 37.7766275, -122.4262636 37.7763518, -122.4246221 37.7765172, -122.4246758 37.7768055, -122.4263119 37.7766275))",polygon2
Pickup,5,22,POINT(-122.422644164838 37.7769104795419),POINT(-122.422611327982 37.7769325738739),"POLYGON((-122.4230182 37.7770217, -122.4229484 37.7767334, -122.421323 37.7769666, -122.4213874 37.7772422, -122.4230182 37.7770217))",polygon4
Pickup,5,11,POINT(-122.423447627655 37.7768582826874),POINT(-122.423373486043 37.7771528362688),"POLYGON((-122.4246758 37.7768055, -122.4246221 37.7765172, -122.4229484 37.7767334, -122.4230182 37.7770217, -122.4246758 37.7768055))",polygon3
Pickup,5,19,POINT(-122.422644164838 37.7769104068418),POINT(-122.422654793608 37.776991833515),"POLYGON((-122.4230182 37.7770217, -122.4229484 37.7767334, -122.421323 37.7769666, -122.4213874 37.7772422, -122.4230182 37.7770217))",polygon4
Dropoff,1,0,POINT(-122.423001999489 37.7767477208701),POINT(-122.423206883257 37.7765015045614),"POLYGON((-122.4246758 37.7768055, -122.4246221 37.7765172, -122.4229484 37.7767334, -122.4230182 37.7770217, -122.4246758 37.7768055))",polygon3
Dropoff,4,11,POINT(-122.423757760237 37.7767785297617),POINT(-122.423735206742 37.776654534146),"POLYGON((-122.4246758 37.7768055, -122.4246221 37.7765172, -122.4229484 37.7767334, -122.4230182 37.7770217, -122.4246758 37.7768055))",polygon3
Pickup,7,13,POINT(-122.426284066636 37.776333305778),POINT(-122.424539698142 37.7765634796143),"POLYGON((-122.4246758 37.7768055, -122.4246221 37.7765172, -122.4229484 37.7767334, -122.4230182 37.7770217, -122.4246758 37.7768055))",polygon3
Dropoff,7,14,POINT(-122.425585786974 37.7765432868184),POINT(-122.42552400356 37.7763833778196),"POLYGON((-122.4263119 37.7766275, -122.4262636 37.7763518, -122.4246221 37.7765172, -122.4246758 37.7768055, -122.4263119 37.7766275))",polygon2
Pickup,3,20,POINT(-122.424726778234 37.7769542755059),POINT(-122.424787438774 37.7766187954688),"POLYGON((-122.4263119 37.7766275, -122.4262636 37.7763518, -122.4246221 37.7765172, -122.4246758 37.7768055, -122.4263119 37.7766275))",polygon2
Dropoff,7,15,POINT(-122.425533595113 37.7765932903383),POINT(-122.425557703608 37.7766774756103),"POLYGON((-122.4263119 37.7766275, -122.4262636 37.7763518, -122.4246221 37.7765172, -122.4246758 37.7768055, -122.4263119 37.7766275))",polygon2
Pickup,1,21,POINT(-122.424849741087 37.7766378002019),POINT(-122.424834964813 37.7765601948105),"POLYGON((-122.4263119 37.7766275, -122.4262636 37.7763518, -122.4246221 37.7765172, -122.4246758 37.7768055, -122.4263119 37.7766275))",polygon2
Pickup,2,22,POINT(-122.424655057037 37.7768302824437),POINT(-122.424537624273 37.7766784008831),"POLYGON((-122.4246758 37.7768055, -122.4246221 37.7765172, -122.4229484 37.7767334, -122.4230182 37.7770217, -122.4246758 37.7768055))",polygon3
Pickup,3,17,POINT(-122.424463224198 37.7766844176431),POINT(-122.42445518795 37.7765928163043),"POLYGON((-122.4246758 37.7768055, -122.4246221 37.7765172, -122.4229484 37.7767334, -122.4230182 37.7770217, -122.4246758 37.7768055))",polygon3
Pickup,1,18,POINT(-122.423001999489 37.7767477208701),POINT(-122.422512471701 37.7772590106512),"POLYGON((-122.4246758 37.7768055, -122.4246221 37.7765172, -122.4229484 37.7767334, -122.4230182 37.7770217, -122.4246758 37.7768055))",polygon3
Dropoff,3,10,POINT(-122.425082359105 37.7766528379882),POINT(-122.425000528085 37.7767387107341),"POLYGON((-122.4263119 37.7766275, -122.4262636 37.7763518, -122.4246221 37.7765172, -122.4246758 37.7768055, -122.4263119 37.7766275))",polygon2
Pickup,7,0,POINT(-122.424910142323 37.7766755643609),POINT(-122.424918264947 37.7766939307168),"POLYGON((-122.4263119 37.7766275, -122.4262636 37.7763518, -122.4246221 37.7765172, -122.4246758 37.7768055, -122.4263119 37.7766275))",polygon2
Dropoff,4,21,POINT(-122.42332198438 37.7768290232458),POINT(-122.423206883257 37.7765015045614),"POLYGON((-122.4246758 37.7768055, -122.4246221 37.7765172, -122.4229484 37.7767334, -122.4230182 37.7770217, -122.4246758 37.7768055))",polygon3
Pickup,5,20,POINT(-122.426240775333 37.7763211770386),POINT(-122.425850979983 37.7765333268562),"POLYGON((-122.4263119 37.7766275, -122.4262636 37.7763518, -122.4246221 37.7765172, -122.4246758 37.7768055, -122.4263119 37.7766275))",polygon2
Dropoff,4,18,POINT(-122.425113207741 37.7766043103469),POINT(-122.425002774767 37.7765249385779),"POLYGON((-122.4263119 37.7766275, -122.4262636 37.7763518, -122.4246221 37.7765172, -122.4246758 37.7768055, -122.4263119 37.7766275))",polygon2
Pickup,7,1,POINT(-122.42483021221 37.7766853906467),POINT(-122.424409908432 37.7767711160179),"POLYGON((-122.4246758 37.7768055, -122.4246221 37.7765172, -122.4229484 37.7767334, -122.4230182 37.7770217, -122.4246758 37.7768055))",polygon3
Pickup,7,1,POINT(-122.42483021221 37.7766853906467),POINT(-122.424409908432 37.7767711160179),"POLYGON((-122.4263119 37.7766275, -122.4262636 37.7763518, -122.4246221 37.7765172, -122.4246758 37.7768055, -122.4263119 37.7766275))",polygon2
Pickup,7,17,POINT(-122.426457490898 37.7764721777419),POINT(-122.426320013094 37.7763908767033),"POLYGON((-122.4279642 37.7763815, -122.4279159 37.7761441, -122.4262636 37.7763518, -122.4263119 37.7766275, -122.4279642 37.7763815))",polygon1
Pickup,3,21,POINT(-122.424146440012 37.7767715986847),POINT(-122.424393058225 37.7767725909054),"POLYGON((-122.4246758 37.7768055, -122.4246221 37.7765172, -122.4229484 37.7767334, -122.4230182 37.7770217, -122.4246758 37.7768055))",polygon3
Pickup,2,20,POINT(-122.42465842707 37.7768466210086),POINT(-122.424318917282 37.7767498843217),"POLYGON((-122.4246758 37.7768055, -122.4246221 37.7765172, -122.4229484 37.7767334, -122.4230182 37.7770217, -122.4246758 37.7768055))",polygon3
Pickup,5,19,POINT(-122.426284066636 37.776333305778),POINT(-122.426159118037 37.7765553025048),"POLYGON((-122.4263119 37.7766275, -122.4262636 37.7763518, -122.4246221 37.7765172, -122.4246758 37.7768055, -122.4263119 37.7766275))",polygon2
Pickup,7,0,POINT(-122.424655057037 37.7768302824437),POINT(-122.424659636826 37.7766261884601),"POLYGON((-122.4263119 37.7766275, -122.4262636 37.7763518, -122.4246221 37.7765172, -122.4246758 37.7768055, -122.4263119 37.7766275))",polygon2
Pickup,5,19,POINT(-122.424387700723 37.7766938332243),POINT(-122.424387700723 37.7767652966766),"POLYGON((-122.4246758 37.7768055, -122.4246221 37.7765172, -122.4229484 37.7767334, -122.4230182 37.7770217, -122.4246758 37.7768055))",polygon3
Pickup,5,15,POINT(-122.423626500557 37.7768356206019),POINT(-122.423639203114 37.7768836940502),"POLYGON((-122.4246758 37.7768055, -122.4246221 37.7765172, -122.4229484 37.7767334, -122.4230182 37.7770217, -122.4246758 37.7768055))",polygon3
Dropoff,4,16,POINT(-122.424387700723 37.7766938332243),POINT(-122.424380614993 37.7768528249401),"POLYGON((-122.4246758 37.7768055, -122.4246221 37.7765172, -122.4229484 37.7767334, -122.4230182 37.7770217, -122.4246758 37.7768055))",polygon3
Dropoff,3,18,POINT(-122.425844758454 37.7765086327269),POINT(-122.425845795375 37.7764093706272),"POLYGON((-122.4263119 37.7766275, -122.4262636 37.7763518, -122.4246221 37.7765172, -122.4246758 37.7768055, -122.4263119 37.7766275))",polygon2
Pickup,6,13,POINT(-122.424726778234 37.7769542755059),POINT(-122.424946866949 37.7765205425884),"POLYGON((-122.4263119 37.7766275, -122.4262636 37.7763518, -122.4246221 37.7765172, -122.4246758 37.7768055, -122.4263119 37.7766275))",polygon2
Pickup,3,12,POINT(-122.423209475626 37.776820223827),POINT(-122.423258557801 37.777248305365),"POLYGON((-122.4246758 37.7768055, -122.4246221 37.7765172, -122.4229484 37.7767334, -122.4230182 37.7770217, -122.4246758 37.7768055))",polygon3
Dropoff,3,12,POINT(-122.424849741087 37.7766378002019),POINT(-122.424776896631 37.7765500656232),"POLYGON((-122.4263119 37.7766275, -122.4262636 37.7763518, -122.4246221 37.7765172, -122.4246758 37.7768055, -122.4263119 37.7766275))",polygon2
Pickup,6,22,POINT(-122.424287636355 37.7761765994006),POINT(-122.424063312089 37.7766360635857),"POLYGON((-122.4246758 37.7768055, -122.4246221 37.7765172, -122.4229484 37.7767334, -122.4230182 37.7770217, -122.4246758 37.7768055))",polygon3
Pickup,6,13,POINT(-122.424655057037 37.7768302824437),POINT(-122.423959618121 37.7767104123807),"POLYGON((-122.4246758 37.7768055, -122.4246221 37.7765172, -122.4229484 37.7767334, -122.4230182 37.7770217, -122.4246758 37.7768055))",polygon3
Pickup,2,13,POINT(-122.425942661086 37.7765363877665),POINT(-122.42614226811 37.7765776421806),"POLYGON((-122.4263119 37.7766275, -122.4262636 37.7763518, -122.4246221 37.7765172, -122.4246758 37.7768055, -122.4263119 37.7766275))",polygon2
Dropoff,4,20,POINT(-122.425860917147 37.7765480088597),POINT(-122.425889432481 37.7766751845954),"POLYGON((-122.4263119 37.7766275, -122.4262636 37.7763518, -122.4246221 37.7765172, -122.4246758 37.7768055, -122.4263119 37.7766275))",polygon2
Dropoff,5,18,POINT(-122.425113207741 37.7766043103469),POINT(-122.425002774767 37.7765249385779),"POLYGON((-122.4263119 37.7766275, -122.4262636 37.7763518, -122.4246221 37.7765172, -122.4246758 37.7768055, -122.4263119 37.7766275))",polygon2
Pickup,5,17,POINT(-122.424849741087 37.7766378002019),POINT(-122.424779488961 37.7765127732315),"POLYGON((-122.4263119 37.7766275, -122.4262636 37.7763518, -122.4246221 37.7765172, -122.4246758 37.7768055, -122.4263119 37.7766275))",polygon2
Pickup,7,19,POINT(-122.425113207741 37.7766043103469),POINT(-122.424977715625 37.7764424262664),"POLYGON((-122.4263119 37.7766275, -122.4262636 37.7763518, -122.4246221 37.7765172, -122.4246758 37.7768055, -122.4263119 37.7766275))",polygon2
Pickup,4,22,POINT(-122.422644164838 37.7769104795419),POINT(-122.422638029532 37.7769173827313),"POLYGON((-122.4230182 37.7770217, -122.4229484 37.7767334, -122.421323 37.7769666, -122.4213874 37.7772422, -122.4230182 37.7770217))",polygon4
Pickup,6,8,POINT(-122.424387700723 37.7766938332243),POINT(-122.424299474718 37.7766172990596),"POLYGON((-122.4246758 37.7768055, -122.4246221 37.7765172, -122.4229484 37.7767334, -122.4230182 37.7770217, -122.4246758 37.7768055))",polygon3
Dropoff,6,10,POINT(-122.422803509856 37.7769471141156),POINT(-122.423176811772 37.7770403719393),"POLYGON((-122.4230182 37.7770217, -122.4229484 37.7767334, -122.421323 37.7769666, -122.4213874 37.7772422, -122.4230182 37.7770217))",polygon4
Dropoff,4,12,POINT(-122.422733688425 37.7764490718287),POINT(-122.422481190236 37.7769437350928),"POLYGON((-122.4230182 37.7770217, -122.4229484 37.7767334, -122.421323 37.7769666, -122.4213874 37.7772422, -122.4230182 37.7770217))",polygon4
Pickup,5,21,POINT(-122.422803509856 37.7769471141156),POINT(-122.42305246436 37.776988540232),"POLYGON((-122.4230182 37.7770217, -122.4229484 37.7767334, -122.421323 37.7769666, -122.4213874 37.7772422, -122.4230182 37.7770217))",polygon4
Pickup,5,21,POINT(-122.422803509856 37.7769471141156),POINT(-122.42305246436 37.776988540232),"POLYGON((-122.4246758 37.7768055, -122.4246221 37.7765172, -122.4229484 37.7767334, -122.4230182 37.7770217, -122.4246758 37.7768055))",polygon3
Dropoff,6,10,POINT(-122.426457490898 37.7764721777419),POINT(-122.425688788053 37.7767427151662),"POLYGON((-122.4279642 37.7763815, -122.4279159 37.7761441, -122.4262636 37.7763518, -122.4263119 37.7766275, -122.4279642 37.7763815))",polygon1
Pickup,5,13,POINT(-122.426457490898 37.7764721777419),POINT(-122.426155316002 37.7764773031255),"POLYGON((-122.4279642 37.7763815, -122.4279159 37.7761441, -122.4262636 37.7763518, -122.4263119 37.7766275, -122.4279642 37.7763815))",polygon1
Pickup,5,13,POINT(-122.426457490898 37.7764721777419),POINT(-122.426155316002 37.7764773031255),"POLYGON((-122.4263119 37.7766275, -122.4262636 37.7763518, -122.4246221 37.7765172, -122.4246758 37.7768055, -122.4263119 37.7766275))",polygon2
Pickup,2,13,POINT(-122.425817280029 37.7765540882959),POINT(-122.425816675158 37.7766135238314),"POLYGON((-122.4263119 37.7766275, -122.4262636 37.7763518, -122.4246221 37.7765172, -122.4246758 37.7768055, -122.4263119 37.7766275))",polygon2
Dropoff,6,12,POINT(-122.42332198438 37.7768290232458),POINT(-122.422115663035 37.776883123342),"POLYGON((-122.4230182 37.7770217, -122.4229484 37.7767334, -122.421323 37.7769666, -122.4213874 37.7772422, -122.4230182 37.7770217))",polygon4
Dropoff,6,12,POINT(-122.42332198438 37.7768290232458),POINT(-122.422115663035 37.776883123342),"POLYGON((-122.4246758 37.7768055, -122.4246221 37.7765172, -122.4229484 37.7767334, -122.4230182 37.7770217, -122.4246758 37.7768055))",polygon3
Pickup,1,21,POINT(-122.424849741087 37.7766378002019),POINT(-122.424890959102 37.7765603477207),"POLYGON((-122.4263119 37.7766275, -122.4262636 37.7763518, -122.4246221 37.7765172, -122.4246758 37.7768055, -122.4263119 37.7766275))",polygon2
Pickup,6,17,POINT(-122.425942661086 37.7765363877665),POINT(-122.426003839383 37.7766768530416),"POLYGON((-122.4263119 37.7766275, -122.4262636 37.7763518, -122.4246221 37.7765172, -122.4246758 37.7768055, -122.4263119 37.7766275))",polygon2
Pickup,7,1,POINT(-122.424655057037 37.7768302824437),POINT(-122.424399193429 37.7767409699082),"POLYGON((-122.4246758 37.7768055, -122.4246221 37.7765172, -122.4229484 37.7767334, -122.4230182 37.7770217, -122.4246758 37.7768055))",polygon3
Pickup,7,0,POINT(-122.424655057037 37.7768302824437),POINT(-122.424232505859 37.7767025988086),"POLYGON((-122.4246758 37.7768055, -122.4246221 37.7765172, -122.4229484 37.7767334, -122.4230182 37.7770217, -122.4246758 37.7768055))",polygon3
Pickup,1,18,POINT(-122.423001999489 37.7767477208701),POINT(-122.423001221777 37.7768909608727),"POLYGON((-122.4246758 37.7768055, -122.4246221 37.7765172, -122.4229484 37.7767334, -122.4230182 37.7770217, -122.4246758 37.7768055))",polygon3
Pickup,7,0,POINT(-122.424849741087 37.7766378002019),POINT(-122.424237517724 37.7767922223884),"POLYGON((-122.4246758 37.7768055, -122.4246221 37.7765172, -122.4229484 37.7767334, -122.4230182 37.7770217, -122.4246758 37.7768055))",polygon3
Pickup,7,0,POINT(-122.424849741087 37.7766378002019),POINT(-122.424237517724 37.7767922223884),"POLYGON((-122.4263119 37.7766275, -122.4262636 37.7763518, -122.4246221 37.7765172, -122.4246758 37.7768055, -122.4263119 37.7766275))",polygon2
Dropoff,1,12,POINT(-122.426284066636 37.776333305778),POINT(-122.426150563459 37.7765657125264),"POLYGON((-122.4263119 37.7766275, -122.4262636 37.7763518, -122.4246221 37.7765172, -122.4246758 37.7768055, -122.4263119 37.7766275))",polygon2
Dropoff,6,12,POINT(-122.423350413993 37.77682922169),POINT(-122.423361042691 37.7769377649504),"POLYGON((-122.4246758 37.7768055, -122.4246221 37.7765172, -122.4229484 37.7767334, -122.4230182 37.7770217, -122.4246758 37.7768055))",polygon3
Dropoff,7,18,POINT(-122.425135069654 37.7766015119388),POINT(-122.425094024557 37.7764978903963),"POLYGON((-122.4263119 37.7766275, -122.4262636 37.7763518, -122.4246221 37.7765172, -122.4246758 37.7768055, -122.4263119 37.7766275))",polygon2
Dropoff,5,11,POINT(-122.423864133169 37.7767650064983),POINT(-122.424029697972 37.7768991780854),"POLYGON((-122.4246758 37.7768055, -122.4246221 37.7765172, -122.4229484 37.7767334, -122.4230182 37.7770217, -122.4246758 37.7768055))",polygon3
Pickup,2,6,POINT(-122.425642817785 37.7765785973798),POINT(-122.425712723691 37.7767169602469),"POLYGON((-122.4263119 37.7766275, -122.4262636 37.7763518, -122.4246221 37.7765172, -122.4246758 37.7768055, -122.4263119 37.7766275))",polygon2
Pickup,2,20,POINT(-122.425942661086 37.7765363877665),POINT(-122.426076682987 37.776588800604),"POLYGON((-122.4263119 37.7766275, -122.4262636 37.7763518, -122.4246221 37.7765172, -122.4246758 37.7768055, -122.4263119 37.7766275))",polygon2
Pickup,1,1,POINT(-122.424655057037 37.7768302824437),POINT(-122.424349420497 37.7767612946064),"POLYGON((-122.4246758 37.7768055, -122.4246221 37.7765172, -122.4229484 37.7767334, -122.4230182 37.7770217, -122.4246758 37.7768055))",polygon3
Dropoff,2,18,POINT(-122.423864133169 37.7767650064983),POINT(-122.424029697972 37.7768991780854),"POLYGON((-122.4246758 37.7768055, -122.4246221 37.7765172, -122.4229484 37.7767334, -122.4230182 37.7770217, -122.4246758 37.7768055))",polygon3
Pickup,7,14,POINT(-122.424260416757 37.7760520028016),POINT(-122.424426585814 37.7766194974118),"POLYGON((-122.4246758 37.7768055, -122.4246221 37.7765172, -122.4229484 37.7767334, -122.4230182 37.7770217, -122.4246758 37.7768055))",polygon3
Dropoff,5,16,POINT(-122.42332198438 37.7768290232458),POINT(-122.422740342202 37.7771040893142),"POLYGON((-122.4246758 37.7768055, -122.4246221 37.7765172, -122.4229484 37.7767334, -122.4230182 37.7770217, -122.4246758 37.7768055))",polygon3
Pickup,7,22,POINT(-122.422732219409 37.7768991019104),POINT(-122.423063697975 37.7770793768527),"POLYGON((-122.4230182 37.7770217, -122.4229484 37.7767334, -122.421323 37.7769666, -122.4213874 37.7772422, -122.4230182 37.7770217))",polygon4
Dropoff,3,13,POINT(-122.425585786974 37.7765432868184),POINT(-122.42552400356 37.7763833778196),"POLYGON((-122.4263119 37.7766275, -122.4262636 37.7763518, -122.4246221 37.7765172, -122.4246758 37.7768055, -122.4263119 37.7766275))",polygon2
Dropoff,2,18,POINT(-122.425178879877 37.7765960339293),POINT(-122.425153734367 37.7765027162634),"POLYGON((-122.4263119 37.7766275, -122.4262636 37.7763518, -122.4246221 37.7765172, -122.4246758 37.7768055, -122.4263119 37.7766275))",polygon2
Dropoff,5,20,POINT(-122.42332198438 37.7768290232458),POINT(-122.422814397848 37.776811887749),"POLYGON((-122.4230182 37.7770217, -122.4229484 37.7767334, -122.421323 37.7769666, -122.4213874 37.7772422, -122.4230182 37.7770217))",polygon4
Dropoff,5,20,POINT(-122.42332198438 37.7768290232458),POINT(-122.422814397848 37.776811887749),"POLYGON((-122.4246758 37.7768055, -122.4246221 37.7765172, -122.4229484 37.7767334, -122.4230182 37.7770217, -122.4246758 37.7768055))",polygon3
Pickup,7,15,POINT(-122.424726778234 37.7769542755059),POINT(-122.424734036762 37.77674739519),"POLYGON((-122.4263119 37.7766275, -122.4262636 37.7763518, -122.4246221 37.7765172, -122.4246758 37.7768055, -122.4263119 37.7766275))",polygon2
Pickup,7,0,POINT(-122.426284066636 37.776333305778),POINT(-122.425945599027 37.7764963721703),"POLYGON((-122.4263119 37.7766275, -122.4262636 37.7763518, -122.4246221 37.7765172, -122.4246758 37.7768055, -122.4263119 37.7766275))",polygon2
Dropoff,7,13,POINT(-122.424655057037 37.7768302824437),POINT(-122.423389299468 37.7767460165065),"POLYGON((-122.4246758 37.7768055, -122.4246221 37.7765172, -122.4229484 37.7767334, -122.4230182 37.7770217, -122.4246758 37.7768055))",polygon3
Pickup,6,22,POINT(-122.422805238109 37.7773888149194),POINT(-122.422674322889 37.7769589283727),"POLYGON((-122.4230182 37.7770217, -122.4229484 37.7767334, -122.421323 37.7769666, -122.4213874 37.7772422, -122.4230182 37.7770217))",polygon4
Dropoff,1,1,POINT(-122.427618484207 37.7763234139178),POINT(-122.42763058142 37.7764144910363),"POLYGON((-122.4279642 37.7763815, -122.4279159 37.7761441, -122.4262636 37.7763518, -122.4263119 37.7766275, -122.4279642 37.7763815))",polygon1
Pickup,3,20,POINT(-122.423842875873 37.7767676913044),POINT(-122.423817902867 37.7766909677157),"POLYGON((-122.4246758 37.7768055, -122.4246221 37.7765172, -122.4229484 37.7767334, -122.4230182 37.7770217, -122.4246758 37.7768055))",polygon3
Pickup,7,10,POINT(-122.425779000324 37.7765173723317),POINT(-122.425782370321 37.7765009963247),"POLYGON((-122.4263119 37.7766275, -122.4262636 37.7763518, -122.4246221 37.7765172, -122.4246758 37.7768055, -122.4263119 37.7766275))",polygon2
Dropoff,6,17,POINT(-122.426457490898 37.7764721777419),POINT(-122.426119110258 37.776367177966),"POLYGON((-122.4279642 37.7763815, -122.4279159 37.7761441, -122.4262636 37.7763518, -122.4263119 37.7766275, -122.4279642 37.7763815))",polygon1
Dropoff,6,17,POINT(-122.426457490898 37.7764721777419),POINT(-122.426119110258 37.776367177966),"POLYGON((-122.4263119 37.7766275, -122.4262636 37.7763518, -122.4246221 37.7765172, -122.4246758 37.7768055, -122.4263119 37.7766275))",polygon2
Dropoff,1,17,POINT(-122.424849741087 37.7766378002019),POINT(-122.424777760741 37.7765553976966),"POLYGON((-122.4263119 37.7766275, -122.4262636 37.7763518, -122.4246221 37.7765172, -122.4246758 37.7768055, -122.4263119 37.7766275))",polygon2
Dropoff,7,20,POINT(-122.422733688425 37.7764490718287),POINT(-122.42254081512 37.7768266710287),"POLYGON((-122.4230182 37.7770217, -122.4229484 37.7767334, -122.421323 37.7769666, -122.4213874 37.7772422, -122.4230182 37.7770217))",polygon4
Pickup,3,20,POINT(-122.425942661086 37.7765363877665),POINT(-122.425986038921 37.7766323842541),"POLYGON((-122.4263119 37.7766275, -122.4262636 37.7763518, -122.4246221 37.7765172, -122.4246758 37.7768055, -122.4263119 37.7766275))",polygon2
Dropoff,7,23,POINT(-122.424849741087 37.7766378002019),POINT(-122.424856913195 37.7766374844482),"POLYGON((-122.4263119 37.7766275, -122.4262636 37.7763518, -122.4246221 37.7765172, -122.4246758 37.7768055, -122.4263119 37.7766275))",polygon2
Dropoff,3,14,POINT(-122.423350413993 37.77682922169),POINT(-122.423389299468 37.7767460165065),"POLYGON((-122.4246758 37.7768055, -122.4246221 37.7765172, -122.4229484 37.7767334, -122.4230182 37.7770217, -122.4246758 37.7768055))",polygon3
Pickup,7,20,POINT(-122.422733688425 37.7764490718287),POINT(-122.423199970273 37.776918674761),"POLYGON((-122.4246758 37.7768055, -122.4246221 37.7765172, -122.4229484 37.7767334, -122.4230182 37.7770217, -122.4246758 37.7768055))",polygon3
Pickup,2,12,POINT(-122.423330798425 37.7768281299506),POINT(-122.42321863533 37.7770152227604),"POLYGON((-122.4246758 37.7768055, -122.4246221 37.7765172, -122.4229484 37.7767334, -122.4230182 37.7770217, -122.4246758 37.7768055))",polygon3
Pickup,4,20,POINT(-122.424655057037 37.7768302824437),POINT(-122.424577200598 37.7766282794387),"POLYGON((-122.4246758 37.7768055, -122.4246221 37.7765172, -122.4229484 37.7767334, -122.4230182 37.7770217, -122.4246758 37.7768055))",polygon3
Dropoff,5,20,POINT(-122.424387700723 37.7766938332243),POINT(-122.424380614993 37.7768528249401),"POLYGON((-122.4246758 37.7768055, -122.4246221 37.7765172, -122.4229484 37.7767334, -122.4230182 37.7770217, -122.4246758 37.7768055))",polygon3
Dropoff,3,7,POINT(-122.423608786105 37.7767970128174),POINT(-122.423604119858 37.7766909977582),"POLYGON((-122.4246758 37.7768055, -122.4246221 37.7765172, -122.4229484 37.7767334, -122.4230182 37.7770217, -122.4246758 37.7768055))",polygon3
Dropoff,4,16,POINT(-122.422610463854 37.7769710798452),POINT(-122.422654707195 37.7771086888349),"POLYGON((-122.4230182 37.7770217, -122.4229484 37.7767334, -122.421323 37.7769666, -122.4213874 37.7772422, -122.4230182 37.7770217))",polygon4
Pickup,6,21,POINT(-122.426566885428 37.7764595389269),POINT(-122.426561528036 37.7764489007635),"POLYGON((-122.4279642 37.7763815, -122.4279159 37.7761441, -122.4262636 37.7763518, -122.4263119 37.7766275, -122.4279642 37.7763815))",polygon1
Pickup,6,16,POINT(-122.424890094992 37.7766780953956),POINT(-122.422786486566 37.7760284002193),"POLYGON((-122.4263119 37.7766275, -122.4262636 37.7763518, -122.4246221 37.7765172, -122.4246758 37.7768055, -122.4263119 37.7766275))",polygon2
Dropoff,5,22,POINT(-122.426724323483 37.7763980265585),POINT(-122.426566021332 37.7762380012494),"POLYGON((-122.4279642 37.7763815, -122.4279159 37.7761441, -122.4262636 37.7763518, -122.4263119 37.7766275, -122.4279642 37.7763815))",polygon1
Pickup,7,21,POINT(-122.421288080554 37.7769366891584),POINT(-122.422205273486 37.7769380793937),"POLYGON((-122.4230182 37.7770217, -122.4229484 37.7767334, -122.421323 37.7769666, -122.4213874 37.7772422, -122.4230182 37.7770217))",polygon4
Pickup,2,20,POINT(-122.424655057037 37.7768302824437),POINT(-122.424535636815 37.7767224136391),"POLYGON((-122.4246758 37.7768055, -122.4246221 37.7765172, -122.4229484 37.7767334, -122.4230182 37.7770217, -122.4246758 37.7768055))",polygon3
Pickup,7,11,POINT(-122.424655057037 37.7768302824437),POINT(-122.424449311983 37.7767497640024),"POLYGON((-122.4246758 37.7768055, -122.4246221 37.7765172, -122.4229484 37.7767334, -122.4230182 37.7770217, -122.4246758 37.7768055))",polygon3
Pickup,4,15,POINT(-122.425860917147 37.7765480088597),POINT(-122.425889432481 37.7766751845954),"POLYGON((-122.4263119 37.7766275, -122.4262636 37.7763518, -122.4246221 37.7765172, -122.4246758 37.7768055, -122.4263119 37.7766275))",polygon2
Dropoff,5,18,POINT(-122.42401846446 37.7767878407125),POINT(-122.424029697972 37.7768991780854),"POLYGON((-122.4246758 37.7768055, -122.4246221 37.7765172, -122.4229484 37.7767334, -122.4230182 37.7770217, -122.4246758 37.7768055))",polygon3
Dropoff,5,21,POINT(-122.422042211789 37.7770437703056),POINT(-122.421991227953 37.7772396007505),"POLYGON((-122.4230182 37.7770217, -122.4229484 37.7767334, -122.421323 37.7769666, -122.4213874 37.7772422, -122.4230182 37.7770217))",polygon4
Pickup,2,20,POINT(-122.425942661086 37.7765363877665),POINT(-122.426045402584 37.7766179779217),"POLYGON((-122.4263119 37.7766275, -122.4262636 37.7763518, -122.4246221 37.7765172, -122.4246758 37.7768055, -122.4263119 37.7766275))",polygon2
Pickup,7,11,POINT(-122.424655057037 37.7768302824437),POINT(-122.423908289569 37.7766857780249),"POLYGON((-122.4246758 37.7768055, -122.4246221 37.7765172, -122.4229484 37.7767334, -122.4230182 37.7770217, -122.4246758 37.7768055))",polygon3
Dropoff,7,9,POINT(-122.424849741087 37.7766378002019),POINT(-122.424737579614 37.7763838266664),"POLYGON((-122.4263119 37.7766275, -122.4262636 37.7763518, -122.4246221 37.7765172, -122.4246758 37.7768055, -122.4263119 37.7766275))",polygon2
Pickup,5,23,POINT(-122.422610463854 37.7769710798452),POINT(-122.422984371344 37.7768648822585),"POLYGON((-122.4230182 37.7770217, -122.4229484 37.7767334, -122.421323 37.7769666, -122.4213874 37.7772422, -122.4230182 37.7770217))",polygon4
Pickup,5,23,POINT(-122.422610463854 37.7769710798452),POINT(-122.422984371344 37.7768648822585),"POLYGON((-122.4246758 37.7768055, -122.4246221 37.7765172, -122.4229484 37.7767334, -122.4230182 37.7770217, -122.4246758 37.7768055))",polygon3
Pickup,6,22,POINT(-122.42483021221 37.7766853906467),POINT(-122.424377504185 37.7767578913824),"POLYGON((-122.4246758 37.7768055, -122.4246221 37.7765172, -122.4229484 37.7767334, -122.4230182 37.7770217, -122.4246758 37.7768055))",polygon3
Pickup,6,22,POINT(-122.42483021221 37.7766853906467),POINT(-122.424377504185 37.7767578913824),"POLYGON((-122.4263119 37.7766275, -122.4262636 37.7763518, -122.4246221 37.7765172, -122.4246758 37.7768055, -122.4263119 37.7766275))",polygon2
Dropoff,6,16,POINT(-122.426268599287 37.7762551139851),POINT(-122.426265229305 37.7763700695688),"POLYGON((-122.4263119 37.7766275, -122.4262636 37.7763518, -122.4246221 37.7765172, -122.4246758 37.7768055, -122.4263119 37.7766275))",polygon2
Pickup,7,16,POINT(-122.423137580568 37.776391521998),POINT(-122.423291567279 37.7769620403621),"POLYGON((-122.4246758 37.7768055, -122.4246221 37.7765172, -122.4229484 37.7767334, -122.4230182 37.7770217, -122.4246758 37.7768055))",polygon3
Dropoff,4,21,POINT(-122.425860917147 37.7765480088597),POINT(-122.425889432481 37.7766751845954),"POLYGON((-122.4263119 37.7766275, -122.4262636 37.7763518, -122.4246221 37.7765172, -122.4246758 37.7768055, -122.4263119 37.7766275))",polygon2
Pickup,7,16,POINT(-122.426457490898 37.7764721777419),POINT(-122.426216407766 37.7765464047833),"POLYGON((-122.4279642 37.7763815, -122.4279159 37.7761441, -122.4262636 37.7763518, -122.4263119 37.7766275, -122.4279642 37.7763815))",polygon1
Pickup,7,16,POINT(-122.426457490898 37.7764721777419),POINT(-122.426216407766 37.7765464047833),"POLYGON((-122.4263119 37.7766275, -122.4262636 37.7763518, -122.4246221 37.7765172, -122.4246758 37.7768055, -122.4263119 37.7766275))",polygon2
Pickup,3,21,POINT(-122.424446028354 37.7766867258339),POINT(-122.424417426216 37.7766260222624),"POLYGON((-122.4246758 37.7768055, -122.4246221 37.7765172, -122.4229484 37.7767334, -122.4230182 37.7770217, -122.4246758 37.7768055))",polygon3
Pickup,5,20,POINT(-122.423447627655 37.7768582826874),POINT(-122.423237213971 37.7769461147279),"POLYGON((-122.4246758 37.7768055, -122.4246221 37.7765172, -122.4229484 37.7767334, -122.4230182 37.7770217, -122.4246758 37.7768055))",polygon3
Dropoff,6,19,POINT(-122.42655893575 37.7764185104574),POINT(-122.426529383682 37.7762606843251),"POLYGON((-122.4279642 37.7763815, -122.4279159 37.7761441, -122.4262636 37.7763518, -122.4263119 37.7766275, -122.4279642 37.7763815))",polygon1
Pickup,6,23,POINT(-122.422282094727 37.7770130351663),POINT(-122.422698864104 37.7769409120172),"POLYGON((-122.4230182 37.7770217, -122.4229484 37.7767334, -122.421323 37.7769666, -122.4213874 37.7772422, -122.4230182 37.7770217))",polygon4
Pickup,1,15,POINT(-122.426457490898 37.7764721777419),POINT(-122.426150563459 37.7765657125264),"POLYGON((-122.4279642 37.7763815, -122.4279159 37.7761441, -122.4262636 37.7763518, -122.4263119 37.7766275, -122.4279642 37.7763815))",polygon1
Pickup,1,15,POINT(-122.426457490898 37.7764721777419),POINT(-122.426150563459 37.7765657125264),"POLYGON((-122.4263119 37.7766275, -122.4262636 37.7763518, -122.4246221 37.7765172, -122.4246758 37.7768055, -122.4263119 37.7766275))",polygon2
Pickup,6,10,POINT(-122.424655057037 37.7768302824437),POINT(-122.424799709135 37.7767751050329),"POLYGON((-122.4263119 37.7766275, -122.4262636 37.7763518, -122.4246221 37.7765172, -122.4246758 37.7768055, -122.4263119 37.7766275))",polygon2
Dropoff,7,21,POINT(-122.423001999489 37.7767477208701),POINT(-122.42254081512 37.7768266710287),"POLYGON((-122.4230182 37.7770217, -122.4229484 37.7767334, -122.421323 37.7769666, -122.4213874 37.7772422, -122.4230182 37.7770217))",polygon4
Dropoff,7,21,POINT(-122.423001999489 37.7767477208701),POINT(-122.42254081512 37.7768266710287),"POLYGON((-122.4246758 37.7768055, -122.4246221 37.7765172, -122.4229484 37.7767334, -122.4230182 37.7770217, -122.4246758 37.7768055))",polygon3
Dropoff,7,19,POINT(-122.424849741087 37.7766378002019),POINT(-122.424029697972 37.7768991780854),"POLYGON((-122.4263119 37.7766275, -122.4262636 37.7763518, -122.4246221 37.7765172, -122.4246758 37.7768055, -122.4263119 37.7766275))",polygon2
Pickup,2,14,POINT(-122.425642817785 37.7765785973798),POINT(-122.425677900359 37.7767534065804),"POLYGON((-122.4263119 37.7766275, -122.4262636 37.7763518, -122.4246221 37.7765172, -122.4246758 37.7768055, -122.4263119 37.7766275))",polygon2
Pickup,4,21,POINT(-122.421752899794 37.777025511518),POINT(-122.421742184519 37.7769044163683),"POLYGON((-122.4230182 37.7770217, -122.4229484 37.7767334, -122.421323 37.7769666, -122.4213874 37.7772422, -122.4230182 37.7770217))",polygon4
Pickup,7,23,POINT(-122.424446028354 37.7766867258339),POINT(-122.424532785245 37.776818308577),"POLYGON((-122.4246758 37.7768055, -122.4246221 37.7765172, -122.4229484 37.7767334, -122.4230182 37.7770217, -122.4246758 37.7768055))",polygon3
Pickup,5,12,POINT(-122.421163385249 37.7770887404333),POINT(-122.421386160264 37.7769715210868),"POLYGON((-122.4230182 37.7770217, -122.4229484 37.7767334, -122.421323 37.7769666, -122.4213874 37.7772422, -122.4230182 37.7770217))",polygon4
Dropoff,5,22,POINT(-122.425860917147 37.7765480088597),POINT(-122.425889432481 37.7766751845954),"POLYGON((-122.4263119 37.7766275, -122.4262636 37.7763518, -122.4246221 37.7765172, -122.4246758 37.7768055, -122.4263119 37.7766275))",polygon2
Pickup,1,22,POINT(-122.424387700723 37.7766938332243),POINT(-122.42438363939 37.7767496068634),"POLYGON((-122.4246758 37.7768055, -122.4246221 37.7765172, -122.4229484 37.7767334, -122.4230182 37.7770217, -122.4246758 37.7768055))",polygon3
Pickup,6,13,POINT(-122.423779103962 37.7767758910958),POINT(-122.423611292052 37.7767246328859),"POLYGON((-122.4246758 37.7768055, -122.4246221 37.7765172, -122.4229484 37.7767334, -122.4230182 37.7770217, -122.4246758 37.7768055))",polygon3
Dropoff,5,20,POINT(-122.424973567904 37.7766673974795),POINT(-122.425036129339 37.7768229963837),"POLYGON((-122.4263119 37.7766275, -122.4262636 37.7763518, -122.4246221 37.7765172, -122.4246758 37.7768055, -122.4263119 37.7766275))",polygon2
Pickup,1,19,POINT(-122.426457490898 37.7764721777419),POINT(-122.426145206046 37.7765007684376),"POLYGON((-122.4279642 37.7763815, -122.4279159 37.7761441, -122.4262636 37.7763518, -122.4263119 37.7766275, -122.4279642 37.7763815))",polygon1
Pickup,1,19,POINT(-122.426457490898 37.7764721777419),POINT(-122.426145206046 37.7765007684376),"POLYGON((-122.4263119 37.7766275, -122.4262636 37.7763518, -122.4246221 37.7765172, -122.4246758 37.7768055, -122.4263119 37.7766275))",polygon2
Dropoff,6,18,POINT(-122.423001999489 37.7767477208701),POINT(-122.422654707195 37.7771086888349),"POLYGON((-122.4246758 37.7768055, -122.4246221 37.7765172, -122.4229484 37.7767334, -122.4230182 37.7770217, -122.4246758 37.7768055))",polygon3
Pickup,1,17,POINT(-122.426284066636 37.776333305778),POINT(-122.426264365207 37.776370335354),"POLYGON((-122.4263119 37.7766275, -122.4262636 37.7763518, -122.4246221 37.7765172, -122.4246758 37.7768055, -122.4263119 37.7766275))",polygon2
Pickup,7,16,POINT(-122.424392539757 37.7771917151923),POINT(-122.425038808074 37.7765236701117),"POLYGON((-122.4263119 37.7766275, -122.4262636 37.7763518, -122.4246221 37.7765172, -122.4246758 37.7768055, -122.4263119 37.7766275))",polygon2
Pickup,5,20,POINT(-122.423209475626 37.776820223827),POINT(-122.422535630349 37.776924665958),"POLYGON((-122.4230182 37.7770217, -122.4229484 37.7767334, -122.421323 37.7769666, -122.4213874 37.7772422, -122.4230182 37.7770217))",polygon4
Pickup,5,20,POINT(-122.423209475626 37.776820223827),POINT(-122.422535630349 37.776924665958),"POLYGON((-122.4246758 37.7768055, -122.4246221 37.7765172, -122.4229484 37.7767334, -122.4230182 37.7770217, -122.4246758 37.7768055))",polygon3
Pickup,3,16,POINT(-122.425730092148 37.7765665113315),POINT(-122.425739770093 37.7765785832306),"POLYGON((-122.4263119 37.7766275, -122.4262636 37.7763518, -122.4246221 37.7765172, -122.4246758 37.7768055, -122.4263119 37.7766275))",polygon2
Pickup,4,19,POINT(-122.423330798425 37.7768281299506),POINT(-122.42308538749 37.7769598035566),"POLYGON((-122.4246758 37.7768055, -122.4246221 37.7765172, -122.4229484 37.7767334, -122.4230182 37.7770217, -122.4246758 37.7768055))",polygon3
Dropoff,7,23,POINT(-122.42755264078 37.7763321085255),POINT(-122.427595067455 37.7764930970595),"POLYGON((-122.4279642 37.7763815, -122.4279159 37.7761441, -122.4262636 37.7763518, -122.4263119 37.7766275, -122.4279642 37.7763815))",polygon1
Dropoff,6,21,POINT(-122.426284066636 37.776333305778),POINT(-122.426045402584 37.7766179779217),"POLYGON((-122.4263119 37.7766275, -122.4262636 37.7763518, -122.4246221 37.7765172, -122.4246758 37.7768055, -122.4263119 37.7766275))",polygon2
Dropoff,2,17,POINT(-122.42332198438 37.7768290232458),POINT(-122.423176811772 37.7770403719393),"POLYGON((-122.4246758 37.7768055, -122.4246221 37.7765172, -122.4229484 37.7767334, -122.4230182 37.7770217, -122.4246758 37.7768055))",polygon3
Pickup,5,6,POINT(-122.425642817785 37.7765785973798),POINT(-122.425705983693 37.7767172885768),"POLYGON((-122.4263119 37.7766275, -122.4262636 37.7763518, -122.4246221 37.7765172, -122.4246758 37.7768055, -122.4263119 37.7766275))",polygon2
Dropoff,3,10,POINT(-122.421163385249 37.7770887404333),POINT(-122.422115663035 37.776883123342),"POLYGON((-122.4230182 37.7770217, -122.4229484 37.7767334, -122.421323 37.7769666, -122.4213874 37.7772422, -122.4230182 37.7770217))",polygon4
Dropoff,5,22,POINT(-122.422803509856 37.7769471141156),POINT(-122.423206883257 37.7765015045614),"POLYGON((-122.4230182 37.7770217, -122.4229484 37.7767334, -122.421323 37.7769666, -122.4213874 37.7772422, -122.4230182 37.7770217))",polygon4
Pickup,5,6,POINT(-122.425708316769 37.7765695013865),POINT(-122.425733634967 37.7767194702605),"POLYGON((-122.4263119 37.7766275, -122.4262636 37.7763518, -122.4246221 37.7765172, -122.4246758 37.7768055, -122.4263119 37.7766275))",polygon2
Pickup,2,7,POINT(-122.42354501405 37.7768050670672),POINT(-122.423445035291 37.7764513062601),"POLYGON((-122.4246758 37.7768055, -122.4246221 37.7765172, -122.4229484 37.7767334, -122.4230182 37.7770217, -122.4246758 37.7768055))",polygon3
Dropoff,4,23,POINT(-122.423367091543 37.7768286725309),POINT(-122.423408482964 37.7767098007088),"POLYGON((-122.4246758 37.7768055, -122.4246221 37.7765172, -122.4229484 37.7767334, -122.4230182 37.7770217, -122.4246758 37.7768055))",polygon3
Dropoff,1,16,POINT(-122.423001999489 37.7767477208701),POINT(-122.423408482964 37.7767098007088),"POLYGON((-122.4246758 37.7768055, -122.4246221 37.7765172, -122.4229484 37.7767334, -122.4230182 37.7770217, -122.4246758 37.7768055))",polygon3
Dropoff,4,16,POINT(-122.422754168231 37.7768962774229),POINT(-122.422814397848 37.776811887749),"POLYGON((-122.4230182 37.7770217, -122.4229484 37.7767334, -122.421323 37.7769666, -122.4213874 37.7772422, -122.4230182 37.7770217))",polygon4
Pickup,2,21,POINT(-122.423001999489 37.7767477208701),POINT(-122.424379491646 37.7759609274002),"POLYGON((-122.4246758 37.7768055, -122.4246221 37.7765172, -122.4229484 37.7767334, -122.4230182 37.7770217, -122.4246758 37.7768055))",polygon3
Dropoff,1,12,POINT(-122.425844758454 37.7765086327269),POINT(-122.425845795375 37.7764093706272),"POLYGON((-122.4263119 37.7766275, -122.4262636 37.7763518, -122.4246221 37.7765172, -122.4246758 37.7768055, -122.4263119 37.7766275))",polygon2
Pickup,6,21,POINT(-122.422733688425 37.7764490718287),POINT(-122.422554122698 37.7768858274921),"POLYGON((-122.4230182 37.7770217, -122.4229484 37.7767334, -122.421323 37.7769666, -122.4213874 37.7772422, -122.4230182 37.7770217))",polygon4
Dropoff,6,16,POINT(-122.424200015146 37.7762641074496),POINT(-122.423940693961 37.7766223047836),"POLYGON((-122.4246758 37.7768055, -122.4246221 37.7765172, -122.4229484 37.7767334, -122.4230182 37.7770217, -122.4246758 37.7768055))",polygon3
Dropoff,7,23,POINT(-122.423001999489 37.7767477208701),POINT(-122.423206883257 37.7765015045614),"POLYGON((-122.4246758 37.7768055, -122.4246221 37.7765172, -122.4229484 37.7767334, -122.4230182 37.7770217, -122.4246758 37.7768055))",polygon3
Pickup,1,17,POINT(-122.42483021221 37.7766853906467),POINT(-122.423932916908 37.7767453053611),"POLYGON((-122.4246758 37.7768055, -122.4246221 37.7765172, -122.4229484 37.7767334, -122.4230182 37.7770217, -122.4246758 37.7768055))",polygon3
Pickup,1,17,POINT(-122.42483021221 37.7766853906467),POINT(-122.423932916908 37.7767453053611),"POLYGON((-122.4263119 37.7766275, -122.4262636 37.7763518, -122.4246221 37.7765172, -122.4246758 37.7768055, -122.4263119 37.7766275))",polygon2
Dropoff,1,12,POINT(-122.423001999489 37.7767477208701),POINT(-122.423389299468 37.7767460165065),"POLYGON((-122.4246758 37.7768055, -122.4246221 37.7765172, -122.4229484 37.7767334, -122.4230182 37.7770217, -122.4246758 37.7768055))",polygon3
Dropoff,2,18,POINT(-122.422732219409 37.7768991019104),POINT(-122.422814397848 37.776811887749),"POLYGON((-122.4230182 37.7770217, -122.4229484 37.7767334, -122.421323 37.7769666, -122.4213874 37.7772422, -122.4230182 37.7770217))",polygon4
Pickup,1,0,POINT(-122.424287636355 37.7761765994006),POINT(-122.424312090782 37.7767487124427),"POLYGON((-122.4246758 37.7768055, -122.4246221 37.7765172, -122.4229484 37.7767334, -122.4230182 37.7770217, -122.4246758 37.7768055))",polygon3
Dropoff,5,15,POINT(-122.421342521285 37.7772425193096),POINT(-122.422266021896 37.7768752677252),"POLYGON((-122.4230182 37.7770217, -122.4229484 37.7767334, -122.421323 37.7769666, -122.4213874 37.7772422, -122.4230182 37.7770217))",polygon4
Pickup,5,20,POINT(-122.426457490898 37.7764721777419),POINT(-122.426164389039 37.7765650948977),"POLYGON((-122.4279642 37.7763815, -122.4279159 37.7761441, -122.4262636 37.7763518, -122.4263119 37.7766275, -122.4279642 37.7763815))",polygon1
Pickup,5,20,POINT(-122.426457490898 37.7764721777419),POINT(-122.426164389039 37.7765650948977),"POLYGON((-122.4263119 37.7766275, -122.4262636 37.7763518, -122.4246221 37.7765172, -122.4246758 37.7768055, -122.4263119 37.7766275))",polygon2
Pickup,2,11,POINT(-122.421342521285 37.7772425193096),POINT(-122.42143913191 37.7770535218268),"POLYGON((-122.4230182 37.7770217, -122.4229484 37.7767334, -122.421323 37.7769666, -122.4213874 37.7772422, -122.4230182 37.7770217))",polygon4
Pickup,4,21,POINT(-122.423350413993 37.77682922169),POINT(-122.423400533047 37.776788871352),"POLYGON((-122.4246758 37.7768055, -122.4246221 37.7765172, -122.4229484 37.7767334, -122.4230182 37.7770217, -122.4246758 37.7768055))",polygon3
Dropoff,1,14,POINT(-122.426268599287 37.7762551139851),POINT(-122.426266266222 37.7763693871327),"POLYGON((-122.4263119 37.7766275, -122.4262636 37.7763518, -122.4246221 37.7765172, -122.4246758 37.7768055, -122.4263119 37.7766275))",polygon2
Pickup,2,22,POINT(-122.424387700723 37.7766938332243),POINT(-122.424380614993 37.7768528249401),"POLYGON((-122.4246758 37.7768055, -122.4246221 37.7765172, -122.4229484 37.7767334, -122.4230182 37.7770217, -122.4246758 37.7768055))",polygon3
Pickup,5,22,POINT(-122.423367091543 37.7768286725309),POINT(-122.423408482964 37.7767098007088),"POLYGON((-122.4246758 37.7768055, -122.4246221 37.7765172, -122.4229484 37.7767334, -122.4230182 37.7770217, -122.4246758 37.7768055))",polygon3
Pickup,1,19,POINT(-122.424655057037 37.7768302824437),POINT(-122.424233024328 37.7768005835335),"POLYGON((-122.4246758 37.7768055, -122.4246221 37.7765172, -122.4229484 37.7767334, -122.4230182 37.7770217, -122.4246758 37.7768055))",polygon3
Pickup,3,21,POINT(-122.424655057037 37.7768302824437),POINT(-122.423894118046 37.7767325204903),"POLYGON((-122.4246758 37.7768055, -122.4246221 37.7765172, -122.4229484 37.7767334, -122.4230182 37.7770217, -122.4246758 37.7768055))",polygon3
Dropoff,5,18,POINT(-122.426240775333 37.7763211770386),POINT(-122.426045402584 37.7766179779217),"POLYGON((-122.4263119 37.7766275, -122.4262636 37.7763518, -122.4246221 37.7765172, -122.4246758 37.7768055, -122.4263119 37.7766275))",polygon2
Pickup,7,10,POINT(-122.425942661086 37.7765363877665),POINT(-122.426107012871 37.7766713625596),"POLYGON((-122.4263119 37.7766275, -122.4262636 37.7763518, -122.4246221 37.7765172, -122.4246758 37.7768055, -122.4263119 37.7766275))",polygon2
Pickup,1,21,POINT(-122.424849741087 37.7766378002019),POINT(-122.424739480657 37.7765859279135),"POLYGON((-122.4263119 37.7766275, -122.4262636 37.7763518, -122.4246221 37.7765172, -122.4246758 37.7768055, -122.4263119 37.7766275))",polygon2
Pickup,3,21,POINT(-122.42332198438 37.7768290232458),POINT(-122.423204290888 37.7769212717329),"POLYGON((-122.4246758 37.7768055, -122.4246221 37.7765172, -122.4229484 37.7767334, -122.4230182 37.7770217, -122.4246758 37.7768055))",polygon3
Pickup,7,10,POINT(-122.424655057037 37.7768302824437),POINT(-122.424558276549 37.7765779759434),"POLYGON((-122.4246758 37.7768055, -122.4246221 37.7765172, -122.4229484 37.7767334, -122.4230182 37.7770217, -122.4246758 37.7768055))",polygon3
Pickup,4,23,POINT(-122.424655057037 37.7768302824437),POINT(-122.424399193429 37.7767433689859),"POLYGON((-122.4246758 37.7768055, -122.4246221 37.7765172, -122.4229484 37.7767334, -122.4230182 37.7770217, -122.4246758 37.7768055))",polygon3
Pickup,4,18,POINT(-122.42354501405 37.7768050670672),POINT(-122.423364758414 37.7765869359787),"POLYGON((-122.4246758 37.7768055, -122.4246221 37.7765172, -122.4229484 37.7767334, -122.4230182 37.7770217, -122.4246758 37.7768055))",polygon3
Pickup,1,18,POINT(-122.425942661086 37.7765363877665),POINT(-122.426128269708 37.7765450169954),"POLYGON((-122.4263119 37.7766275, -122.4262636 37.7763518, -122.4246221 37.7765172, -122.4246758 37.7768055, -122.4263119 37.7766275))",polygon2
Pickup,6,12,POINT(-122.423864133169 37.7767650064983),POINT(-122.423778585491 37.776373002822),"POLYGON((-122.4246758 37.7768055, -122.4246221 37.7765172, -122.4229484 37.7767334, -122.4230182 37.7770217, -122.4246758 37.7768055))",polygon3
Dropoff,7,18,POINT(-122.424849741087 37.7766378002019),POINT(-122.424776896631 37.7765500656232),"POLYGON((-122.4263119 37.7766275, -122.4262636 37.7763518, -122.4246221 37.7765172, -122.4246758 37.7768055, -122.4263119 37.7766275))",polygon2
Pickup,7,0,POINT(-122.424287636355 37.7761765994006),POINT(-122.424416475692 37.7767491038445),"POLYGON((-122.4246758 37.7768055, -122.4246221 37.7765172, -122.4229484 37.7767334, -122.4230182 37.7770217, -122.4246758 37.7768055))",polygon3
Dropoff,3,21,POINT(-122.42332198438 37.7768290232458),POINT(-122.423206883257 37.7765015045614),"POLYGON((-122.4246758 37.7768055, -122.4246221 37.7765172, -122.4229484 37.7767334, -122.4230182 37.7770217, -122.4246758 37.7768055))",polygon3
Pickup,1,17,POINT(-122.426457490898 37.7764721777419),POINT(-122.426265229305 37.7763700695688),"POLYGON((-122.4279642 37.7763815, -122.4279159 37.7761441, -122.4262636 37.7763518, -122.4263119 37.7766275, -122.4279642 37.7763815))",polygon1
Pickup,1,17,POINT(-122.426457490898 37.7764721777419),POINT(-122.426265229305 37.7763700695688),"POLYGON((-122.4263119 37.7766275, -122.4262636 37.7763518, -122.4246221 37.7765172, -122.4246758 37.7768055, -122.4263119 37.7766275))",polygon2
Dropoff,4,17,POINT(-122.422128020122 37.777033011415),POINT(-122.422174337582 37.7771009907977),"POLYGON((-122.4230182 37.7770217, -122.4229484 37.7767334, -122.421323 37.7769666, -122.4213874 37.7772422, -122.4230182 37.7770217))",polygon4
Pickup,6,22,POINT(-122.425113207741 37.7766043103469),POINT(-122.425007613773 37.7765460596902),"POLYGON((-122.4263119 37.7766275, -122.4262636 37.7763518, -122.4246221 37.7765172, -122.4246758 37.7768055, -122.4263119 37.7766275))",polygon2
Dropoff,3,15,POINT(-122.424890094992 37.7766780953956),POINT(-122.424921721383 37.7768112943597),"POLYGON((-122.4263119 37.7766275, -122.4262636 37.7763518, -122.4246221 37.7765172, -122.4246758 37.7768055, -122.4263119 37.7766275))",polygon2
Pickup,4,20,POINT(-122.424655057037 37.7768302824437),POINT(-122.424550413131 37.7767643964413),"POLYGON((-122.4246758 37.7768055, -122.4246221 37.7765172, -122.4229484 37.7767334, -122.4230182 37.7770217, -122.4246758 37.7768055))",polygon3
Dropoff,7,15,POINT(-122.422733688425 37.7764490718287),POINT(-122.422115663035 37.776883123342),"POLYGON((-122.4230182 37.7770217, -122.4229484 37.7767334, -122.421323 37.7769666, -122.4213874 37.7772422, -122.4230182 37.7770217))",polygon4
Pickup,7,23,POINT(-122.425860917147 37.7765480088597),POINT(-122.425889432481 37.7766751845954),"POLYGON((-122.4263119 37.7766275, -122.4262636 37.7763518, -122.4246221 37.7765172, -122.4246758 37.7768055, -122.4263119 37.7766275))",polygon2
Dropoff,4,16,POINT(-122.426457490898 37.7764721777419),POINT(-122.426418692969 37.776313415173),"POLYGON((-122.4279642 37.7763815, -122.4279159 37.7761441, -122.4262636 37.7763518, -122.4263119 37.7766275, -122.4279642 37.7763815))",polygon1
Dropoff,5,23,POINT(-122.425642817785 37.7765785973798),POINT(-122.425703477796 37.7767025745233),"POLYGON((-122.4263119 37.7766275, -122.4262636 37.7763518, -122.4246221 37.7765172, -122.4246758 37.7768055, -122.4263119 37.7766275))",polygon2
Pickup,1,17,POINT(-122.423001999489 37.7767477208701),POINT(-122.422570281898 37.7770844905576),"POLYGON((-122.4246758 37.7768055, -122.4246221 37.7765172, -122.4229484 37.7767334, -122.4230182 37.7770217, -122.4246758 37.7768055))",polygon3
Dropoff,7,16,POINT(-122.424726778234 37.7769542755059),POINT(-122.425002774767 37.7765249385779),"POLYGON((-122.4263119 37.7766275, -122.4262636 37.7763518, -122.4246221 37.7765172, -122.4246758 37.7768055, -122.4263119 37.7766275))",polygon2
Dropoff,4,22,POINT(-122.425642817785 37.7765785973798),POINT(-122.425648088813 37.7767001278647),"POLYGON((-122.4263119 37.7766275, -122.4262636 37.7763518, -122.4246221 37.7765172, -122.4246758 37.7768055, -122.4263119 37.7766275))",polygon2
Dropoff,7,18,POINT(-122.424849741087 37.7766378002019),POINT(-122.424776896631 37.7765500656232),"POLYGON((-122.4263119 37.7766275, -122.4262636 37.7763518, -122.4246221 37.7765172, -122.4246758 37.7768055, -122.4263119 37.7766275))",polygon2
Dropoff,6,16,POINT(-122.423115718239 37.776394319937),POINT(-122.422814397848 37.776811887749),"POLYGON((-122.4230182 37.7770217, -122.4229484 37.7767334, -122.421323 37.7769666, -122.4213874 37.7772422, -122.4230182 37.7770217))",polygon4
Pickup,3,18,POINT(-122.424387700723 37.7766938332243),POINT(-122.424319867807 37.7768448280664),"POLYGON((-122.4246758 37.7768055, -122.4246221 37.7765172, -122.4229484 37.7767334, -122.4230182 37.7770217, -122.4246758 37.7768055))",polygon3
Pickup,6,16,POINT(-122.424726778234 37.7769542755059),POINT(-122.424512132964 37.7766043816932),"POLYGON((-122.4246758 37.7768055, -122.4246221 37.7765172, -122.4229484 37.7767334, -122.4230182 37.7770217, -122.4246758 37.7768055))",polygon3
Dropoff,1,15,POINT(-122.425757138545 37.7765203889702),POINT(-122.425679714975 37.7763171640675),"POLYGON((-122.4263119 37.7766275, -122.4262636 37.7763518, -122.4246221 37.7765172, -122.4246758 37.7768055, -122.4263119 37.7766275))",polygon2
Pickup,2,23,POINT(-122.424387700723 37.7766938332243),POINT(-122.424386836609 37.7768888603648),"POLYGON((-122.4246758 37.7768055, -122.4246221 37.7765172, -122.4229484 37.7767334, -122.4230182 37.7770217, -122.4246758 37.7768055))",polygon3
Dropoff,2,20,POINT(-122.426240775333 37.7763211770386),POINT(-122.426045402584 37.7766179779217),"POLYGON((-122.4263119 37.7766275, -122.4262636 37.7763518, -122.4246221 37.7765172, -122.4246758 37.7768055, -122.4263119 37.7766275))",polygon2
Dropoff,7,19,POINT(-122.425866706624 37.7765055894921),POINT(-122.424897871975 37.7765207086951),"POLYGON((-122.4263119 37.7766275, -122.4262636 37.7763518, -122.4246221 37.7765172, -122.4246758 37.7768055, -122.4263119 37.7766275))",polygon2
Pickup,1,14,POINT(-122.426345331144 37.7766305550962),POINT(-122.42620923575 37.7764591187776),"POLYGON((-122.4263119 37.7766275, -122.4262636 37.7763518, -122.4246221 37.7765172, -122.4246758 37.7768055, -122.4263119 37.7766275))",polygon2
Pickup,4,19,POINT(-122.423864133169 37.7767650064983),POINT(-122.424029697972 37.7768991780854),"POLYGON((-122.4246758 37.7768055, -122.4246221 37.7765172, -122.4229484 37.7767334, -122.4230182 37.7770217, -122.4246758 37.7768055))",polygon3
Pickup,7,21,POINT(-122.424726778234 37.7769542755059),POINT(-122.424215482801 37.7768362216003),"POLYGON((-122.4246758 37.7768055, -122.4246221 37.7765172, -122.4229484 37.7767334, -122.4230182 37.7770217, -122.4246758 37.7768055))",polygon3
Dropoff,6,20,POINT(-122.426457490898 37.7764721777419),POINT(-122.426045402584 37.7766179779217),"POLYGON((-122.4279642 37.7763815, -122.4279159 37.7761441, -122.4262636 37.7763518, -122.4263119 37.7766275, -122.4279642 37.7763815))",polygon1
Dropoff,6,20,POINT(-122.426457490898 37.7764721777419),POINT(-122.426045402584 37.7766179779217),"POLYGON((-122.4263119 37.7766275, -122.4262636 37.7763518, -122.4246221 37.7765172, -122.4246758 37.7768055, -122.4263119 37.7766275))",polygon2
Pickup,2,23,POINT(-122.424387700723 37.7766938332243),POINT(-122.424402822704 37.7768821261017),"POLYGON((-122.4246758 37.7768055, -122.4246221 37.7765172, -122.4229484 37.7767334, -122.4230182 37.7770217, -122.4246758 37.7768055))",polygon3
Dropoff,5,18,POINT(-122.424849741087 37.7766378002019),POINT(-122.424897871975 37.7765207086951),"POLYGON((-122.4263119 37.7766275, -122.4262636 37.7763518, -122.4246221 37.7765172, -122.4246758 37.7768055, -122.4263119 37.7766275))",polygon2
Pickup,1,19,POINT(-122.426333493012 37.7767963137192),POINT(-122.426162315202 37.7765820899648),"POLYGON((-122.4263119 37.7766275, -122.4262636 37.7763518, -122.4246221 37.7765172, -122.4246758 37.7768055, -122.4263119 37.7766275))",polygon2
Dropoff,3,21,POINT(-122.425942661086 37.7765363877665),POINT(-122.426045402584 37.7766179779217),"POLYGON((-122.4263119 37.7766275, -122.4262636 37.7763518, -122.4246221 37.7765172, -122.4246758 37.7768055, -122.4263119 37.7766275))",polygon2
Pickup,3,22,POINT(-122.423001999489 37.7767477208701),POINT(-122.422537531432 37.7769193557848),"POLYGON((-122.4230182 37.7770217, -122.4229484 37.7767334, -122.421323 37.7769666, -122.4213874 37.7772422, -122.4230182 37.7770217))",polygon4
Pickup,3,22,POINT(-122.423001999489 37.7767477208701),POINT(-122.422537531432 37.7769193557848),"POLYGON((-122.4246758 37.7768055, -122.4246221 37.7765172, -122.4229484 37.7767334, -122.4230182 37.7770217, -122.4246758 37.7768055))",polygon3
Pickup,5,21,POINT(-122.424726778234 37.7769542755059),POINT(-122.424993615219 37.7766168850091),"POLYGON((-122.4263119 37.7766275, -122.4262636 37.7763518, -122.4246221 37.7765172, -122.4246758 37.7768055, -122.4263119 37.7766275))",polygon2
Pickup,7,20,POINT(-122.426457490898 37.7764721777419),POINT(-122.426104766213 37.7764839095789),"POLYGON((-122.4279642 37.7763815, -122.4279159 37.7761441, -122.4262636 37.7763518, -122.4263119 37.7766275, -122.4279642 37.7763815))",polygon1
Pickup,7,20,POINT(-122.426457490898 37.7764721777419),POINT(-122.426104766213 37.7764839095789),"POLYGON((-122.4263119 37.7766275, -122.4262636 37.7763518, -122.4246221 37.7765172, -122.4246758 37.7768055, -122.4263119 37.7766275))",polygon2
Pickup,6,19,POINT(-122.423001999489 37.7767477208701),POINT(-122.423113385105 37.7766998693231),"POLYGON((-122.4246758 37.7768055, -122.4246221 37.7765172, -122.4229484 37.7767334, -122.4230182 37.7770217, -122.4246758 37.7768055))",polygon3
Pickup,6,11,POINT(-122.423209475626 37.776820223827),POINT(-122.42313472896 37.7768086071407),"POLYGON((-122.4246758 37.7768055, -122.4246221 37.7765172, -122.4229484 37.7767334, -122.4230182 37.7770217, -122.4246758 37.7768055))",polygon3
Pickup,3,20,POINT(-122.425642817785 37.7765785973798),POINT(-122.425647829582 37.776579018719),"POLYGON((-122.4263119 37.7766275, -122.4262636 37.7763518, -122.4246221 37.7765172, -122.4246758 37.7768055, -122.4263119 37.7766275))",polygon2
Pickup,2,12,POINT(-122.424726778234 37.7769542755059),POINT(-122.425001565015 37.7765045913798),"POLYGON((-122.4263119 37.7766275, -122.4262636 37.7763518, -122.4246221 37.7765172, -122.4246758 37.7768055, -122.4263119 37.7766275))",polygon2
Pickup,4,10,POINT(-122.421148608457 37.7771766722894),POINT(-122.421396789161 37.7770309202862),"POLYGON((-122.4230182 37.7770217, -122.4229484 37.7767334, -122.421323 37.7769666, -122.4213874 37.7772422, -122.4230182 37.7770217))",polygon4
Pickup,6,19,POINT(-122.42483021221 37.7766853906467),POINT(-122.423924707796 37.7767567722038),"POLYGON((-122.4246758 37.7768055, -122.4246221 37.7765172, -122.4229484 37.7767334, -122.4230182 37.7770217, -122.4246758 37.7768055))",polygon3
Pickup,6,19,POINT(-122.42483021221 37.7766853906467),POINT(-122.423924707796 37.7767567722038),"POLYGON((-122.4263119 37.7766275, -122.4262636 37.7763518, -122.4246221 37.7765172, -122.4246758 37.7768055, -122.4263119 37.7766275))",polygon2
Pickup,6,11,POINT(-122.425178879877 37.7765960339293),POINT(-122.425164708525 37.776442272019),"POLYGON((-122.4263119 37.7766275, -122.4262636 37.7763518, -122.4246221 37.7765172, -122.4246758 37.7768055, -122.4263119 37.7766275))",polygon2
Dropoff,7,12,POINT(-122.423001999489 37.7767477208701),POINT(-122.423408482964 37.7767098007088),"POLYGON((-122.4246758 37.7768055, -122.4246221 37.7765172, -122.4229484 37.7767334, -122.4230182 37.7770217, -122.4246758 37.7768055))",polygon3
Dropoff,1,4,POINT(-122.423608786105 37.7767970128174),POINT(-122.423604119858 37.7766909977582),"POLYGON((-122.4246758 37.7768055, -122.4246221 37.7765172, -122.4229484 37.7767334, -122.4230182 37.7770217, -122.4246758 37.7768055))",polygon3
Dropoff,4,19,POINT(-122.423425333329 37.7768612136313),POINT(-122.423176811772 37.7770403719393),"POLYGON((-122.4246758 37.7768055, -122.4246221 37.7765172, -122.4229484 37.7767334, -122.4230182 37.7770217, -122.4246758 37.7768055))",polygon3
Pickup,1,17,POINT(-122.423001999489 37.7767477208701),POINT(-122.422116267928 37.7770484031118),"POLYGON((-122.4230182 37.7770217, -122.4229484 37.7767334, -122.421323 37.7769666, -122.4213874 37.7772422, -122.4230182 37.7770217))",polygon4
Pickup,1,17,POINT(-122.423001999489 37.7767477208701),POINT(-122.422116267928 37.7770484031118),"POLYGON((-122.4246758 37.7768055, -122.4246221 37.7765172, -122.4229484 37.7767334, -122.4230182 37.7770217, -122.4246758 37.7768055))",polygon3
Pickup,6,15,POINT(-122.424655057037 37.7768302824437),POINT(-122.424278390333 37.7767935370037),"POLYGON((-122.4246758 37.7768055, -122.4246221 37.7765172, -122.4229484 37.7767334, -122.4230182 37.7770217, -122.4246758 37.7768055))",polygon3
Dropoff,7,12,POINT(-122.424655057037 37.7768302824437),POINT(-122.423408482964 37.7767098007088),"POLYGON((-122.4246758 37.7768055, -122.4246221 37.7765172, -122.4229484 37.7767334, -122.4230182 37.7770217, -122.4246758 37.7768055))",polygon3
Pickup,4,17,POINT(-122.421528829352 37.7771072160929),POINT(-122.421325065689 37.7766789320124),"POLYGON((-122.4230182 37.7770217, -122.4229484 37.7767334, -122.421323 37.7769666, -122.4213874 37.7772422, -122.4230182 37.7770217))",polygon4
Pickup,6,13,POINT(-122.424655057037 37.7768302824437),POINT(-122.42487860234 37.7767029310526),"POLYGON((-122.4263119 37.7766275, -122.4262636 37.7763518, -122.4246221 37.7765172, -122.4246758 37.7768055, -122.4263119 37.7766275))",polygon2
Dropoff,7,0,POINT(-122.422732219409 37.7768991019104),POINT(-122.423604119858 37.7766909977582),"POLYGON((-122.4230182 37.7770217, -122.4229484 37.7767334, -122.421323 37.7769666, -122.4213874 37.7772422, -122.4230182 37.7770217))",polygon4
Dropoff,7,0,POINT(-122.422732219409 37.7768991019104),POINT(-122.423604119858 37.7766909977582),"POLYGON((-122.4246758 37.7768055, -122.4246221 37.7765172, -122.4229484 37.7767334, -122.4230182 37.7770217, -122.4246758 37.7768055))",polygon3
Dropoff,7,14,POINT(-122.423001999489 37.7767477208701),POINT(-122.42313325995 37.7767721273771),"POLYGON((-122.4246758 37.7768055, -122.4246221 37.7765172, -122.4229484 37.7767334, -122.4230182 37.7770217, -122.4246758 37.7768055))",polygon3
Dropoff,1,11,POINT(-122.424849741087 37.7766378002019),POINT(-122.424737579614 37.7763838266664),"POLYGON((-122.4263119 37.7766275, -122.4262636 37.7763518, -122.4246221 37.7765172, -122.4246758 37.7768055, -122.4263119 37.7766275))",polygon2
Dropoff,7,12,POINT(-122.423001999489 37.7767477208701),POINT(-122.423255533372 37.7770072188445),"POLYGON((-122.4246758 37.7768055, -122.4246221 37.7765172, -122.4229484 37.7767334, -122.4230182 37.7770217, -122.4246758 37.7768055))",polygon3
Pickup,6,21,POINT(-122.42483021221 37.7766853906467),POINT(-122.424548425673 37.7764888228422),"POLYGON((-122.4263119 37.7766275, -122.4262636 37.7763518, -122.4246221 37.7765172, -122.4246758 37.7768055, -122.4263119 37.7766275))",polygon2
Pickup,7,18,POINT(-122.426284066636 37.776333305778),POINT(-122.425939031863 37.7765457917121),"POLYGON((-122.4263119 37.7766275, -122.4262636 37.7763518, -122.4246221 37.7765172, -122.4246758 37.7768055, -122.4263119 37.7766275))",polygon2
Pickup,4,17,POINT(-122.424930103239 37.7766729872008),POINT(-122.42580198543 37.776588671838),"POLYGON((-122.4263119 37.7766275, -122.4262636 37.7763518, -122.4246221 37.7765172, -122.4246758 37.7768055, -122.4263119 37.7766275))",polygon2
Dropoff,2,13,POINT(-122.425648520864 37.7765348959759),POINT(-122.425618709309 37.7763708237297),"POLYGON((-122.4263119 37.7766275, -122.4262636 37.7763518, -122.4246221 37.7765172, -122.4246758 37.7768055, -122.4263119 37.7766275))",polygon2
Pickup,7,17,POINT(-122.426240775333 37.7763211770386),POINT(-122.425941537755 37.7765187039944),"POLYGON((-122.4263119 37.7766275, -122.4262636 37.7763518, -122.4246221 37.7765172, -122.4246758 37.7768055, -122.4263119 37.7766275))",polygon2
Dropoff,3,10,POINT(-122.421877075918 37.7770096418963),POINT(-122.42182228981 37.7768783998537),"POLYGON((-122.4230182 37.7770217, -122.4229484 37.7767334, -122.421323 37.7769666, -122.4213874 37.7772422, -122.4230182 37.7770217))",polygon4
Pickup,7,18,POINT(-122.426357342094 37.7766968692258),POINT(-122.425552259755 37.7766036886367),"POLYGON((-122.4263119 37.7766275, -122.4262636 37.7763518, -122.4246221 37.7765172, -122.4246758 37.7768055, -122.4263119 37.7766275))",polygon2
Dropoff,5,18,POINT(-122.422733688425 37.7764490718287),POINT(-122.422814397848 37.776811887749),"POLYGON((-122.4230182 37.7770217, -122.4229484 37.7767334, -122.421323 37.7769666, -122.4213874 37.7772422, -122.4230182 37.7770217))",polygon4
Pickup,5,20,POINT(-122.425113207741 37.7766043103469),POINT(-122.424983591562 37.7765865990948),"POLYGON((-122.4263119 37.7766275, -122.4262636 37.7763518, -122.4246221 37.7765172, -122.4246758 37.7768055, -122.4263119 37.7766275))",polygon2
Dropoff,6,23,POINT(-122.422733688425 37.7764490718287),POINT(-122.42254081512 37.7768266710287),"POLYGON((-122.4230182 37.7770217, -122.4229484 37.7767334, -122.421323 37.7769666, -122.4213874 37.7772422, -122.4230182 37.7770217))",polygon4
Dropoff,5,19,POINT(-122.423367091543 37.7768286725309),POINT(-122.423408482964 37.7767098007088),"POLYGON((-122.4246758 37.7768055, -122.4246221 37.7765172, -122.4229484 37.7767334, -122.4230182 37.7770217, -122.4246758 37.7768055))",polygon3
Dropoff,7,1,POINT(-122.425860917147 37.7765480088597),POINT(-122.425889432481 37.7766751845954),"POLYGON((-122.4263119 37.7766275, -122.4262636 37.7763518, -122.4246221 37.7765172, -122.4246758 37.7768055, -122.4263119 37.7766275))",polygon2
Dropoff,1,10,POINT(-122.425212839269 37.776634806121),POINT(-122.425217419033 37.7768120914548),"POLYGON((-122.4263119 37.7766275, -122.4262636 37.7763518, -122.4246221 37.7765172, -122.4246758 37.7768055, -122.4263119 37.7766275))",polygon2
Dropoff,1,22,POINT(-122.422149364178 37.7770303003757),POINT(-122.422184879986 37.7772472198211),"POLYGON((-122.4230182 37.7770217, -122.4229484 37.7767334, -122.421323 37.7769666, -122.4213874 37.7772422, -122.4230182 37.7770217))",polygon4
Pickup,1,15,POINT(-122.425866706624 37.7765055894921),POINT(-122.426140799142 37.7763381155426),"POLYGON((-122.4263119 37.7766275, -122.4262636 37.7763518, -122.4246221 37.7765172, -122.4246758 37.7768055, -122.4263119 37.7766275))",polygon2
Pickup,3,21,POINT(-122.424849741087 37.7766378002019),POINT(-122.424864258125 37.7766475842217),"POLYGON((-122.4263119 37.7766275, -122.4262636 37.7763518, -122.4246221 37.7765172, -122.4246758 37.7768055, -122.4263119 37.7766275))",polygon2
Pickup,1,1,POINT(-122.424655057037 37.7768302824437),POINT(-122.424324879667 37.7766453989391),"POLYGON((-122.4246758 37.7768055, -122.4246221 37.7765172, -122.4229484 37.7767334, -122.4230182 37.7770217, -122.4246758 37.7768055))",polygon3
Pickup,6,17,POINT(-122.426457490898 37.7764721777419),POINT(-122.426031663399 37.7765411448939),"POLYGON((-122.4279642 37.7763815, -122.4279159 37.7761441, -122.4262636 37.7763518, -122.4263119 37.7766275, -122.4279642 37.7763815))",polygon1
Pickup,6,17,POINT(-122.426457490898 37.7764721777419),POINT(-122.426031663399 37.7765411448939),"POLYGON((-122.4263119 37.7766275, -122.4262636 37.7763518, -122.4246221 37.7765172, -122.4246758 37.7768055, -122.4263119 37.7766275))",polygon2
Pickup,3,20,POINT(-122.426284066636 37.776333305778),POINT(-122.425962535395 37.7766428123097),"POLYGON((-122.4263119 37.7766275, -122.4262636 37.7763518, -122.4246221 37.7765172, -122.4246758 37.7768055, -122.4263119 37.7766275))",polygon2
Pickup,2,15,POINT(-122.424655057037 37.7768302824437),POINT(-122.425065422595 37.7765647015508),"POLYGON((-122.4263119 37.7766275, -122.4262636 37.7763518, -122.4246221 37.7765172, -122.4246758 37.7768055, -122.4263119 37.7766275))",polygon2
Pickup,7,0,POINT(-122.425860917147 37.7765480088597),POINT(-122.425864373551 37.7765324059736),"POLYGON((-122.4263119 37.7766275, -122.4262636 37.7763518, -122.4246221 37.7765172, -122.4246758 37.7768055, -122.4263119 37.7766275))",polygon2
Pickup,1,20,POINT(-122.424655057037 37.7768302824437),POINT(-122.424825891662 37.7767056213008),"POLYGON((-122.4263119 37.7766275, -122.4262636 37.7763518, -122.4246221 37.7765172, -122.4246758 37.7768055, -122.4263119 37.7766275))",polygon2
Dropoff,3,15,POINT(-122.421163385249 37.7770887404333),POINT(-122.422115663035 37.776883123342),"POLYGON((-122.4230182 37.7770217, -122.4229484 37.7767334, -122.421323 37.7769666, -122.4213874 37.7772422, -122.4230182 37.7770217))",polygon4
Pickup,6,20,POINT(-122.426284066636 37.776333305778),POINT(-122.426145378866 37.776409841881),"POLYGON((-122.4263119 37.7766275, -122.4262636 37.7763518, -122.4246221 37.7765172, -122.4246758 37.7768055, -122.4263119 37.7766275))",polygon2
Pickup,7,17,POINT(-122.424655057037 37.7768302824437),POINT(-122.42405527581 37.7766823003838),"POLYGON((-122.4246758 37.7768055, -122.4246221 37.7765172, -122.4229484 37.7767334, -122.4230182 37.7770217, -122.4246758 37.7768055))",polygon3
Pickup,2,17,POINT(-122.424849741087 37.7766378002019),POINT(-122.42494600284 37.7765842747952),"POLYGON((-122.4263119 37.7766275, -122.4262636 37.7763518, -122.4246221 37.7765172, -122.4246758 37.7768055, -122.4263119 37.7766275))",polygon2
Pickup,6,20,POINT(-122.423001999489 37.7767477208701),POINT(-122.422986013181 37.7770019981313),"POLYGON((-122.4230182 37.7770217, -122.4229484 37.7767334, -122.421323 37.7769666, -122.4213874 37.7772422, -122.4230182 37.7770217))",polygon4
Pickup,6,20,POINT(-122.423001999489 37.7767477208701),POINT(-122.422986013181 37.7770019981313),"POLYGON((-122.4246758 37.7768055, -122.4246221 37.7765172, -122.4229484 37.7767334, -122.4230182 37.7770217, -122.4246758 37.7768055))",polygon3
Pickup,5,22,POINT(-122.426240775333 37.7763211770386),POINT(-122.426073917869 37.7764901993318),"POLYGON((-122.4263119 37.7766275, -122.4262636 37.7763518, -122.4246221 37.7765172, -122.4246758 37.7768055, -122.4263119 37.7766275))",polygon2
Dropoff,4,21,POINT(-122.426240775333 37.7763211770386),POINT(-122.426045402584 37.7766179779217),"POLYGON((-122.4263119 37.7766275, -122.4262636 37.7763518, -122.4246221 37.7765172, -122.4246758 37.7768055, -122.4263119 37.7766275))",polygon2
Dropoff,2,13,POINT(-122.425533595113 37.7765932903383),POINT(-122.425557703608 37.7766774756103),"POLYGON((-122.4263119 37.7766275, -122.4262636 37.7763518, -122.4246221 37.7765172, -122.4246758 37.7768055, -122.4263119 37.7766275))",polygon2
Pickup,6,0,POINT(-122.424387700723 37.7766938332243),POINT(-122.424392366934 37.7767581182638),"POLYGON((-122.4246758 37.7768055, -122.4246221 37.7765172, -122.4229484 37.7767334, -122.4230182 37.7770217, -122.4246758 37.7768055))",polygon3
Dropoff,1,14,POINT(-122.426284066636 37.776333305778),POINT(-122.426045402584 37.7766179779217),"POLYGON((-122.4263119 37.7766275, -122.4262636 37.7763518, -122.4246221 37.7765172, -122.4246758 37.7768055, -122.4263119 37.7766275))",polygon2
Pickup,1,18,POINT(-122.426345331144 37.7766305550962),POINT(-122.4262749072 37.7763599682961),"POLYGON((-122.4279642 37.7763815, -122.4279159 37.7761441, -122.4262636 37.7763518, -122.4263119 37.7766275, -122.4279642 37.7763815))",polygon1
Dropoff,2,17,POINT(-122.425135069654 37.7766015119388),POINT(-122.425094024557 37.7764978903963),"POLYGON((-122.4263119 37.7766275, -122.4262636 37.7763518, -122.4246221 37.7765172, -122.4246758 37.7768055, -122.4263119 37.7766275))",polygon2
Pickup,4,21,POINT(-122.423209475626 37.776820223827),POINT(-122.422978668119 37.776897097543),"POLYGON((-122.4230182 37.7770217, -122.4229484 37.7767334, -122.421323 37.7769666, -122.4213874 37.7772422, -122.4230182 37.7770217))",polygon4
Pickup,6,20,POINT(-122.426492832429 37.7764272114263),POINT(-122.42611746847 37.7765784365339),"POLYGON((-122.4279642 37.7763815, -122.4279159 37.7761441, -122.4262636 37.7763518, -122.4263119 37.7766275, -122.4279642 37.7763815))",polygon1
Pickup,6,20,POINT(-122.426492832429 37.7764272114263),POINT(-122.42611746847 37.7765784365339),"POLYGON((-122.4263119 37.7766275, -122.4262636 37.7763518, -122.4246221 37.7765172, -122.4246758 37.7768055, -122.4263119 37.7766275))",polygon2
Dropoff,6,17,POINT(-122.422733688425 37.7764490718287),POINT(-122.422814397848 37.776811887749),"POLYGON((-122.4230182 37.7770217, -122.4229484 37.7767334, -122.421323 37.7769666, -122.4213874 37.7772422, -122.4230182 37.7770217))",polygon4
Pickup,5,9,POINT(-122.423447627655 37.7768582826874),POINT(-122.423461280766 37.7768896337432),"POLYGON((-122.4246758 37.7768055, -122.4246221 37.7765172, -122.4229484 37.7767334, -122.4230182 37.7770217, -122.4246758 37.7768055))",polygon3
Dropoff,3,22,POINT(-122.421163385249 37.7770887404333),POINT(-122.422101836922 37.77709966012),"POLYGON((-122.4230182 37.7770217, -122.4229484 37.7767334, -122.421323 37.7769666, -122.4213874 37.7772422, -122.4230182 37.7770217))",polygon4
Dropoff,3,9,POINT(-122.424655057037 37.7768302824437),POINT(-122.424799709135 37.7767751050329),"POLYGON((-122.4263119 37.7766275, -122.4262636 37.7763518, -122.4246221 37.7765172, -122.4246758 37.7768055, -122.4263119 37.7766275))",polygon2
Pickup,6,22,POINT(-122.422644164838 37.7769104068418),POINT(-122.422592403579 37.7768933926391),"POLYGON((-122.4230182 37.7770217, -122.4229484 37.7767334, -122.421323 37.7769666, -122.4213874 37.7772422, -122.4230182 37.7770217))",polygon4
Dropoff,3,17,POINT(-122.425860917147 37.7765480088597),POINT(-122.425889432481 37.7766751845954),"POLYGON((-122.4263119 37.7766275, -122.4262636 37.7763518, -122.4246221 37.7765172, -122.4246758 37.7768055, -122.4263119 37.7766275))",polygon2
Pickup,5,23,POINT(-122.424655057037 37.7768302824437),POINT(-122.424403427584 37.7767118964798),"POLYGON((-122.4246758 37.7768055, -122.4246221 37.7765172, -122.4229484 37.7767334, -122.4230182 37.7770217, -122.4246758 37.7768055))",polygon3
Dropoff,1,3,POINT(-122.424890094992 37.7766780953956),POINT(-122.424819065195 37.7768963022535),"POLYGON((-122.4263119 37.7766275, -122.4262636 37.7763518, -122.4246221 37.7765172, -122.4246758 37.7768055, -122.4263119 37.7766275))",polygon2
Dropoff,4,22,POINT(-122.422085072758 37.7770384405069),POINT(-122.422110737483 37.7771039747568),"POLYGON((-122.4230182 37.7770217, -122.4229484 37.7767334, -122.421323 37.7769666, -122.4213874 37.7772422, -122.4230182 37.7770217))",polygon4
Dropoff,7,15,POINT(-122.424726778234 37.7769542755059),POINT(-122.424319867807 37.7768448280664),"POLYGON((-122.4246758 37.7768055, -122.4246221 37.7765172, -122.4229484 37.7767334, -122.4230182 37.7770217, -122.4246758 37.7768055))",polygon3
Pickup,4,20,POINT(-122.42332198438 37.7768290232458),POINT(-122.423034404161 37.7768976947025),"POLYGON((-122.4246758 37.7768055, -122.4246221 37.7765172, -122.4229484 37.7767334, -122.4230182 37.7770217, -122.4246758 37.7768055))",polygon3
Pickup,4,19,POINT(-122.425178879877 37.7765960339293),POINT(-122.425154684885 37.7765154370604),"POLYGON((-122.4263119 37.7766275, -122.4262636 37.7763518, -122.4246221 37.7765172, -122.4246758 37.7768055, -122.4263119 37.7766275))",polygon2
Dropoff,3,20,POINT(-122.42401846446 37.7767878407125),POINT(-122.424029697972 37.7768991780854),"POLYGON((-122.4246758 37.7768055, -122.4246221 37.7765172, -122.4229484 37.7767334, -122.4230182 37.7770217, -122.4246758 37.7768055))",polygon3
Dropoff,5,18,POINT(-122.42401846446 37.7767878407125),POINT(-122.423954260597 37.7769130015034),"POLYGON((-122.4246758 37.7768055, -122.4246221 37.7765172, -122.4229484 37.7767334, -122.4230182 37.7770217, -122.4246758 37.7768055))",polygon3
Dropoff,3,18,POINT(-122.425844758454 37.7765086327269),POINT(-122.425845795375 37.7764093706272),"POLYGON((-122.4263119 37.7766275, -122.4262636 37.7763518, -122.4246221 37.7765172, -122.4246758 37.7768055, -122.4263119 37.7766275))",polygon2
Pickup,7,11,POINT(-122.427574588593 37.7763292103275),POINT(-122.427596277176 37.7764137022396),"POLYGON((-122.4279642 37.7763815, -122.4279159 37.7761441, -122.4262636 37.7763518, -122.4263119 37.7766275, -122.4279642 37.7763815))",polygon1
Pickup,1,21,POINT(-122.426284066636 37.776333305778),POINT(-122.426175708731 37.7765246822171),"POLYGON((-122.4263119 37.7766275, -122.4262636 37.7763518, -122.4246221 37.7765172, -122.4246758 37.7768055, -122.4263119 37.7766275))",polygon2
Pickup,4,10,POINT(-122.424849741087 37.7766378002019),POINT(-122.424380614993 37.7768528249401),"POLYGON((-122.4263119 37.7766275, -122.4262636 37.7763518, -122.4246221 37.7765172, -122.4246758 37.7768055, -122.4263119 37.7766275))",polygon2
Pickup,6,15,POINT(-122.424655057037 37.7768302824437),POINT(-122.424356333405 37.7767862125793),"POLYGON((-122.4246758 37.7768055, -122.4246221 37.7765172, -122.4229484 37.7767334, -122.4230182 37.7770217, -122.4246758 37.7768055))",polygon3
Dropoff,5,22,POINT(-122.424387700723 37.7766938332243),POINT(-122.424380614993 37.7768528249401),"POLYGON((-122.4246758 37.7768055, -122.4246221 37.7765172, -122.4229484 37.7767334, -122.4230182 37.7770217, -122.4246758 37.7768055))",polygon3
Pickup,5,23,POINT(-122.424387700723 37.7766938332243),POINT(-122.424391675644 37.7767767965036),"POLYGON((-122.4246758 37.7768055, -122.4246221 37.7765172, -122.4229484 37.7767334, -122.4230182 37.7770217, -122.4246758 37.7768055))",polygon3
Pickup,7,16,POINT(-122.423001999489 37.7767477208701),POINT(-122.423269964219 37.776921575052),"POLYGON((-122.4246758 37.7768055, -122.4246221 37.7765172, -122.4229484 37.7767334, -122.4230182 37.7770217, -122.4246758 37.7768055))",polygon3
Pickup,2,21,POINT(-122.426457490898 37.7764721777419),POINT(-122.425850634342 37.7764839252752),"POLYGON((-122.4279642 37.7763815, -122.4279159 37.7761441, -122.4262636 37.7763518, -122.4263119 37.7766275, -122.4279642 37.7763815))",polygon1
Pickup,2,21,POINT(-122.426457490898 37.7764721777419),POINT(-122.425850634342 37.7764839252752),"POLYGON((-122.4263119 37.7766275, -122.4262636 37.7763518, -122.4246221 37.7765172, -122.4246758 37.7768055, -122.4263119 37.7766275))",polygon2
Dropoff,7,18,POINT(-122.422733688425 37.7764490718287),POINT(-122.422814397848 37.776811887749),"POLYGON((-122.4230182 37.7770217, -122.4229484 37.7767334, -122.421323 37.7769666, -122.4213874 37.7772422, -122.4230182 37.7770217))",polygon4
Pickup,3,13,POINT(-122.424726778234 37.7769542755059),POINT(-122.424680634722 37.7766182034767),"POLYGON((-122.4263119 37.7766275, -122.4262636 37.7763518, -122.4246221 37.7765172, -122.4246758 37.7768055, -122.4263119 37.7766275))",polygon2
Pickup,2,11,POINT(-122.424655057037 37.7768302824437),POINT(-122.424776637398 37.7766128121447),"POLYGON((-122.4263119 37.7766275, -122.4262636 37.7763518, -122.4246221 37.7765172, -122.4246758 37.7768055, -122.4263119 37.7766275))",polygon2
Dropoff,7,15,POINT(-122.424849741087 37.7766378002019),POINT(-122.424737579614 37.7763838266664),"POLYGON((-122.4263119 37.7766275, -122.4262636 37.7763518, -122.4246221 37.7765172, -122.4246758 37.7768055, -122.4263119 37.7766275))",polygon2
Pickup,7,13,POINT(-122.425648520864 37.7765348959759),POINT(-122.425618709309 37.7763708237297),"POLYGON((-122.4263119 37.7766275, -122.4262636 37.7763518, -122.4246221 37.7765172, -122.4246758 37.7768055, -122.4263119 37.7766275))",polygon2
Dropoff,7,17,POINT(-122.424655057037 37.7768302824437),POINT(-122.424319867807 37.7768448280664),"POLYGON((-122.4246758 37.7768055, -122.4246221 37.7765172, -122.4229484 37.7767334, -122.4230182 37.7770217, -122.4246758 37.7768055))",polygon3
Dropoff,6,16,POINT(-122.423115718239 37.776394319937),POINT(-122.422615821447 37.7768010587368),"POLYGON((-122.4230182 37.7770217, -122.4229484 37.7767334, -122.421323 37.7769666, -122.4213874 37.7772422, -122.4230182 37.7770217))",polygon4
Pickup,3,22,POINT(-122.423209475626 37.776820223827),POINT(-122.422578577529 37.7767672933812),"POLYGON((-122.4246758 37.7768055, -122.4246221 37.7765172, -122.4229484 37.7767334, -122.4230182 37.7770217, -122.4246758 37.7768055))",polygon3
Pickup,5,11,POINT(-122.425730092148 37.7765665113315),POINT(-122.425780987758 37.7767240251403),"POLYGON((-122.4263119 37.7766275, -122.4262636 37.7763518, -122.4246221 37.7765172, -122.4246758 37.7768055, -122.4263119 37.7766275))",polygon2
Dropoff,5,19,POINT(-122.426457490898 37.7764721777419),POINT(-122.426045402584 37.7766179779217),"POLYGON((-122.4279642 37.7763815, -122.4279159 37.7761441, -122.4262636 37.7763518, -122.4263119 37.7766275, -122.4279642 37.7763815))",polygon1
Dropoff,5,19,POINT(-122.426457490898 37.7764721777419),POINT(-122.426045402584 37.7766179779217),"POLYGON((-122.4263119 37.7766275, -122.4262636 37.7763518, -122.4246221 37.7765172, -122.4246758 37.7768055, -122.4263119 37.7766275))",polygon2
Pickup,6,23,POINT(-122.424762638814 37.7761943702403),POINT(-122.424739912712 37.776544283711),"POLYGON((-122.4263119 37.7766275, -122.4262636 37.7763518, -122.4246221 37.7765172, -122.4246758 37.7768055, -122.4263119 37.7766275))",polygon2
Pickup,2,18,POINT(-122.423330798425 37.7768281299506),POINT(-122.423249398101 37.7768568725577),"POLYGON((-122.4246758 37.7768055, -122.4246221 37.7765172, -122.4229484 37.7767334, -122.4230182 37.7770217, -122.4246758 37.7768055))",polygon3
Pickup,3,19,POINT(-122.425942661086 37.7765363877665),POINT(-122.42597955817 37.7765067914339),"POLYGON((-122.4263119 37.7766275, -122.4262636 37.7763518, -122.4246221 37.7765172, -122.4246758 37.7768055, -122.4263119 37.7766275))",polygon2
Dropoff,2,16,POINT(-122.421148608457 37.7771766722894),POINT(-122.421749616081 37.7769419707743),"POLYGON((-122.4230182 37.7770217, -122.4229484 37.7767334, -122.421323 37.7769666, -122.4213874 37.7772422, -122.4230182 37.7770217))",polygon4
Pickup,5,17,POINT(-122.42410383912 37.7767769949933),POINT(-122.425002774767 37.7765249385779),"POLYGON((-122.4246758 37.7768055, -122.4246221 37.7765172, -122.4229484 37.7767334, -122.4230182 37.7770217, -122.4246758 37.7768055))",polygon3
Pickup,5,17,POINT(-122.42410383912 37.7767769949933),POINT(-122.425002774767 37.7765249385779),"POLYGON((-122.4263119 37.7766275, -122.4262636 37.7763518, -122.4246221 37.7765172, -122.4246758 37.7768055, -122.4263119 37.7766275))",polygon2
Pickup,3,15,POINT(-122.423757760237 37.7767785297617),POINT(-122.423766401422 37.7768115675927),"POLYGON((-122.4246758 37.7768055, -122.4246221 37.7765172, -122.4229484 37.7767334, -122.4230182 37.7770217, -122.4246758 37.7768055))",polygon3
Pickup,6,15,POINT(-122.423001999489 37.7767477208701),POINT(-122.423120298095 37.776840380527),"POLYGON((-122.4246758 37.7768055, -122.4246221 37.7765172, -122.4229484 37.7767334, -122.4230182 37.7770217, -122.4246758 37.7768055))",polygon3
Pickup,1,19,POINT(-122.423115718239 37.776394319937),POINT(-122.423061710489 37.7768161605392),"POLYGON((-122.4246758 37.7768055, -122.4246221 37.7765172, -122.4229484 37.7767334, -122.4230182 37.7770217, -122.4246758 37.7768055))",polygon3
Pickup,4,8,POINT(-122.425066718757 37.7761542057578),POINT(-122.424692732274 37.7765494167412),"POLYGON((-122.4263119 37.7766275, -122.4262636 37.7763518, -122.4246221 37.7765172, -122.4246758 37.7768055, -122.4263119 37.7766275))",polygon2
Pickup,7,20,POINT(-122.424890094992 37.7766780953956),POINT(-122.424858122949 37.7768004672672),"POLYGON((-122.4263119 37.7766275, -122.4262636 37.7763518, -122.4246221 37.7765172, -122.4246758 37.7768055, -122.4263119 37.7766275))",polygon2
Pickup,5,11,POINT(-122.425060583592 37.7766556825119),POINT(-122.425053325086 37.7766451199977),"POLYGON((-122.4263119 37.7766275, -122.4262636 37.7763518, -122.4246221 37.7765172, -122.4246758 37.7768055, -122.4263119 37.7766275))",polygon2
Dropoff,2,19,POINT(-122.426580970181 37.7764157312895),POINT(-122.426418692969 37.776313415173),"POLYGON((-122.4279642 37.7763815, -122.4279159 37.7761441, -122.4262636 37.7763518, -122.4263119 37.7766275, -122.4279642 37.7763815))",polygon1
Dropoff,3,18,POINT(-122.422733688425 37.7764490718287),POINT(-122.422814397848 37.776811887749),"POLYGON((-122.4230182 37.7770217, -122.4229484 37.7767334, -122.421323 37.7769666, -122.4213874 37.7772422, -122.4230182 37.7770217))",polygon4
Dropoff,7,11,POINT(-122.423425333329 37.7768612136313),POINT(-122.422994740841 37.7768869199917),"POLYGON((-122.4246758 37.7768055, -122.4246221 37.7765172, -122.4229484 37.7767334, -122.4230182 37.7770217, -122.4246758 37.7768055))",polygon3
Dropoff,6,14,POINT(-122.424890094992 37.7766780953956),POINT(-122.424921721383 37.7768112943597),"POLYGON((-122.4263119 37.7766275, -122.4262636 37.7763518, -122.4246221 37.7765172, -122.4246758 37.7768055, -122.4263119 37.7766275))",polygon2
Dropoff,5,18,POINT(-122.42332198438 37.7768290232458),POINT(-122.422740342202 37.7771040893142),"POLYGON((-122.4246758 37.7768055, -122.4246221 37.7765172, -122.4229484 37.7767334, -122.4230182 37.7770217, -122.4246758 37.7768055))",polygon3
Pickup,4,16,POINT(-122.426457490898 37.7764721777419),POINT(-122.426247774527 37.7763765289116),"POLYGON((-122.4279642 37.7763815, -122.4279159 37.7761441, -122.4262636 37.7763518, -122.4263119 37.7766275, -122.4279642 37.7763815))",polygon1
Pickup,4,16,POINT(-122.426457490898 37.7764721777419),POINT(-122.426247774527 37.7763765289116),"POLYGON((-122.4263119 37.7766275, -122.4262636 37.7763518, -122.4246221 37.7765172, -122.4246758 37.7768055, -122.4263119 37.7766275))",polygon2
Dropoff,3,14,POINT(-122.42483021221 37.7766853906467),POINT(-122.424799709135 37.7767751050329),"POLYGON((-122.4263119 37.7766275, -122.4262636 37.7763518, -122.4246221 37.7765172, -122.4246758 37.7768055, -122.4263119 37.7766275))",polygon2
Dropoff,4,17,POINT(-122.421647302445 37.7770384299589),POINT(-122.421574196526 37.7769286702654),"POLYGON((-122.4230182 37.7770217, -122.4229484 37.7767334, -122.421323 37.7769666, -122.4213874 37.7772422, -122.4230182 37.7770217))",polygon4
Pickup,1,15,POINT(-122.421163385249 37.7770887404333),POINT(-122.421439304738 37.7769951628364),"POLYGON((-122.4230182 37.7770217, -122.4229484 37.7767334, -122.421323 37.7769666, -122.4213874 37.7772422, -122.4230182 37.7770217))",polygon4
Pickup,4,21,POINT(-122.425384277859 37.7766123184562),POINT(-122.425377797071 37.776611403841),"POLYGON((-122.4263119 37.7766275, -122.4262636 37.7763518, -122.4246221 37.7765172, -122.4246758 37.7768055, -122.4263119 37.7766275))",polygon2
Dropoff,2,10,POINT(-122.42249026359 37.7769304031244),POINT(-122.422449131046 37.7767711898968),"POLYGON((-122.4230182 37.7770217, -122.4229484 37.7767334, -122.421323 37.7769666, -122.4213874 37.7772422, -122.4230182 37.7770217))",polygon4
Dropoff,4,18,POINT(-122.42332198438 37.7768290232458),POINT(-122.422740342202 37.7771040893142),"POLYGON((-122.4246758 37.7768055, -122.4246221 37.7765172, -122.4229484 37.7767334, -122.4230182 37.7770217, -122.4246758 37.7768055))",polygon3
Pickup,2,18,POINT(-122.426492832429 37.7764272114263),POINT(-122.426139330174 37.7765188602747),"POLYGON((-122.4279642 37.7763815, -122.4279159 37.7761441, -122.4262636 37.7763518, -122.4263119 37.7766275, -122.4279642 37.7763815))",polygon1
Pickup,2,18,POINT(-122.426492832429 37.7764272114263),POINT(-122.426139330174 37.7765188602747),"POLYGON((-122.4263119 37.7766275, -122.4262636 37.7763518, -122.4246221 37.7765172, -122.4246758 37.7768055, -122.4263119 37.7766275))",polygon2
Pickup,6,20,POINT(-122.424287636355 37.7761765994006),POINT(-122.424327817654 37.7767356603794),"POLYGON((-122.4246758 37.7768055, -122.4246221 37.7765172, -122.4229484 37.7767334, -122.4230182 37.7770217, -122.4246758 37.7768055))",polygon3
Pickup,3,18,POINT(-122.423864133169 37.7767650064983),POINT(-122.423870441227 37.7769192976038),"POLYGON((-122.4246758 37.7768055, -122.4246221 37.7765172, -122.4229484 37.7767334, -122.4230182 37.7770217, -122.4246758 37.7768055))",polygon3
Pickup,4,19,POINT(-122.424726778234 37.7769542755059),POINT(-122.424610036839 37.7765652549263),"POLYGON((-122.4246758 37.7768055, -122.4246221 37.7765172, -122.4229484 37.7767334, -122.4230182 37.7770217, -122.4246758 37.7768055))",polygon3
Pickup,1,18,POINT(-122.424688670953 37.7769976929045),POINT(-122.424592063319 37.7767626364555),"POLYGON((-122.4246758 37.7768055, -122.4246221 37.7765172, -122.4229484 37.7767334, -122.4230182 37.7770217, -122.4246758 37.7768055))",polygon3
Pickup,7,0,POINT(-122.425942661086 37.7765363877665),POINT(-122.425992260442 37.7766364318976),"POLYGON((-122.4263119 37.7766275, -122.4262636 37.7763518, -122.4246221 37.7765172, -122.4246758 37.7768055, -122.4263119 37.7766275))",polygon2
Dropoff,5,17,POINT(-122.42401846446 37.7767878407125),POINT(-122.424029697972 37.7768991780854),"POLYGON((-122.4246758 37.7768055, -122.4246221 37.7765172, -122.4229484 37.7767334, -122.4230182 37.7770217, -122.4246758 37.7768055))",polygon3
Pickup,3,22,POINT(-122.426492832429 37.7764272114263),POINT(-122.425810972087 37.7767072418296),"POLYGON((-122.4279642 37.7763815, -122.4279159 37.7761441, -122.4262636 37.7763518, -122.4263119 37.7766275, -122.4279642 37.7763815))",polygon1
Dropoff,1,9,POINT(-122.42483021221 37.7766853906467),POINT(-122.424799709135 37.7767751050329),"POLYGON((-122.4263119 37.7766275, -122.4262636 37.7763518, -122.4246221 37.7765172, -122.4246758 37.7768055, -122.4263119 37.7766275))",polygon2
Pickup,7,15,POINT(-122.424655057037 37.7768302824437),POINT(-122.424084914986 37.7766560274078),"POLYGON((-122.4246758 37.7768055, -122.4246221 37.7765172, -122.4229484 37.7767334, -122.4230182 37.7770217, -122.4246758 37.7768055))",polygon3
Pickup,7,23,POINT(-122.421163385249 37.7770887404333),POINT(-122.422032619917 37.7771383951023),"POLYGON((-122.4230182 37.7770217, -122.4229484 37.7767334, -122.421323 37.7769666, -122.4213874 37.7772422, -122.4230182 37.7770217))",polygon4
Pickup,6,1,POINT(-122.42360420627 37.7768384061844),POINT(-122.423618118597 37.7768693866643),"POLYGON((-122.4246758 37.7768055, -122.4246221 37.7765172, -122.4229484 37.7767334, -122.4230182 37.7770217, -122.4246758 37.7768055))",polygon3
Pickup,2,21,POINT(-122.426284066636 37.776333305778),POINT(-122.426131898924 37.7765255079422),"POLYGON((-122.4263119 37.7766275, -122.4262636 37.7763518, -122.4246221 37.7765172, -122.4246758 37.7768055, -122.4263119 37.7766275))",polygon2
Pickup,4,14,POINT(-122.424446028354 37.7766867258339),POINT(-122.424194657634 37.776462626295),"POLYGON((-122.4246758 37.7768055, -122.4246221 37.7765172, -122.4229484 37.7767334, -122.4230182 37.7770217, -122.4246758 37.7768055))",polygon3
Pickup,2,17,POINT(-122.422733688425 37.7764490718287),POINT(-122.422764796989 37.7769108200802),"POLYGON((-122.4230182 37.7770217, -122.4229484 37.7767334, -122.421323 37.7769666, -122.4213874 37.7772422, -122.4230182 37.7770217))",polygon4
Dropoff,4,18,POINT(-122.421647302445 37.7770384299589),POINT(-122.421574196526 37.7769286702654),"POLYGON((-122.4230182 37.7770217, -122.4229484 37.7767334, -122.421323 37.7769666, -122.4213874 37.7772422, -122.4230182 37.7770217))",polygon4
Pickup,6,22,POINT(-122.422644164838 37.7769104795419),POINT(-122.422611932872 37.7769448922494),"POLYGON((-122.4230182 37.7770217, -122.4229484 37.7767334, -122.421323 37.7769666, -122.4213874 37.7772422, -122.4230182 37.7770217))",polygon4
Pickup,7,21,POINT(-122.426457490898 37.7764721777419),POINT(-122.426062770986 37.7766014400725),"POLYGON((-122.4279642 37.7763815, -122.4279159 37.7761441, -122.4262636 37.7763518, -122.4263119 37.7766275, -122.4279642 37.7763815))",polygon1
Pickup,7,21,POINT(-122.426457490898 37.7764721777419),POINT(-122.426062770986 37.7766014400725),"POLYGON((-122.4263119 37.7766275, -122.4262636 37.7763518, -122.4246221 37.7765172, -122.4246758 37.7768055, -122.4263119 37.7766275))",polygon2
Pickup,7,20,POINT(-122.426284066636 37.776333305778),POINT(-122.426079361695 37.7766129849934),"POLYGON((-122.4263119 37.7766275, -122.4262636 37.7763518, -122.4246221 37.7765172, -122.4246758 37.7768055, -122.4263119 37.7766275))",polygon2
Dropoff,1,12,POINT(-122.424726778234 37.7769542755059),POINT(-122.425002774767 37.7765249385779),"POLYGON((-122.4263119 37.7766275, -122.4262636 37.7763518, -122.4246221 37.7765172, -122.4246758 37.7768055, -122.4263119 37.7766275))",polygon2
Pickup,6,14,POINT(-122.426457490898 37.7764721777419),POINT(-122.426173116435 37.7765153017624),"POLYGON((-122.4279642 37.7763815, -122.4279159 37.7761441, -122.4262636 37.7763518, -122.4263119 37.7766275, -122.4279642 37.7763815))",polygon1
Pickup,6,14,POINT(-122.426457490898 37.7764721777419),POINT(-122.426173116435 37.7765153017624),"POLYGON((-122.4263119 37.7766275, -122.4262636 37.7763518, -122.4246221 37.7765172, -122.4246758 37.7768055, -122.4263119 37.7766275))",polygon2
Dropoff,1,20,POINT(-122.425642817785 37.7765785973798),POINT(-122.425663815485 37.7767082310155),"POLYGON((-122.4263119 37.7766275, -122.4262636 37.7763518, -122.4246221 37.7765172, -122.4246758 37.7768055, -122.4263119 37.7766275))",polygon2
Dropoff,5,14,POINT(-122.424726778234 37.7769542755059),POINT(-122.424799709135 37.7767751050329),"POLYGON((-122.4263119 37.7766275, -122.4262636 37.7763518, -122.4246221 37.7765172, -122.4246758 37.7768055, -122.4263119 37.7766275))",polygon2
Pickup,3,22,POINT(-122.426284066636 37.776333305778),POINT(-122.426034774158 37.776490244054),"POLYGON((-122.4263119 37.7766275, -122.4262636 37.7763518, -122.4246221 37.7765172, -122.4246758 37.7768055, -122.4263119 37.7766275))",polygon2
Dropoff,1,20,POINT(-122.426284066636 37.776333305778),POINT(-122.426045402584 37.7766179779217),"POLYGON((-122.4263119 37.7766275, -122.4262636 37.7763518, -122.4246221 37.7765172, -122.4246758 37.7768055, -122.4263119 37.7766275))",polygon2
Pickup,1,18,POINT(-122.424287636355 37.7761765994006),POINT(-122.424373615675 37.7767154677505),"POLYGON((-122.4246758 37.7768055, -122.4246221 37.7765172, -122.4229484 37.7767334, -122.4230182 37.7770217, -122.4246758 37.7768055))",polygon3
Dropoff,3,22,POINT(-122.426240775333 37.7763211770386),POINT(-122.426045402584 37.7766179779217),"POLYGON((-122.4263119 37.7766275, -122.4262636 37.7763518, -122.4246221 37.7765172, -122.4246758 37.7768055, -122.4263119 37.7766275))",polygon2
Pickup,3,22,POINT(-122.423209475626 37.776820223827),POINT(-122.422564233 37.7768446959529),"POLYGON((-122.4230182 37.7770217, -122.4229484 37.7767334, -122.421323 37.7769666, -122.4213874 37.7772422, -122.4230182 37.7770217))",polygon4
Pickup,3,22,POINT(-122.423209475626 37.776820223827),POINT(-122.422564233 37.7768446959529),"POLYGON((-122.4246758 37.7768055, -122.4246221 37.7765172, -122.4229484 37.7767334, -122.4230182 37.7770217, -122.4246758 37.7768055))",polygon3
Pickup,6,19,POINT(-122.42140041854 37.7775251840819),POINT(-122.421719976245 37.7771891797365),"POLYGON((-122.4230182 37.7770217, -122.4229484 37.7767334, -122.421323 37.7769666, -122.4213874 37.7772422, -122.4230182 37.7770217))",polygon4
Pickup,3,18,POINT(-122.421163385249 37.7770887404333),POINT(-122.422104170079 37.7770926903699),"POLYGON((-122.4230182 37.7770217, -122.4229484 37.7767334, -122.421323 37.7769666, -122.4213874 37.7772422, -122.4230182 37.7770217))",polygon4
Dropoff,6,13,POINT(-122.423864133169 37.7767650064983),POINT(-122.423890575164 37.776426889915),"POLYGON((-122.4246758 37.7768055, -122.4246221 37.7765172, -122.4229484 37.7767334, -122.4230182 37.7770217, -122.4246758 37.7768055))",polygon3
Dropoff,6,19,POINT(-122.426268599287 37.7762551139851),POINT(-122.426265229305 37.7763700695688),"POLYGON((-122.4263119 37.7766275, -122.4262636 37.7763518, -122.4246221 37.7765172, -122.4246758 37.7768055, -122.4263119 37.7766275))",polygon2
Pickup,3,15,POINT(-122.424655057037 37.7768302824437),POINT(-122.424696015895 37.776584029482),"POLYGON((-122.4263119 37.7766275, -122.4262636 37.7763518, -122.4246221 37.7765172, -122.4246758 37.7768055, -122.4263119 37.7766275))",polygon2
Dropoff,1,17,POINT(-122.424726778234 37.7769542755059),POINT(-122.424776896631 37.7765500656232),"POLYGON((-122.4263119 37.7766275, -122.4262636 37.7763518, -122.4246221 37.7765172, -122.4246758 37.7768055, -122.4263119 37.7766275))",polygon2
Pickup,6,22,POINT(-122.423001999489 37.7767477208701),POINT(-122.422634400195 37.7769221339196),"POLYGON((-122.4230182 37.7770217, -122.4229484 37.7767334, -122.421323 37.7769666, -122.4213874 37.7772422, -122.4230182 37.7770217))",polygon4
Pickup,6,22,POINT(-122.423001999489 37.7767477208701),POINT(-122.422634400195 37.7769221339196),"POLYGON((-122.4246758 37.7768055, -122.4246221 37.7765172, -122.4229484 37.7767334, -122.4230182 37.7770217, -122.4246758 37.7768055))",polygon3
Dropoff,1,1,POINT(-122.425795504668 37.7765572237663),POINT(-122.425810972087 37.7767072418296),"POLYGON((-122.4263119 37.7766275, -122.4262636 37.7763518, -122.4246221 37.7765172, -122.4246758 37.7768055, -122.4263119 37.7766275))",polygon2
Pickup,4,21,POINT(-122.426457490898 37.7764721777419),POINT(-122.426285103553 37.7763148121404),"POLYGON((-122.4279642 37.7763815, -122.4279159 37.7761441, -122.4262636 37.7763518, -122.4263119 37.7766275, -122.4279642 37.7763815))",polygon1
Pickup,2,18,POINT(-122.424726778234 37.7769542755059),POINT(-122.424897871975 37.7765207086951),"POLYGON((-122.4263119 37.7766275, -122.4262636 37.7763518, -122.4246221 37.7765172, -122.4246758 37.7768055, -122.4263119 37.7766275))",polygon2
Dropoff,1,19,POINT(-122.425942661086 37.7765363877665),POINT(-122.426045402584 37.7766179779217),"POLYGON((-122.4263119 37.7766275, -122.4262636 37.7763518, -122.4246221 37.7765172, -122.4246758 37.7768055, -122.4263119 37.7766275))",polygon2
Pickup,2,18,POINT(-122.424726778234 37.7769542755059),POINT(-122.424936411233 37.7765891877827),"POLYGON((-122.4263119 37.7766275, -122.4262636 37.7763518, -122.4246221 37.7765172, -122.4246758 37.7768055, -122.4263119 37.7766275))",polygon2
Pickup,6,21,POINT(-122.422733688425 37.7764490718287),POINT(-122.422853283522 37.7769506356091),"POLYGON((-122.4230182 37.7770217, -122.4229484 37.7767334, -122.421323 37.7769666, -122.4213874 37.7772422, -122.4230182 37.7770217))",polygon4
Pickup,6,23,POINT(-122.424221704427 37.776261289738),POINT(-122.424348642794 37.7767835616939),"POLYGON((-122.4246758 37.7768055, -122.4246221 37.7765172, -122.4229484 37.7767334, -122.4230182 37.7770217, -122.4246758 37.7768055))",polygon3
Pickup,6,19,POINT(-122.426345331144 37.7766305550962),POINT(-122.426364686919 37.7765854897064),"POLYGON((-122.4279642 37.7763815, -122.4279159 37.7761441, -122.4262636 37.7763518, -122.4263119 37.7766275, -122.4279642 37.7763815))",polygon1
Pickup,5,19,POINT(-122.425942661086 37.7765363877665),POINT(-122.426038489787 37.7765317026329),"POLYGON((-122.4263119 37.7766275, -122.4262636 37.7763518, -122.4246221 37.7765172, -122.4246758 37.7768055, -122.4263119 37.7766275))",polygon2
Dropoff,5,17,POINT(-122.424387700723 37.7766938332243),POINT(-122.424380614993 37.7768528249401),"POLYGON((-122.4246758 37.7768055, -122.4246221 37.7765172, -122.4229484 37.7767334, -122.4230182 37.7770217, -122.4246758 37.7768055))",polygon3
Pickup,5,21,POINT(-122.42655893575 37.7764185104574),POINT(-122.426529383682 37.7762606843251),"POLYGON((-122.4279642 37.7763815, -122.4279159 37.7761441, -122.4262636 37.7763518, -122.4263119 37.7766275, -122.4279642 37.7763815))",polygon1
Pickup,5,7,POINT(-122.42354501405 37.7768050670672),POINT(-122.423442270104 37.7764440869922),"POLYGON((-122.4246758 37.7768055, -122.4246221 37.7765172, -122.4229484 37.7767334, -122.4230182 37.7770217, -122.4246758 37.7768055))",polygon3
Dropoff,6,17,POINT(-122.424849741087 37.7766378002019),POINT(-122.424776896631 37.7765500656232),"POLYGON((-122.4263119 37.7766275, -122.4262636 37.7763518, -122.4246221 37.7765172, -122.4246758 37.7768055, -122.4263119 37.7766275))",polygon2
Pickup,1,12,POINT(-122.424655057037 37.7768302824437),POINT(-122.424697830528 37.776734395008),"POLYGON((-122.4263119 37.7766275, -122.4262636 37.7763518, -122.4246221 37.7765172, -122.4246758 37.7768055, -122.4263119 37.7766275))",polygon2
Pickup,2,14,POINT(-122.424129503351 37.7767278810438),POINT(-122.424115936738 37.7766613170008),"POLYGON((-122.4246758 37.7768055, -122.4246221 37.7765172, -122.4229484 37.7767334, -122.4230182 37.7770217, -122.4246758 37.7768055))",polygon3
Pickup,3,22,POINT(-122.422889922455 37.7773778190985),POINT(-122.422997678865 37.777022401274),"POLYGON((-122.4230182 37.7770217, -122.4229484 37.7767334, -122.421323 37.7769666, -122.4213874 37.7772422, -122.4230182 37.7770217))",polygon4
Dropoff,1,17,POINT(-122.422733688425 37.7764490718287),POINT(-122.422814397848 37.776811887749),"POLYGON((-122.4230182 37.7770217, -122.4229484 37.7767334, -122.421323 37.7769666, -122.4213874 37.7772422, -122.4230182 37.7770217))",polygon4
Pickup,4,21,POINT(-122.423209475626 37.776820223827),POINT(-122.423254842074 37.7771720232524),"POLYGON((-122.4246758 37.7768055, -122.4246221 37.7765172, -122.4229484 37.7767334, -122.4230182 37.7770217, -122.4246758 37.7768055))",polygon3
Dropoff,4,17,POINT(-122.424387700723 37.7766938332243),POINT(-122.424319867807 37.7768448280664),"POLYGON((-122.4246758 37.7768055, -122.4246221 37.7765172, -122.4229484 37.7767334, -122.4230182 37.7770217, -122.4246758 37.7768055))",polygon3
Pickup,7,22,POINT(-122.424849741087 37.7766378002019),POINT(-122.424813794126 37.7765733219238),"POLYGON((-122.4263119 37.7766275, -122.4262636 37.7763518, -122.4246221 37.7765172, -122.4246758 37.7768055, -122.4263119 37.7766275))",polygon2
Pickup,7,20,POINT(-122.423001999489 37.7767477208701),POINT(-122.422972360007 37.7768788270265),"POLYGON((-122.4230182 37.7770217, -122.4229484 37.7767334, -122.421323 37.7769666, -122.4213874 37.7772422, -122.4230182 37.7770217))",polygon4
Pickup,7,20,POINT(-122.423001999489 37.7767477208701),POINT(-122.422972360007 37.7768788270265),"POLYGON((-122.4246758 37.7768055, -122.4246221 37.7765172, -122.4229484 37.7767334, -122.4230182 37.7770217, -122.4246758 37.7768055))",polygon3
Pickup,4,20,POINT(-122.424151711115 37.7767248311338),POINT(-122.42416450002 37.7767698971615),"POLYGON((-122.4246758 37.7768055, -122.4246221 37.7765172, -122.4229484 37.7767334, -122.4230182 37.7770217, -122.4246758 37.7768055))",polygon3
Pickup,6,15,POINT(-122.421288080554 37.7769366891584),POINT(-122.422173991929 37.7771301771328),"POLYGON((-122.4230182 37.7770217, -122.4229484 37.7767334, -122.421323 37.7769666, -122.4213874 37.7772422, -122.4230182 37.7770217))",polygon4
Dropoff,6,20,POINT(-122.426457490898 37.7764721777419),POINT(-122.426045402584 37.7766179779217),"POLYGON((-122.4279642 37.7763815, -122.4279159 37.7761441, -122.4262636 37.7763518, -122.4263119 37.7766275, -122.4279642 37.7763815))",polygon1
Dropoff,6,20,POINT(-122.426457490898 37.7764721777419),POINT(-122.426045402584 37.7766179779217),"POLYGON((-122.4263119 37.7766275, -122.4262636 37.7763518, -122.4246221 37.7765172, -122.4246758 37.7768055, -122.4263119 37.7766275))",polygon2
Dropoff,1,21,POINT(-122.421163385249 37.7770887404333),POINT(-122.422101836922 37.77709966012),"POLYGON((-122.4230182 37.7770217, -122.4229484 37.7767334, -122.421323 37.7769666, -122.4213874 37.7772422, -122.4230182 37.7770217))",polygon4
Pickup,7,15,POINT(-122.422889922455 37.7773778190985),POINT(-122.422873331241 37.7769342192811),"POLYGON((-122.4230182 37.7770217, -122.4229484 37.7767334, -122.421323 37.7769666, -122.4213874 37.7772422, -122.4230182 37.7770217))",polygon4
Pickup,5,8,POINT(-122.423209475626 37.776820223827),POINT(-122.423108978073 37.7766466996709),"POLYGON((-122.4246758 37.7768055, -122.4246221 37.7765172, -122.4229484 37.7767334, -122.4230182 37.7770217, -122.4246758 37.7768055))",polygon3
Dropoff,3,15,POINT(-122.422490177177 37.7769302842999),POINT(-122.422449131046 37.7767711898968),"POLYGON((-122.4230182 37.7770217, -122.4229484 37.7767334, -122.421323 37.7769666, -122.4213874 37.7772422, -122.4230182 37.7770217))",polygon4
Dropoff,3,17,POINT(-122.423864133169 37.7767650064983),POINT(-122.424029697972 37.7768991780854),"POLYGON((-122.4246758 37.7768055, -122.4246221 37.7765172, -122.4229484 37.7767334, -122.4230182 37.7770217, -122.4246758 37.7768055))",polygon3
Pickup,1,14,POINT(-122.425354034177 37.7765735666938),POINT(-122.425337961816 37.7765340910699),"POLYGON((-122.4263119 37.7766275, -122.4262636 37.7763518, -122.4246221 37.7765172, -122.4246758 37.7768055, -122.4263119 37.7766275))",polygon2
Pickup,6,19,POINT(-122.425942661086 37.7765363877665),POINT(-122.426119542308 37.7765666757626),"POLYGON((-122.4263119 37.7766275, -122.4262636 37.7763518, -122.4246221 37.7765172, -122.4246758 37.7768055, -122.4263119 37.7766275))",polygon2
Dropoff,6,11,POINT(-122.423608786105 37.7767970128174),POINT(-122.423604119858 37.7766909977582),"POLYGON((-122.4246758 37.7768055, -122.4246221 37.7765172, -122.4229484 37.7767334, -122.4230182 37.7770217, -122.4246758 37.7768055))",polygon3
Pickup,6,21,POINT(-122.426284066636 37.776333305778),POINT(-122.426303422423 37.7763772962209),"POLYGON((-122.4279642 37.7763815, -122.4279159 37.7761441, -122.4262636 37.7763518, -122.4263119 37.7766275, -122.4279642 37.7763815))",polygon1
Dropoff,4,18,POINT(-122.425713242153 37.7765262572933),POINT(-122.425664161126 37.7763347431585),"POLYGON((-122.4263119 37.7766275, -122.4262636 37.7763518, -122.4246221 37.7765172, -122.4246758 37.7768055, -122.4263119 37.7766275))",polygon2
Dropoff,2,21,POINT(-122.425866706624 37.7765055894921),POINT(-122.425907492189 37.7763879947026),"POLYGON((-122.4263119 37.7766275, -122.4262636 37.7763518, -122.4246221 37.7765172, -122.4246758 37.7768055, -122.4263119 37.7766275))",polygon2
Pickup,2,21,POINT(-122.422803509856 37.7769471141156),POINT(-122.423068277833 37.7769617214564),"POLYGON((-122.4230182 37.7770217, -122.4229484 37.7767334, -122.421323 37.7769666, -122.4213874 37.7772422, -122.4230182 37.7770217))",polygon4
Pickup,2,21,POINT(-122.422803509856 37.7769471141156),POINT(-122.423068277833 37.7769617214564),"POLYGON((-122.4246758 37.7768055, -122.4246221 37.7765172, -122.4229484 37.7767334, -122.4230182 37.7770217, -122.4246758 37.7768055))",polygon3
Dropoff,6,16,POINT(-122.42627508002 37.77628801604),POINT(-122.426276721806 37.7763680612974),"POLYGON((-122.4279642 37.7763815, -122.4279159 37.7761441, -122.4262636 37.7763518, -122.4263119 37.7766275, -122.4279642 37.7763815))",polygon1
Pickup,1,0,POINT(-122.42483021221 37.7766853906467),POINT(-122.424551622888 37.7765193183614),"POLYGON((-122.4263119 37.7766275, -122.4262636 37.7763518, -122.4246221 37.7765172, -122.4246758 37.7768055, -122.4263119 37.7766275))",polygon2
Pickup,6,11,POINT(-122.423209475626 37.776820223827),POINT(-122.423155986399 37.7767398382509),"POLYGON((-122.4246758 37.7768055, -122.4246221 37.7765172, -122.4229484 37.7767334, -122.4230182 37.7770217, -122.4246758 37.7768055))",polygon3
Dropoff,1,15,POINT(-122.426268599287 37.7762551139851),POINT(-122.426265229305 37.7763700695688),"POLYGON((-122.4263119 37.7766275, -122.4262636 37.7763518, -122.4246221 37.7765172, -122.4246758 37.7768055, -122.4263119 37.7766275))",polygon2
Pickup,6,22,POINT(-122.424655057037 37.7768302824437),POINT(-122.424357715987 37.7767700842944),"POLYGON((-122.4246758 37.7768055, -122.4246221 37.7765172, -122.4229484 37.7767334, -122.4230182 37.7770217, -122.4246758 37.7768055))",polygon3
Dropoff,7,17,POINT(-122.426284066636 37.776333305778),POINT(-122.426241639431 37.776383868392),"POLYGON((-122.4263119 37.7766275, -122.4262636 37.7763518, -122.4246221 37.7765172, -122.4246758 37.7768055, -122.4263119 37.7766275))",polygon2
Pickup,6,15,POINT(-122.425113207741 37.7766043103469),POINT(-122.424799709135 37.7767751050329),"POLYGON((-122.4263119 37.7766275, -122.4262636 37.7763518, -122.4246221 37.7765172, -122.4246758 37.7768055, -122.4263119 37.7766275))",polygon2
Pickup,4,20,POINT(-122.423425333329 37.7768612136313),POINT(-122.423066117523 37.7769868856836),"POLYGON((-122.4246758 37.7768055, -122.4246221 37.7765172, -122.4229484 37.7767334, -122.4230182 37.7770217, -122.4246758 37.7768055))",polygon3
Dropoff,4,17,POINT(-122.423864133169 37.7767650064983),POINT(-122.424029697972 37.7768991780854),"POLYGON((-122.4246758 37.7768055, -122.4246221 37.7765172, -122.4229484 37.7767334, -122.4230182 37.7770217, -122.4246758 37.7768055))",polygon3
Dropoff,6,18,POINT(-122.42655893575 37.7764185104574),POINT(-122.426529383682 37.7762606843251),"POLYGON((-122.4279642 37.7763815, -122.4279159 37.7761441, -122.4262636 37.7763518, -122.4263119 37.7766275, -122.4279642 37.7763815))",polygon1
Dropoff,1,20,POINT(-122.424849741087 37.7766378002019),POINT(-122.424776896631 37.7765500656232),"POLYGON((-122.4263119 37.7766275, -122.4262636 37.7763518, -122.4246221 37.7765172, -122.4246758 37.7768055, -122.4263119 37.7766275))",polygon2
Dropoff,1,20,POINT(-122.425795504668 37.7765572237663),POINT(-122.425810972087 37.7767072418296),"POLYGON((-122.4263119 37.7766275, -122.4262636 37.7763518, -122.4246221 37.7765172, -122.4246758 37.7768055, -122.4263119 37.7766275))",polygon2
Dropoff,5,18,POINT(-122.42332198438 37.7768290232458),POINT(-122.423255533372 37.7770072188445),"POLYGON((-122.4246758 37.7768055, -122.4246221 37.7765172, -122.4229484 37.7767334, -122.4230182 37.7770217, -122.4246758 37.7768055))",polygon3
Pickup,1,0,POINT(-122.42483021221 37.7766853906467),POINT(-122.424529760853 37.7767064822689),"POLYGON((-122.4246758 37.7768055, -122.4246221 37.7765172, -122.4229484 37.7767334, -122.4230182 37.7770217, -122.4246758 37.7768055))",polygon3
Pickup,1,0,POINT(-122.42483021221 37.7766853906467),POINT(-122.424529760853 37.7767064822689),"POLYGON((-122.4263119 37.7766275, -122.4262636 37.7763518, -122.4246221 37.7765172, -122.4246758 37.7768055, -122.4263119 37.7766275))",polygon2
Pickup,4,12,POINT(-122.423209475626 37.776820223827),POINT(-122.423118742672 37.7768093071454),"POLYGON((-122.4246758 37.7768055, -122.4246221 37.7765172, -122.4229484 37.7767334, -122.4230182 37.7770217, -122.4246758 37.7768055))",polygon3
Pickup,6,21,POINT(-122.424200015146 37.7762641074496),POINT(-122.423921942621 37.7766246550617),"POLYGON((-122.4246758 37.7768055, -122.4246221 37.7765172, -122.4229484 37.7767334, -122.4230182 37.7770217, -122.4246758 37.7768055))",polygon3
Pickup,7,23,POINT(-122.424242788822 37.7762566951634),POINT(-122.424442658314 37.7768018275427),"POLYGON((-122.4246758 37.7768055, -122.4246221 37.7765172, -122.4229484 37.7767334, -122.4230182 37.7770217, -122.4246758 37.7768055))",polygon3
Pickup,6,23,POINT(-122.424655057037 37.7768302824437),POINT(-122.424353913887 37.776753369655),"POLYGON((-122.4246758 37.7768055, -122.4246221 37.7765172, -122.4229484 37.7767334, -122.4230182 37.7770217, -122.4246758 37.7768055))",polygon3
Dropoff,7,18,POINT(-122.424726778234 37.7769542755059),POINT(-122.424319867807 37.7768448280664),"POLYGON((-122.4246758 37.7768055, -122.4246221 37.7765172, -122.4229484 37.7767334, -122.4230182 37.7770217, -122.4246758 37.7768055))",polygon3
Pickup,3,20,POINT(-122.423737712686 37.776821917747),POINT(-122.423860590287 37.7767671139399),"POLYGON((-122.4246758 37.7768055, -122.4246221 37.7765172, -122.4229484 37.7767334, -122.4230182 37.7770217, -122.4246758 37.7768055))",polygon3
Dropoff,4,11,POINT(-122.423864133169 37.7767650064983),POINT(-122.424029697972 37.7768991780854),"POLYGON((-122.4246758 37.7768055, -122.4246221 37.7765172, -122.4229484 37.7767334, -122.4230182 37.7770217, -122.4246758 37.7768055))",polygon3
Pickup,5,22,POINT(-122.424655057037 37.7768302824437),POINT(-122.424667586647 37.7765738716034),"POLYGON((-122.4263119 37.7766275, -122.4262636 37.7763518, -122.4246221 37.7765172, -122.4246758 37.7768055, -122.4263119 37.7766275))",polygon2
Pickup,5,21,POINT(-122.425942661086 37.7765363877665),POINT(-122.425923564463 37.7765176166948),"POLYGON((-122.4263119 37.7766275, -122.4262636 37.7763518, -122.4246221 37.7765172, -122.4246758 37.7768055, -122.4263119 37.7766275))",polygon2
Pickup,1,19,POINT(-122.425866706624 37.7765055894921),POINT(-122.42614270016 37.7763791872403),"POLYGON((-122.4263119 37.7766275, -122.4262636 37.7763518, -122.4246221 37.7765172, -122.4246758 37.7768055, -122.4263119 37.7766275))",polygon2
Pickup,4,21,POINT(-122.424726778234 37.7769542755059),POINT(-122.424616085619 37.7765566334715),"POLYGON((-122.4246758 37.7768055, -122.4246221 37.7765172, -122.4229484 37.7767334, -122.4230182 37.7770217, -122.4246758 37.7768055))",polygon3
Pickup,2,21,POINT(-122.424655057037 37.7768302824437),POINT(-122.424419327265 37.7767344866269),"POLYGON((-122.4246758 37.7768055, -122.4246221 37.7765172, -122.4229484 37.7767334, -122.4230182 37.7770217, -122.4246758 37.7768055))",polygon3
Dropoff,2,21,POINT(-122.423425333329 37.7768612136313),POINT(-122.42254081512 37.7768266710287),"POLYGON((-122.4230182 37.7770217, -122.4229484 37.7767334, -122.421323 37.7769666, -122.4213874 37.7772422, -122.4230182 37.7770217))",polygon4
Dropoff,2,21,POINT(-122.423425333329 37.7768612136313),POINT(-122.42254081512 37.7768266710287),"POLYGON((-122.4246758 37.7768055, -122.4246221 37.7765172, -122.4229484 37.7767334, -122.4230182 37.7770217, -122.4246758 37.7768055))",polygon3
Pickup,4,13,POINT(-122.42332198438 37.7768290232458),POINT(-122.423089621698 37.776973986372),"POLYGON((-122.4246758 37.7768055, -122.4246221 37.7765172, -122.4229484 37.7767334, -122.4230182 37.7770217, -122.4246758 37.7768055))",polygon3
Pickup,4,21,POINT(-122.422524742329 37.7769816671544),POINT(-122.422883873575 37.7768786330518),"POLYGON((-122.4230182 37.7770217, -122.4229484 37.7767334, -122.421323 37.7769666, -122.4213874 37.7772422, -122.4230182 37.7770217))",polygon4
Pickup,5,20,POINT(-122.426492832429 37.7764272114263),POINT(-122.425953116701 37.7765307727309),"POLYGON((-122.4279642 37.7763815, -122.4279159 37.7761441, -122.4262636 37.7763518, -122.4263119 37.7766275, -122.4279642 37.7763815))",polygon1
Pickup,5,20,POINT(-122.426492832429 37.7764272114263),POINT(-122.425953116701 37.7765307727309),"POLYGON((-122.4263119 37.7766275, -122.4262636 37.7763518, -122.4246221 37.7765172, -122.4246758 37.7768055, -122.4263119 37.7766275))",polygon2
Dropoff,5,13,POINT(-122.42332198438 37.7768290232458),POINT(-122.423176811772 37.7770403719393),"POLYGON((-122.4246758 37.7768055, -122.4246221 37.7765172, -122.4229484 37.7767334, -122.4230182 37.7770217, -122.4246758 37.7768055))",polygon3
Pickup,6,19,POINT(-122.426457490898 37.7764721777419),POINT(-122.425946031077 37.7764731937617),"POLYGON((-122.4279642 37.7763815, -122.4279159 37.7761441, -122.4262636 37.7763518, -122.4263119 37.7766275, -122.4279642 37.7763815))",polygon1
Pickup,6,19,POINT(-122.426457490898 37.7764721777419),POINT(-122.425946031077 37.7764731937617),"POLYGON((-122.4263119 37.7766275, -122.4262636 37.7763518, -122.4246221 37.7765172, -122.4246758 37.7768055, -122.4263119 37.7766275))",polygon2
Pickup,1,16,POINT(-122.425585786974 37.7765432868184),POINT(-122.425594168777 37.7765489964235),"POLYGON((-122.4263119 37.7766275, -122.4262636 37.7763518, -122.4246221 37.7765172, -122.4246758 37.7768055, -122.4263119 37.7766275))",polygon2
Dropoff,7,11,POINT(-122.425384277859 37.7766123184562),POINT(-122.425419965394 37.7767606249844),"POLYGON((-122.4263119 37.7766275, -122.4262636 37.7763518, -122.4246221 37.7765172, -122.4246758 37.7768055, -122.4263119 37.7766275))",polygon2
Pickup,6,15,POINT(-122.424200015146 37.7762641074496),POINT(-122.42367480483 37.7768621303388),"POLYGON((-122.4246758 37.7768055, -122.4246221 37.7765172, -122.4229484 37.7767334, -122.4230182 37.7770217, -122.4246758 37.7768055))",polygon3
Dropoff,5,11,POINT(-122.425866706624 37.7765055894921),POINT(-122.426045402584 37.7766179779217),"POLYGON((-122.4263119 37.7766275, -122.4262636 37.7763518, -122.4246221 37.7765172, -122.4246758 37.7768055, -122.4263119 37.7766275))",polygon2
Pickup,6,14,POINT(-122.424655057037 37.7768302824437),POINT(-122.424881540311 37.7766943940086),"POLYGON((-122.4263119 37.7766275, -122.4262636 37.7763518, -122.4246221 37.7765172, -122.4246758 37.7768055, -122.4263119 37.7766275))",polygon2
Pickup,4,9,POINT(-122.425942661086 37.7765363877665),POINT(-122.426100618537 37.77670000972),"POLYGON((-122.4263119 37.7766275, -122.4262636 37.7763518, -122.4246221 37.7765172, -122.4246758 37.7768055, -122.4263119 37.7766275))",polygon2
Dropoff,4,12,POINT(-122.423330798425 37.7768281299506),POINT(-122.421574196526 37.7769286702654),"POLYGON((-122.4246758 37.7768055, -122.4246221 37.7765172, -122.4229484 37.7767334, -122.4230182 37.7770217, -122.4246758 37.7768055))",polygon3
Dropoff,6,17,POINT(-122.423001999489 37.7767477208701),POINT(-122.422654707195 37.7771086888349),"POLYGON((-122.4246758 37.7768055, -122.4246221 37.7765172, -122.4229484 37.7767334, -122.4230182 37.7770217, -122.4246758 37.7768055))",polygon3
Pickup,1,18,POINT(-122.421342521285 37.7772425193096),POINT(-122.421412084401 37.7771080046077),"POLYGON((-122.4230182 37.7770217, -122.4229484 37.7767334, -122.421323 37.7769666, -122.4213874 37.7772422, -122.4230182 37.7770217))",polygon4
Pickup,4,14,POINT(-122.424463224198 37.7766844176431),POINT(-122.424629479345 37.776822300943),"POLYGON((-122.4246758 37.7768055, -122.4246221 37.7765172, -122.4229484 37.7767334, -122.4230182 37.7770217, -122.4246758 37.7768055))",polygon3
Dropoff,4,16,POINT(-122.424446028354 37.7766867258339),POINT(-122.424484135723 37.7768766729888),"POLYGON((-122.4246758 37.7768055, -122.4246221 37.7765172, -122.4229484 37.7767334, -122.4230182 37.7770217, -122.4246758 37.7768055))",polygon3
Pickup,7,13,POINT(-122.426457490898 37.7764721777419),POINT(-122.426214765979 37.7765237916194),"POLYGON((-122.4279642 37.7763815, -122.4279159 37.7761441, -122.4262636 37.7763518, -122.4263119 37.7766275, -122.4279642 37.7763815))",polygon1
Pickup,7,13,POINT(-122.426457490898 37.7764721777419),POINT(-122.426214765979 37.7765237916194),"POLYGON((-122.4263119 37.7766275, -122.4262636 37.7763518, -122.4246221 37.7765172, -122.4246758 37.7768055, -122.4263119 37.7766275))",polygon2
Pickup,5,0,POINT(-122.423209475626 37.776820223827),POINT(-122.42254081512 37.7768266710287),"POLYGON((-122.4230182 37.7770217, -122.4229484 37.7767334, -122.421323 37.7769666, -122.4213874 37.7772422, -122.4230182 37.7770217))",polygon4
Pickup,5,0,POINT(-122.423209475626 37.776820223827),POINT(-122.42254081512 37.7768266710287),"POLYGON((-122.4246758 37.7768055, -122.4246221 37.7765172, -122.4229484 37.7767334, -122.4230182 37.7770217, -122.4246758 37.7768055))",polygon3
Pickup,2,19,POINT(-122.425942661086 37.7765363877665),POINT(-122.426045402584 37.7766179779217),"POLYGON((-122.4263119 37.7766275, -122.4262636 37.7763518, -122.4246221 37.7765172, -122.4246758 37.7768055, -122.4263119 37.7766275))",polygon2
Dropoff,7,22,POINT(-122.426492832429 37.7764272114263),POINT(-122.426045402584 37.7766179779217),"POLYGON((-122.4279642 37.7763815, -122.4279159 37.7761441, -122.4262636 37.7763518, -122.4263119 37.7766275, -122.4279642 37.7763815))",polygon1
Dropoff,7,22,POINT(-122.426492832429 37.7764272114263),POINT(-122.426045402584 37.7766179779217),"POLYGON((-122.4263119 37.7766275, -122.4262636 37.7763518, -122.4246221 37.7765172, -122.4246758 37.7768055, -122.4263119 37.7766275))",polygon2
Pickup,5,17,POINT(-122.424726778234 37.7769542755059),POINT(-122.424790981625 37.7765652169176),"POLYGON((-122.4263119 37.7766275, -122.4262636 37.7763518, -122.4246221 37.7765172, -122.4246758 37.7768055, -122.4263119 37.7766275))",polygon2
Pickup,1,18,POINT(-122.426240775333 37.7763211770386),POINT(-122.426150563459 37.7765284908305),"POLYGON((-122.4263119 37.7766275, -122.4262636 37.7763518, -122.4246221 37.7765172, -122.4246758 37.7768055, -122.4263119 37.7766275))",polygon2
Pickup,1,20,POINT(-122.426457490898 37.7764721777419),POINT(-122.426263933158 37.7765799857249),"POLYGON((-122.4279642 37.7763815, -122.4279159 37.7761441, -122.4262636 37.7763518, -122.4263119 37.7766275, -122.4279642 37.7763815))",polygon1
Pickup,1,20,POINT(-122.426457490898 37.7764721777419),POINT(-122.426263933158 37.7765799857249),"POLYGON((-122.4263119 37.7766275, -122.4262636 37.7763518, -122.4246221 37.7765172, -122.4246758 37.7768055, -122.4263119 37.7766275))",polygon2
Dropoff,6,23,POINT(-122.424849741087 37.7766378002019),POINT(-122.424737579614 37.7763838266664),"POLYGON((-122.4263119 37.7766275, -122.4262636 37.7763518, -122.4246221 37.7765172, -122.4246758 37.7768055, -122.4263119 37.7766275))",polygon2
Pickup,4,12,POINT(-122.423651387198 37.776791689419),POINT(-122.423637993347 37.7766909758119),"POLYGON((-122.4246758 37.7768055, -122.4246221 37.7765172, -122.4229484 37.7767334, -122.4230182 37.7770217, -122.4246758 37.7768055))",polygon3
Dropoff,1,0,POINT(-122.422732219409 37.7768991019104),POINT(-122.423206883257 37.7765015045614),"POLYGON((-122.4230182 37.7770217, -122.4229484 37.7767334, -122.421323 37.7769666, -122.4213874 37.7772422, -122.4230182 37.7770217))",polygon4
Dropoff,3,16,POINT(-122.425533595113 37.7765932903383),POINT(-122.425557703608 37.7766774756103),"POLYGON((-122.4263119 37.7766275, -122.4262636 37.7763518, -122.4246221 37.7765172, -122.4246758 37.7768055, -122.4263119 37.7766275))",polygon2
Pickup,4,18,POINT(-122.426284066636 37.776333305778),POINT(-122.426245873512 37.7765198938372),"POLYGON((-122.4263119 37.7766275, -122.4262636 37.7763518, -122.4246221 37.7765172, -122.4246758 37.7768055, -122.4263119 37.7766275))",polygon2
Pickup,7,20,POINT(-122.426492832429 37.7764272114263),POINT(-122.426388622404 37.7764046686536),"POLYGON((-122.4279642 37.7763815, -122.4279159 37.7761441, -122.4262636 37.7763518, -122.4263119 37.7766275, -122.4279642 37.7763815))",polygon1
Pickup,7,19,POINT(-122.426284066636 37.776333305778),POINT(-122.426258662161 37.7763810314819),"POLYGON((-122.4263119 37.7766275, -122.4262636 37.7763518, -122.4246221 37.7765172, -122.4246758 37.7768055, -122.4263119 37.7766275))",polygon2
Pickup,7,16,POINT(-122.424881713133 37.7771319882572),POINT(-122.42457071976 37.7766882140918),"POLYGON((-122.4246758 37.7768055, -122.4246221 37.7765172, -122.4229484 37.7767334, -122.4230182 37.7770217, -122.4246758 37.7768055))",polygon3
Dropoff,6,22,POINT(-122.426457490898 37.7764721777419),POINT(-122.426045402584 37.7766179779217),"POLYGON((-122.4279642 37.7763815, -122.4279159 37.7761441, -122.4262636 37.7763518, -122.4263119 37.7766275, -122.4279642 37.7763815))",polygon1
Dropoff,6,22,POINT(-122.426457490898 37.7764721777419),POINT(-122.426045402584 37.7766179779217),"POLYGON((-122.4263119 37.7766275, -122.4262636 37.7763518, -122.4246221 37.7765172, -122.4246758 37.7768055, -122.4263119 37.7766275))",polygon2
Pickup,7,2,POINT(-122.422042211789 37.7770437703056),POINT(-122.422065370541 37.7771318126097),"POLYGON((-122.4230182 37.7770217, -122.4229484 37.7767334, -122.421323 37.7769666, -122.4213874 37.7772422, -122.4230182 37.7770217))",polygon4
Dropoff,2,16,POINT(-122.421677806436 37.7770888813592),POINT(-122.421857892142 37.777198600846),"POLYGON((-122.4230182 37.7770217, -122.4229484 37.7767334, -122.421323 37.7769666, -122.4213874 37.7772422, -122.4230182 37.7770217))",polygon4
Pickup,7,12,POINT(-122.425157017973 37.7765986869484),POINT(-122.425146907921 37.7765645019035),"POLYGON((-122.4263119 37.7766275, -122.4262636 37.7763518, -122.4246221 37.7765172, -122.4246758 37.7768055, -122.4263119 37.7766275))",polygon2
Dropoff,2,15,POINT(-122.423842875873 37.7767676913044),POINT(-122.423746526696 37.7764182676399),"POLYGON((-122.4246758 37.7768055, -122.4246221 37.7765172, -122.4229484 37.7767334, -122.4230182 37.7770217, -122.4246758 37.7768055))",polygon3
Pickup,3,19,POINT(-122.424910142323 37.7766755643609),POINT(-122.424906426654 37.7766400668252),"POLYGON((-122.4263119 37.7766275, -122.4262636 37.7763518, -122.4246221 37.7765172, -122.4246758 37.7768055, -122.4263119 37.7766275))",polygon2
Pickup,4,19,POINT(-122.422524742329 37.7769816671544),POINT(-122.422654707195 37.7771086888349),"POLYGON((-122.4230182 37.7770217, -122.4229484 37.7767334, -122.421323 37.7769666, -122.4213874 37.7772422, -122.4230182 37.7770217))",polygon4
Dropoff,5,21,POINT(-122.426240775333 37.7763211770386),POINT(-122.426045402584 37.7766179779217),"POLYGON((-122.4263119 37.7766275, -122.4262636 37.7763518, -122.4246221 37.7765172, -122.4246758 37.7768055, -122.4263119 37.7766275))",polygon2
Pickup,4,14,POINT(-122.424655057037 37.7768302824437),POINT(-122.425283091104 37.7766608161959),"POLYGON((-122.4263119 37.7766275, -122.4262636 37.7763518, -122.4246221 37.7765172, -122.4246758 37.7768055, -122.4263119 37.7766275))",polygon2
Dropoff,7,0,POINT(-122.426240775333 37.7763211770386),POINT(-122.425720068562 37.776610887317),"POLYGON((-122.4263119 37.7766275, -122.4262636 37.7763518, -122.4246221 37.7765172, -122.4246758 37.7768055, -122.4263119 37.7766275))",polygon2
Pickup,1,21,POINT(-122.423115718239 37.776394319937),POINT(-122.423111570445 37.7769979152988),"POLYGON((-122.4246758 37.7768055, -122.4246221 37.7765172, -122.4229484 37.7767334, -122.4230182 37.7770217, -122.4246758 37.7768055))",polygon3
Pickup,5,20,POINT(-122.423209475626 37.776820223827),POINT(-122.423162899386 37.7770943772668),"POLYGON((-122.4246758 37.7768055, -122.4246221 37.7765172, -122.4229484 37.7767334, -122.4230182 37.7770217, -122.4246758 37.7768055))",polygon3
Pickup,7,20,POINT(-122.426457490898 37.7764721777419),POINT(-122.426131207644 37.7761602635017),"POLYGON((-122.4279642 37.7763815, -122.4279159 37.7761441, -122.4262636 37.7763518, -122.4263119 37.7766275, -122.4279642 37.7763815))",polygon1
Pickup,1,21,POINT(-122.42483021221 37.7766853906467),POINT(-122.424409476376 37.7767473308342),"POLYGON((-122.4246758 37.7768055, -122.4246221 37.7765172, -122.4229484 37.7767334, -122.4230182 37.7770217, -122.4246758 37.7768055))",polygon3
Pickup,1,21,POINT(-122.42483021221 37.7766853906467),POINT(-122.424409476376 37.7767473308342),"POLYGON((-122.4263119 37.7766275, -122.4262636 37.7763518, -122.4246221 37.7765172, -122.4246758 37.7768055, -122.4263119 37.7766275))",polygon2
Pickup,6,22,POINT(-122.424655057037 37.7768302824437),POINT(-122.424397724436 37.7767604689406),"POLYGON((-122.4246758 37.7768055, -122.4246221 37.7765172, -122.4229484 37.7767334, -122.4230182 37.7770217, -122.4246758 37.7768055))",polygon3
Dropoff,7,19,POINT(-122.422733688425 37.7764490718287),POINT(-122.422814397848 37.776811887749),"POLYGON((-122.4230182 37.7770217, -122.4229484 37.7767334, -122.421323 37.7769666, -122.4213874 37.7772422, -122.4230182 37.7770217))",polygon4
Dropoff,7,1,POINT(-122.425730092148 37.7765665113315),POINT(-122.42573467189 37.7766785854561),"POLYGON((-122.4263119 37.7766275, -122.4262636 37.7763518, -122.4246221 37.7765172, -122.4246758 37.7768055, -122.4263119 37.7766275))",polygon2
Pickup,2,20,POINT(-122.427929209323 37.776119876756),POINT(-122.426112024646 37.7765740042935),"POLYGON((-122.4263119 37.7766275, -122.4262636 37.7763518, -122.4246221 37.7765172, -122.4246758 37.7768055, -122.4263119 37.7766275))",polygon2
Pickup,7,22,POINT(-122.425942661086 37.7765363877665),POINT(-122.426133108662 37.7765684642296),"POLYGON((-122.4263119 37.7766275, -122.4262636 37.7763518, -122.4246221 37.7765172, -122.4246758 37.7768055, -122.4263119 37.7766275))",polygon2
Pickup,4,19,POINT(-122.425942661086 37.7765363877665),POINT(-122.426045402584 37.7766179779217),"POLYGON((-122.4263119 37.7766275, -122.4262636 37.7763518, -122.4246221 37.7765172, -122.4246758 37.7768055, -122.4263119 37.7766275))",polygon2
Dropoff,5,8,POINT(-122.423367091543 37.7768286725309),POINT(-122.423389299468 37.7767460165065),"POLYGON((-122.4246758 37.7768055, -122.4246221 37.7765172, -122.4229484 37.7767334, -122.4230182 37.7770217, -122.4246758 37.7768055))",polygon3
Dropoff,2,20,POINT(-122.425942661086 37.7765363877665),POINT(-122.426045402584 37.7766179779217),"POLYGON((-122.4263119 37.7766275, -122.4262636 37.7763518, -122.4246221 37.7765172, -122.4246758 37.7768055, -122.4263119 37.7766275))",polygon2
Pickup,1,18,POINT(-122.425222690082 37.7765904105033),POINT(-122.425222258029 37.7765554297402),"POLYGON((-122.4263119 37.7766275, -122.4262636 37.7763518, -122.4246221 37.7765172, -122.4246758 37.7768055, -122.4263119 37.7766275))",polygon2
Dropoff,6,16,POINT(-122.425942661086 37.7765363877665),POINT(-122.426045402584 37.7766179779217),"POLYGON((-122.4263119 37.7766275, -122.4262636 37.7763518, -122.4246221 37.7765172, -122.4246758 37.7768055, -122.4263119 37.7766275))",polygon2
Dropoff,1,17,POINT(-122.421167619534 37.777089328486),POINT(-122.421749616081 37.7769419707743),"POLYGON((-122.4230182 37.7770217, -122.4229484 37.7767334, -122.421323 37.7769666, -122.4213874 37.7772422, -122.4230182 37.7770217))",polygon4
Dropoff,2,14,POINT(-122.424655057037 37.7768302824437),POINT(-122.424796771161 37.7767760086677),"POLYGON((-122.4263119 37.7766275, -122.4262636 37.7763518, -122.4246221 37.7765172, -122.4246758 37.7768055, -122.4263119 37.7766275))",polygon2
Pickup,2,13,POINT(-122.421148608457 37.7771766722894),POINT(-122.422046013973 37.7770748071773),"POLYGON((-122.4230182 37.7770217, -122.4229484 37.7767334, -122.421323 37.7769666, -122.4213874 37.7772422, -122.4230182 37.7770217))",polygon4
Dropoff,5,21,POINT(-122.424849741087 37.7766378002019),POINT(-122.424737579614 37.7763838266664),"POLYGON((-122.4263119 37.7766275, -122.4262636 37.7763518, -122.4246221 37.7765172, -122.4246758 37.7768055, -122.4263119 37.7766275))",polygon2
Pickup,1,20,POINT(-122.425079075496 37.777106979788),POINT(-122.424879380038 37.7765457342905),"POLYGON((-122.4263119 37.7766275, -122.4262636 37.7763518, -122.4246221 37.7765172, -122.4246758 37.7768055, -122.4263119 37.7766275))",polygon2
Dropoff,5,17,POINT(-122.426240775333 37.7763211770386),POINT(-122.426045402584 37.7766179779217),"POLYGON((-122.4263119 37.7766275, -122.4262636 37.7763518, -122.4246221 37.7765172, -122.4246758 37.7768055, -122.4263119 37.7766275))",polygon2
Pickup,7,21,POINT(-122.426284066636 37.776333305778),POINT(-122.426030108019 37.7766027628789),"POLYGON((-122.4263119 37.7766275, -122.4262636 37.7763518, -122.4246221 37.7765172, -122.4246758 37.7768055, -122.4263119 37.7766275))",polygon2
Dropoff,1,1,POINT(-122.427943034668 37.7764120864173),POINT(-122.42763058142 37.7764144910363),"POLYGON((-122.4279642 37.7763815, -122.4279159 37.7761441, -122.4262636 37.7763518, -122.4263119 37.7766275, -122.4279642 37.7763815))",polygon1
Dropoff,5,9,POINT(-122.422644164838 37.7769104068418),POINT(-122.422350188199 37.7770882030583),"POLYGON((-122.4230182 37.7770217, -122.4229484 37.7767334, -122.421323 37.7769666, -122.4213874 37.7772422, -122.4230182 37.7770217))",polygon4
Dropoff,2,17,POINT(-122.425942661086 37.7765363877665),POINT(-122.426045402584 37.7766179779217),"POLYGON((-122.4263119 37.7766275, -122.4262636 37.7763518, -122.4246221 37.7765172, -122.4246758 37.7768055, -122.4263119 37.7766275))",polygon2
Pickup,7,0,POINT(-122.422644164838 37.7769104068418),POINT(-122.422586181857 37.7769234410287),"POLYGON((-122.4230182 37.7770217, -122.4229484 37.7767334, -122.421323 37.7769666, -122.4213874 37.7772422, -122.4230182 37.7770217))",polygon4
Pickup,7,20,POINT(-122.42483021221 37.7766853906467),POINT(-122.424681930889 37.7765565919769),"POLYGON((-122.4263119 37.7766275, -122.4262636 37.7763518, -122.4246221 37.7765172, -122.4246758 37.7768055, -122.4263119 37.7766275))",polygon2
Dropoff,1,18,POINT(-122.424655057037 37.7768302824437),POINT(-122.423637993347 37.7766909758119),"POLYGON((-122.4246758 37.7768055, -122.4246221 37.7765172, -122.4229484 37.7767334, -122.4230182 37.7770217, -122.4246758 37.7768055))",polygon3
Pickup,4,21,POINT(-122.424849741087 37.7766378002019),POINT(-122.424966827858 37.7765528610726),"POLYGON((-122.4263119 37.7766275, -122.4262636 37.7763518, -122.4246221 37.7765172, -122.4246758 37.7768055, -122.4263119 37.7766275))",polygon2
Dropoff,6,23,POINT(-122.426492832429 37.7764272114263),POINT(-122.425810972087 37.7767072418296),"POLYGON((-122.4279642 37.7763815, -122.4279159 37.7761441, -122.4262636 37.7763518, -122.4263119 37.7766275, -122.4279642 37.7763815))",polygon1
Dropoff,4,10,POINT(-122.424655057037 37.7768302824437),POINT(-122.425094024557 37.7764978903963),"POLYGON((-122.4263119 37.7766275, -122.4262636 37.7763518, -122.4246221 37.7765172, -122.4246758 37.7768055, -122.4263119 37.7766275))",polygon2
Pickup,7,22,POINT(-122.424849741087 37.7766378002019),POINT(-122.424944533856 37.7765499036874),"POLYGON((-122.4263119 37.7766275, -122.4262636 37.7763518, -122.4246221 37.7765172, -122.4246758 37.7768055, -122.4263119 37.7766275))",polygon2
Dropoff,7,18,POINT(-122.426284066636 37.776333305778),POINT(-122.426045402584 37.7766179779217),"POLYGON((-122.4263119 37.7766275, -122.4262636 37.7763518, -122.4246221 37.7765172, -122.4246758 37.7768055, -122.4263119 37.7766275))",polygon2
Dropoff,1,0,POINT(-122.42722299098 37.7763746233702),POINT(-122.427257036119 37.7765269950168),"POLYGON((-122.4279642 37.7763815, -122.4279159 37.7761441, -122.4262636 37.7763518, -122.4263119 37.7766275, -122.4279642 37.7763815))",polygon1
Pickup,6,21,POINT(-122.424287636355 37.7761765994006),POINT(-122.424260503168 37.7768516000623),"POLYGON((-122.4246758 37.7768055, -122.4246221 37.7765172, -122.4229484 37.7767334, -122.4230182 37.7770217, -122.4246758 37.7768055))",polygon3
Pickup,7,14,POINT(-122.426457490898 37.7764721777419),POINT(-122.426198261701 37.776429416338),"POLYGON((-122.4279642 37.7763815, -122.4279159 37.7761441, -122.4262636 37.7763518, -122.4263119 37.7766275, -122.4279642 37.7763815))",polygon1
Pickup,7,14,POINT(-122.426457490898 37.7764721777419),POINT(-122.426198261701 37.776429416338),"POLYGON((-122.4263119 37.7766275, -122.4262636 37.7763518, -122.4246221 37.7765172, -122.4246758 37.7768055, -122.4263119 37.7766275))",polygon2
Pickup,3,18,POINT(-122.425757138545 37.7765203889702),POINT(-122.425696564976 37.776340915577),"POLYGON((-122.4263119 37.7766275, -122.4262636 37.7763518, -122.4246221 37.7765172, -122.4246758 37.7768055, -122.4263119 37.7766275))",polygon2
Dropoff,1,21,POINT(-122.426284066636 37.776333305778),POINT(-122.426045402584 37.7766179779217),"POLYGON((-122.4263119 37.7766275, -122.4262636 37.7763518, -122.4246221 37.7765172, -122.4246758 37.7768055, -122.4263119 37.7766275))",polygon2
Dropoff,1,17,POINT(-122.421148608457 37.7771766722894),POINT(-122.422101836922 37.77709966012),"POLYGON((-122.4230182 37.7770217, -122.4229484 37.7767334, -122.421323 37.7769666, -122.4213874 37.7772422, -122.4230182 37.7770217))",polygon4
Pickup,5,13,POINT(-122.425113207741 37.7766043103469),POINT(-122.425123836261 37.776608383898),"POLYGON((-122.4263119 37.7766275, -122.4262636 37.7763518, -122.4246221 37.7765172, -122.4246758 37.7768055, -122.4263119 37.7766275))",polygon2
Pickup,1,21,POINT(-122.423001999489 37.7767477208701),POINT(-122.422783634949 37.7770654752049),"POLYGON((-122.4246758 37.7768055, -122.4246221 37.7765172, -122.4229484 37.7767334, -122.4230182 37.7770217, -122.4246758 37.7768055))",polygon3
Pickup,5,18,POINT(-122.424407056859 37.7766915149081),POINT(-122.424353309008 37.7763880952172),"POLYGON((-122.4246758 37.7768055, -122.4246221 37.7765172, -122.4229484 37.7767334, -122.4230182 37.7770217, -122.4246758 37.7768055))",polygon3
Pickup,4,11,POINT(-122.423864133169 37.7767650064983),POINT(-122.423837691167 37.7764071683861),"POLYGON((-122.4246758 37.7768055, -122.4246221 37.7765172, -122.4229484 37.7767334, -122.4230182 37.7770217, -122.4246758 37.7768055))",polygon3
Dropoff,6,15,POINT(-122.425135069654 37.7766015119388),POINT(-122.425094024557 37.7764978903963),"POLYGON((-122.4263119 37.7766275, -122.4262636 37.7763518, -122.4246221 37.7765172, -122.4246758 37.7768055, -122.4263119 37.7766275))",polygon2
Dropoff,4,3,POINT(-122.423608786105 37.7767970128174),POINT(-122.423604119858 37.7766909977582),"POLYGON((-122.4246758 37.7768055, -122.4246221 37.7765172, -122.4229484 37.7767334, -122.4230182 37.7770217, -122.4246758 37.7768055))",polygon3
Pickup,7,19,POINT(-122.422889922455 37.7773778190985),POINT(-122.423011764098 37.7769162169328),"POLYGON((-122.4246758 37.7768055, -122.4246221 37.7765172, -122.4229484 37.7767334, -122.4230182 37.7770217, -122.4246758 37.7768055))",polygon3
Pickup,7,0,POINT(-122.426284066636 37.776333305778),POINT(-122.425875088405 37.7765302007509),"POLYGON((-122.4263119 37.7766275, -122.4262636 37.7763518, -122.4246221 37.7765172, -122.4246758 37.7768055, -122.4263119 37.7766275))",polygon2
Pickup,3,6,POINT(-122.425642817785 37.7765785973798),POINT(-122.425716093691 37.7767167960817),"POLYGON((-122.4263119 37.7766275, -122.4262636 37.7763518, -122.4246221 37.7765172, -122.4246758 37.7768055, -122.4263119 37.7766275))",polygon2
Dropoff,1,14,POINT(-122.425942661086 37.7765363877665),POINT(-122.426045402584 37.7766179779217),"POLYGON((-122.4263119 37.7766275, -122.4262636 37.7763518, -122.4246221 37.7765172, -122.4246758 37.7768055, -122.4263119 37.7766275))",polygon2
Dropoff,6,20,POINT(-122.423001999489 37.7767477208701),POINT(-122.423206883257 37.7765015045614),"POLYGON((-122.4246758 37.7768055, -122.4246221 37.7765172, -122.4229484 37.7767334, -122.4230182 37.7770217, -122.4246758 37.7768055))",polygon3
Dropoff,6,12,POINT(-122.423330798425 37.7768281299506),POINT(-122.423255533372 37.7770072188445),"POLYGON((-122.4246758 37.7768055, -122.4246221 37.7765172, -122.4229484 37.7767334, -122.4230182 37.7770217, -122.4246758 37.7768055))",polygon3
Dropoff,2,20,POINT(-122.425795504668 37.7765572237663),POINT(-122.425810972087 37.7767072418296),"POLYGON((-122.4263119 37.7766275, -122.4262636 37.7763518, -122.4246221 37.7765172, -122.4246758 37.7768055, -122.4263119 37.7766275))",polygon2
Pickup,7,22,POINT(-122.424287636355 37.7761765994006),POINT(-122.424320472686 37.7767299225037),"POLYGON((-122.4246758 37.7768055, -122.4246221 37.7765172, -122.4229484 37.7767334, -122.4230182 37.7770217, -122.4246758 37.7768055))",polygon3
Dropoff,1,21,POINT(-122.427480316653 37.776303830332),POINT(-122.427475132126 37.7763122587286),"POLYGON((-122.4279642 37.7763815, -122.4279159 37.7761441, -122.4262636 37.7763518, -122.4263119 37.7766275, -122.4279642 37.7763815))",polygon1
Dropoff,2,11,POINT(-122.42332198438 37.7768290232458),POINT(-122.423255533372 37.7770072188445),"POLYGON((-122.4246758 37.7768055, -122.4246221 37.7765172, -122.4229484 37.7767334, -122.4230182 37.7770217, -122.4246758 37.7768055))",polygon3
Pickup,7,14,POINT(-122.426284066636 37.776333305778),POINT(-122.425670123435 37.7765425004318),"POLYGON((-122.4263119 37.7766275, -122.4262636 37.7763518, -122.4246221 37.7765172, -122.4246758 37.7768055, -122.4263119 37.7766275))",polygon2
Dropoff,3,20,POINT(-122.42401846446 37.7767878407125),POINT(-122.423954260597 37.7769130015034),"POLYGON((-122.4246758 37.7768055, -122.4246221 37.7765172, -122.4229484 37.7767334, -122.4230182 37.7770217, -122.4246758 37.7768055))",polygon3
Pickup,7,15,POINT(-122.427574588593 37.7763292103275),POINT(-122.427595499498 37.7764161950943),"POLYGON((-122.4279642 37.7763815, -122.4279159 37.7761441, -122.4262636 37.7763518, -122.4263119 37.7766275, -122.4279642 37.7763815))",polygon1
Dropoff,7,8,POINT(-122.424151711115 37.7767248311338),POINT(-122.424125269186 37.7765754964609),"POLYGON((-122.4246758 37.7768055, -122.4246221 37.7765172, -122.4229484 37.7767334, -122.4230182 37.7770217, -122.4246758 37.7768055))",polygon3
Dropoff,2,20,POINT(-122.422512298875 37.7769274794115),POINT(-122.422587132397 37.7768889069558),"POLYGON((-122.4230182 37.7770217, -122.4229484 37.7767334, -122.421323 37.7769666, -122.4213874 37.7772422, -122.4230182 37.7770217))",polygon4
Pickup,6,17,POINT(-122.424655057037 37.7768302824437),POINT(-122.423862491345 37.7767330147406),"POLYGON((-122.4246758 37.7768055, -122.4246221 37.7765172, -122.4229484 37.7767334, -122.4230182 37.7770217, -122.4246758 37.7768055))",polygon3
Dropoff,3,21,POINT(-122.426284066636 37.776333305778),POINT(-122.42572698138 37.7766432929754),"POLYGON((-122.4263119 37.7766275, -122.4262636 37.7763518, -122.4246221 37.7765172, -122.4246758 37.7768055, -122.4263119 37.7766275))",polygon2
Pickup,6,0,POINT(-122.424407056859 37.7766915149081),POINT(-122.424424857588 37.776764337184),"POLYGON((-122.4246758 37.7768055, -122.4246221 37.7765172, -122.4229484 37.7767334, -122.4230182 37.7770217, -122.4246758 37.7768055))",polygon3
Pickup,6,20,POINT(-122.426492832429 37.7764272114263),POINT(-122.426127664839 37.7765800256841),"POLYGON((-122.4279642 37.7763815, -122.4279159 37.7761441, -122.4262636 37.7763518, -122.4263119 37.7766275, -122.4279642 37.7763815))",polygon1
Pickup,6,20,POINT(-122.426492832429 37.7764272114263),POINT(-122.426127664839 37.7765800256841),"POLYGON((-122.4263119 37.7766275, -122.4262636 37.7763518, -122.4246221 37.7765172, -122.4246758 37.7768055, -122.4263119 37.7766275))",polygon2
Dropoff,6,22,POINT(-122.422512212463 37.7769275059873),POINT(-122.42254081512 37.7768266710287),"POLYGON((-122.4230182 37.7770217, -122.4229484 37.7767334, -122.421323 37.7769666, -122.4213874 37.7772422, -122.4230182 37.7770217))",polygon4
Pickup,3,22,POINT(-122.423209475626 37.776820223827),POINT(-122.42261063668 37.7768393668644),"POLYGON((-122.4230182 37.7770217, -122.4229484 37.7767334, -122.421323 37.7769666, -122.4213874 37.7772422, -122.4230182 37.7770217))",polygon4
Pickup,3,22,POINT(-122.423209475626 37.776820223827),POINT(-122.42261063668 37.7768393668644),"POLYGON((-122.4246758 37.7768055, -122.4246221 37.7765172, -122.4229484 37.7767334, -122.4230182 37.7770217, -122.4246758 37.7768055))",polygon3
Pickup,6,13,POINT(-122.423403039 37.7768640718708),POINT(-122.423080116334 37.7770558616519),"POLYGON((-122.4246758 37.7768055, -122.4246221 37.7765172, -122.4229484 37.7767334, -122.4230182 37.7770217, -122.4246758 37.7768055))",polygon3
Pickup,5,23,POINT(-122.424387700723 37.7766938332243),POINT(-122.424367307647 37.7768026841857),"POLYGON((-122.4246758 37.7768055, -122.4246221 37.7765172, -122.4229484 37.7767334, -122.4230182 37.7770217, -122.4246758 37.7768055))",polygon3
Pickup,2,19,POINT(-122.421342521285 37.7772425193096),POINT(-122.421505411241 37.7770931894021),"POLYGON((-122.4230182 37.7770217, -122.4229484 37.7767334, -122.421323 37.7769666, -122.4213874 37.7772422, -122.4230182 37.7770217))",polygon4
Pickup,6,23,POINT(-122.424287636355 37.7761765994006),POINT(-122.424398761372 37.77671413134),"POLYGON((-122.4246758 37.7768055, -122.4246221 37.7765172, -122.4229484 37.7767334, -122.4230182 37.7770217, -122.4246758 37.7768055))",polygon3
Pickup,4,19,POINT(-122.424018637284 37.7767436589665),POINT(-122.423960395826 37.7767258762965),"POLYGON((-122.4246758 37.7768055, -122.4246221 37.7765172, -122.4229484 37.7767334, -122.4230182 37.7770217, -122.4246758 37.7768055))",polygon3
Pickup,6,14,POINT(-122.427574588593 37.7763292103275),POINT(-122.427604918045 37.776460188127),"POLYGON((-122.4279642 37.7763815, -122.4279159 37.7761441, -122.4262636 37.7763518, -122.4263119 37.7766275, -122.4279642 37.7763815))",polygon1
Pickup,6,14,POINT(-122.424726778234 37.7769542755059),POINT(-122.424691868163 37.7766467361041),"POLYGON((-122.4263119 37.7766275, -122.4262636 37.7763518, -122.4246221 37.7765172, -122.4246758 37.7768055, -122.4263119 37.7766275))",polygon2
Pickup,2,18,POINT(-122.423344537964 37.7768300110875),POINT(-122.421555531177 37.7762122720027),"POLYGON((-122.4246758 37.7768055, -122.4246221 37.7765172, -122.4229484 37.7767334, -122.4230182 37.7770217, -122.4246758 37.7768055))",polygon3
Pickup,2,19,POINT(-122.42401846446 37.7767878407125),POINT(-122.423878304697 37.7767597028127),"POLYGON((-122.4246758 37.7768055, -122.4246221 37.7765172, -122.4229484 37.7767334, -122.4230182 37.7770217, -122.4246758 37.7768055))",polygon3
Dropoff,5,1,POINT(-122.425354034177 37.7765735666938),POINT(-122.42538263606 37.7764701879546),"POLYGON((-122.4263119 37.7766275, -122.4262636 37.7763518, -122.4246221 37.7765172, -122.4246758 37.7768055, -122.4263119 37.7766275))",polygon2
Pickup,3,20,POINT(-122.423864133169 37.7767650064983),POINT(-122.423894118046 37.7768276841909),"POLYGON((-122.4246758 37.7768055, -122.4246221 37.7765172, -122.4229484 37.7767334, -122.4230182 37.7770217, -122.4246758 37.7768055))",polygon3
Pickup,6,21,POINT(-122.424849741087 37.7766378002019),POINT(-122.42475140538 37.776519084509),"POLYGON((-122.4263119 37.7766275, -122.4262636 37.7763518, -122.4246221 37.7765172, -122.4246758 37.7768055, -122.4263119 37.7766275))",polygon2
Pickup,4,20,POINT(-122.423209475626 37.776820223827),POINT(-122.423070697381 37.7771041230486),"POLYGON((-122.4246758 37.7768055, -122.4246221 37.7765172, -122.4229484 37.7767334, -122.4230182 37.7770217, -122.4246758 37.7768055))",polygon3
Pickup,5,19,POINT(-122.421342521285 37.7772425193096),POINT(-122.421629501245 37.7770689860783),"POLYGON((-122.4230182 37.7770217, -122.4229484 37.7767334, -122.421323 37.7769666, -122.4213874 37.7772422, -122.4230182 37.7770217))",polygon4
Pickup,3,21,POINT(-122.426240775333 37.7763211770386),POINT(-122.426057586389 37.7765432037924),"POLYGON((-122.4263119 37.7766275, -122.4262636 37.7763518, -122.4246221 37.7765172, -122.4246758 37.7768055, -122.4263119 37.7766275))",polygon2
Dropoff,1,14,POINT(-122.425212839269 37.776634806121),POINT(-122.425217419033 37.7768120914548),"POLYGON((-122.4263119 37.7766275, -122.4262636 37.7763518, -122.4246221 37.7765172, -122.4246758 37.7768055, -122.4263119 37.7766275))",polygon2
Pickup,5,20,POINT(-122.424726778234 37.7769542755059),POINT(-122.424663698148 37.7765901890482),"POLYGON((-122.4263119 37.7766275, -122.4262636 37.7763518, -122.4246221 37.7765172, -122.4246758 37.7768055, -122.4263119 37.7766275))",polygon2
Pickup,5,21,POINT(-122.426284066636 37.776333305778),POINT(-122.425899888102 37.7766663708247),"POLYGON((-122.4263119 37.7766275, -122.4262636 37.7763518, -122.4246221 37.7765172, -122.4246758 37.7768055, -122.4263119 37.7766275))",polygon2
Dropoff,1,20,POINT(-122.426457490898 37.7764721777419),POINT(-122.426045402584 37.7766179779217),"POLYGON((-122.4279642 37.7763815, -122.4279159 37.7761441, -122.4262636 37.7763518, -122.4263119 37.7766275, -122.4279642 37.7763815))",polygon1
Dropoff,1,20,POINT(-122.426457490898 37.7764721777419),POINT(-122.426045402584 37.7766179779217),"POLYGON((-122.4263119 37.7766275, -122.4262636 37.7763518, -122.4246221 37.7765172, -122.4246758 37.7768055, -122.4263119 37.7766275))",polygon2
Pickup,5,21,POINT(-122.426457490898 37.7764721777419),POINT(-122.426104939033 37.7765559735081),"POLYGON((-122.4279642 37.7763815, -122.4279159 37.7761441, -122.4262636 37.7763518, -122.4263119 37.7766275, -122.4279642 37.7763815))",polygon1
Pickup,5,21,POINT(-122.426457490898 37.7764721777419),POINT(-122.426104939033 37.7765559735081),"POLYGON((-122.4263119 37.7766275, -122.4262636 37.7763518, -122.4246221 37.7765172, -122.4246758 37.7768055, -122.4263119 37.7766275))",polygon2
Pickup,5,10,POINT(-122.423864133169 37.7767650064983),POINT(-122.423802780801 37.7764083089592),"POLYGON((-122.4246758 37.7768055, -122.4246221 37.7765172, -122.4229484 37.7767334, -122.4230182 37.7770217, -122.4246758 37.7768055))",polygon3
Dropoff,2,17,POINT(-122.421342521285 37.7772425193096),POINT(-122.422266021896 37.7768752677252),"POLYGON((-122.4230182 37.7770217, -122.4229484 37.7767334, -122.421323 37.7769666, -122.4213874 37.7772422, -122.4230182 37.7770217))",polygon4
Pickup,1,14,POINT(-122.422995172904 37.7767151424587),POINT(-122.422356064283 37.7770849419116),"POLYGON((-122.4230182 37.7770217, -122.4229484 37.7767334, -122.421323 37.7769666, -122.4213874 37.7772422, -122.4230182 37.7770217))",polygon4
Dropoff,5,13,POINT(-122.424655057037 37.7768302824437),POINT(-122.424799709135 37.7767751050329),"POLYGON((-122.4263119 37.7766275, -122.4262636 37.7763518, -122.4246221 37.7765172, -122.4246758 37.7768055, -122.4263119 37.7766275))",polygon2
Pickup,1,7,POINT(-122.424655057037 37.7768302824437),POINT(-122.42467493159 37.7767987976508),"POLYGON((-122.4263119 37.7766275, -122.4262636 37.7763518, -122.4246221 37.7765172, -122.4246758 37.7768055, -122.4263119 37.7766275))",polygon2
Pickup,3,23,POINT(-122.423209475626 37.776820223827),POINT(-122.42252448309 37.7769701148747),"POLYGON((-122.4230182 37.7770217, -122.4229484 37.7767334, -122.421323 37.7769666, -122.4213874 37.7772422, -122.4230182 37.7770217))",polygon4
Pickup,3,23,POINT(-122.423209475626 37.776820223827),POINT(-122.42252448309 37.7769701148747),"POLYGON((-122.4246758 37.7768055, -122.4246221 37.7765172, -122.4229484 37.7767334, -122.4230182 37.7770217, -122.4246758 37.7768055))",polygon3
Pickup,7,19,POINT(-122.424849741087 37.7766378002019),POINT(-122.424949891329 37.7765737733065),"POLYGON((-122.4263119 37.7766275, -122.4262636 37.7763518, -122.4246221 37.7765172, -122.4246758 37.7768055, -122.4263119 37.7766275))",polygon2
Dropoff,6,16,POINT(-122.423115718239 37.776394319937),POINT(-122.422814397848 37.776811887749),"POLYGON((-122.4230182 37.7770217, -122.4229484 37.7767334, -122.421323 37.7769666, -122.4213874 37.7772422, -122.4230182 37.7770217))",polygon4
Dropoff,4,17,POINT(-122.42332198438 37.7768290232458),POINT(-122.423255533372 37.7770072188445),"POLYGON((-122.4246758 37.7768055, -122.4246221 37.7765172, -122.4229484 37.7767334, -122.4230182 37.7770217, -122.4246758 37.7768055))",polygon3
Dropoff,3,17,POINT(-122.423367091543 37.7768286725309),POINT(-122.423408482964 37.7767098007088),"POLYGON((-122.4246758 37.7768055, -122.4246221 37.7765172, -122.4229484 37.7767334, -122.4230182 37.7770217, -122.4246758 37.7768055))",polygon3
Pickup,5,21,POINT(-122.426284066636 37.776333305778),POINT(-122.426020689331 37.7765445203489),"POLYGON((-122.4263119 37.7766275, -122.4262636 37.7763518, -122.4246221 37.7765172, -122.4246758 37.7768055, -122.4263119 37.7766275))",polygon2
Pickup,7,17,POINT(-122.424655057037 37.7768302824437),POINT(-122.424291438457 37.7766133731706),"POLYGON((-122.4246758 37.7768055, -122.4246221 37.7765172, -122.4229484 37.7767334, -122.4230182 37.7770217, -122.4246758 37.7768055))",polygon3
Dropoff,7,18,POINT(-122.422733688425 37.7764490718287),POINT(-122.42254081512 37.7768266710287),"POLYGON((-122.4230182 37.7770217, -122.4229484 37.7767334, -122.421323 37.7769666, -122.4213874 37.7772422, -122.4230182 37.7770217))",polygon4
Dropoff,4,21,POINT(-122.425942661086 37.7765363877665),POINT(-122.426045402584 37.7766179779217),"POLYGON((-122.4263119 37.7766275, -122.4262636 37.7763518, -122.4246221 37.7765172, -122.4246758 37.7768055, -122.4263119 37.7766275))",polygon2
Dropoff,6,12,POINT(-122.426284066636 37.776333305778),POINT(-122.426143218619 37.776627293737),"POLYGON((-122.4263119 37.7766275, -122.4262636 37.7763518, -122.4246221 37.7765172, -122.4246758 37.7768055, -122.4263119 37.7766275))",polygon2
Pickup,7,13,POINT(-122.422968557858 37.7765832347175),POINT(-122.425222171618 37.7765688329493),"POLYGON((-122.4263119 37.7766275, -122.4262636 37.7763518, -122.4246221 37.7765172, -122.4246758 37.7768055, -122.4263119 37.7766275))",polygon2
Pickup,7,0,POINT(-122.424287636355 37.7761765994006),POINT(-122.424364542484 37.7767264733788),"POLYGON((-122.4246758 37.7768055, -122.4246221 37.7765172, -122.4229484 37.7767334, -122.4230182 37.7770217, -122.4246758 37.7768055))",polygon3
Pickup,2,10,POINT(-122.42401846446 37.7767878407125),POINT(-122.423954260597 37.7769130015034),"POLYGON((-122.4246758 37.7768055, -122.4246221 37.7765172, -122.4229484 37.7767334, -122.4230182 37.7770217, -122.4246758 37.7768055))",polygon3
Pickup,7,22,POINT(-122.42483021221 37.7766853906467),POINT(-122.424386318141 37.7767673939953),"POLYGON((-122.4246758 37.7768055, -122.4246221 37.7765172, -122.4229484 37.7767334, -122.4230182 37.7770217, -122.4246758 37.7768055))",polygon3
Pickup,7,22,POINT(-122.42483021221 37.7766853906467),POINT(-122.424386318141 37.7767673939953),"POLYGON((-122.4263119 37.7766275, -122.4262636 37.7763518, -122.4246221 37.7765172, -122.4246758 37.7768055, -122.4263119 37.7766275))",polygon2
Pickup,1,19,POINT(-122.425038894485 37.7766587185507),POINT(-122.425024463881 37.7766228817146),"POLYGON((-122.4263119 37.7766275, -122.4262636 37.7763518, -122.4246221 37.7765172, -122.4246758 37.7768055, -122.4263119 37.7766275))",polygon2
Pickup,5,15,POINT(-122.425178879877 37.7765960339293),POINT(-122.425189335569 37.7765976161602),"POLYGON((-122.4263119 37.7766275, -122.4262636 37.7763518, -122.4246221 37.7765172, -122.4246758 37.7768055, -122.4263119 37.7766275))",polygon2
Pickup,7,18,POINT(-122.424287636355 37.7761765994006),POINT(-122.424117060088 37.7767396323689),"POLYGON((-122.4246758 37.7768055, -122.4246221 37.7765172, -122.4229484 37.7767334, -122.4230182 37.7770217, -122.4246758 37.7768055))",polygon3
Pickup,4,13,POINT(-122.421528829352 37.7771072160929),POINT(-122.421366717157 37.7770067260881),"POLYGON((-122.4230182 37.7770217, -122.4229484 37.7767334, -122.421323 37.7769666, -122.4213874 37.7772422, -122.4230182 37.7770217))",polygon4
Pickup,7,12,POINT(-122.424849741087 37.7766378002019),POINT(-122.424958791648 37.7766256329025),"POLYGON((-122.4263119 37.7766275, -122.4262636 37.7763518, -122.4246221 37.7765172, -122.4246758 37.7768055, -122.4263119 37.7766275))",polygon2
Pickup,6,6,POINT(-122.425642817785 37.7765785973798),POINT(-122.42571583446 37.7767157853361),"POLYGON((-122.4263119 37.7766275, -122.4262636 37.7763518, -122.4246221 37.7765172, -122.4246758 37.7768055, -122.4263119 37.7766275))",polygon2
Pickup,1,13,POINT(-122.426457490898 37.7764721777419),POINT(-122.426236368433 37.7765795950658),"POLYGON((-122.4279642 37.7763815, -122.4279159 37.7761441, -122.4262636 37.7763518, -122.4263119 37.7766275, -122.4279642 37.7763815))",polygon1
Pickup,1,13,POINT(-122.426457490898 37.7764721777419),POINT(-122.426236368433 37.7765795950658),"POLYGON((-122.4263119 37.7766275, -122.4262636 37.7763518, -122.4246221 37.7765172, -122.4246758 37.7768055, -122.4263119 37.7766275))",polygon2
Dropoff,1,14,POINT(-122.426284066636 37.776333305778),POINT(-122.426150563459 37.7765657125264),"POLYGON((-122.4263119 37.7766275, -122.4262636 37.7763518, -122.4246221 37.7765172, -122.4246758 37.7768055, -122.4263119 37.7766275))",polygon2
Pickup,6,14,POINT(-122.421342521285 37.7772425193096),POINT(-122.421841041525 37.7771257030153),"POLYGON((-122.4230182 37.7770217, -122.4229484 37.7767334, -122.421323 37.7769666, -122.4213874 37.7772422, -122.4230182 37.7770217))",polygon4
Dropoff,3,9,POINT(-122.422644164838 37.7769104795419),POINT(-122.422350188199 37.7770882030583),"POLYGON((-122.4230182 37.7770217, -122.4229484 37.7767334, -122.421323 37.7769666, -122.4213874 37.7772422, -122.4230182 37.7770217))",polygon4
Pickup,1,23,POINT(-122.425866706624 37.7765055894921),POINT(-122.425909479621 37.7764917789598),"POLYGON((-122.4263119 37.7766275, -122.4262636 37.7763518, -122.4246221 37.7765172, -122.4246758 37.7768055, -122.4263119 37.7766275))",polygon2
Pickup,7,18,POINT(-122.424655057037 37.7768302824437),POINT(-122.424799709135 37.7767751050329),"POLYGON((-122.4263119 37.7766275, -122.4262636 37.7763518, -122.4246221 37.7765172, -122.4246758 37.7768055, -122.4263119 37.7766275))",polygon2
Pickup,7,13,POINT(-122.424655057037 37.7768302824437),POINT(-122.424783723101 37.7767462894836),"POLYGON((-122.4263119 37.7766275, -122.4262636 37.7763518, -122.4246221 37.7765172, -122.4246758 37.7768055, -122.4263119 37.7766275))",polygon2
Pickup,3,21,POINT(-122.425113207741 37.7766043103469),POINT(-122.424928461432 37.7765623351326),"POLYGON((-122.4263119 37.7766275, -122.4262636 37.7763518, -122.4246221 37.7765172, -122.4246758 37.7768055, -122.4263119 37.7766275))",polygon2
Pickup,2,6,POINT(-122.426240775333 37.7763211770386),POINT(-122.425716957793 37.7766364890135),"POLYGON((-122.4263119 37.7766275, -122.4262636 37.7763518, -122.4246221 37.7765172, -122.4246758 37.7768055, -122.4263119 37.7766275))",polygon2
Pickup,7,20,POINT(-122.426457490898 37.7764721777419),POINT(-122.426296509642 37.7763456175933),"POLYGON((-122.4279642 37.7763815, -122.4279159 37.7761441, -122.4262636 37.7763518, -122.4263119 37.7766275, -122.4279642 37.7763815))",polygon1
Pickup,1,0,POINT(-122.424849741087 37.7766378002019),POINT(-122.424806967658 37.776639178785),"POLYGON((-122.4263119 37.7766275, -122.4262636 37.7763518, -122.4246221 37.7765172, -122.4246758 37.7768055, -122.4263119 37.7766275))",polygon2
Dropoff,6,15,POINT(-122.424849741087 37.7766378002019),POINT(-122.424737579614 37.7763838266664),"POLYGON((-122.4263119 37.7766275, -122.4262636 37.7763518, -122.4246221 37.7765172, -122.4246758 37.7768055, -122.4263119 37.7766275))",polygon2
Pickup,5,15,POINT(-122.425113207741 37.7766043103469),POINT(-122.425000873729 37.7764903368474),"POLYGON((-122.4263119 37.7766275, -122.4262636 37.7763518, -122.4246221 37.7765172, -122.4246758 37.7768055, -122.4263119 37.7766275))",polygon2
Pickup,3,12,POINT(-122.424463224198 37.7766844176431),POINT(-122.425026796973 37.7765876320269),"POLYGON((-122.4246758 37.7768055, -122.4246221 37.7765172, -122.4229484 37.7767334, -122.4230182 37.7770217, -122.4246758 37.7768055))",polygon3
Pickup,3,12,POINT(-122.424463224198 37.7766844176431),POINT(-122.425026796973 37.7765876320269),"POLYGON((-122.4263119 37.7766275, -122.4262636 37.7763518, -122.4246221 37.7765172, -122.4246758 37.7768055, -122.4263119 37.7766275))",polygon2
Pickup,1,13,POINT(-122.426457490898 37.7764721777419),POINT(-122.425864978422 37.7763575972322),"POLYGON((-122.4279642 37.7763815, -122.4279159 37.7761441, -122.4262636 37.7763518, -122.4263119 37.7766275, -122.4279642 37.7763815))",polygon1
Dropoff,6,12,POINT(-122.423367091543 37.7768286725309),POINT(-122.423408482964 37.7767098007088),"POLYGON((-122.4246758 37.7768055, -122.4246221 37.7765172, -122.4229484 37.7767334, -122.4230182 37.7770217, -122.4246758 37.7768055))",polygon3
Pickup,6,22,POINT(-122.422803509856 37.7769471141156),POINT(-122.42294073303 37.7769198875371),"POLYGON((-122.4230182 37.7770217, -122.4229484 37.7767334, -122.421323 37.7769666, -122.4213874 37.7772422, -122.4230182 37.7770217))",polygon4
Dropoff,4,22,POINT(-122.421342521285 37.7772425193096),POINT(-122.422101836922 37.77709966012),"POLYGON((-122.4230182 37.7770217, -122.4229484 37.7767334, -122.421323 37.7769666, -122.4213874 37.7772422, -122.4230182 37.7770217))",polygon4
Pickup,6,20,POINT(-122.424655057037 37.7768302824437),POINT(-122.423728812264 37.7768159311951),"POLYGON((-122.4246758 37.7768055, -122.4246221 37.7765172, -122.4229484 37.7767334, -122.4230182 37.7770217, -122.4246758 37.7768055))",polygon3
Dropoff,6,13,POINT(-122.425384277859 37.7766123184562),POINT(-122.425419965394 37.7767606249844),"POLYGON((-122.4263119 37.7766275, -122.4262636 37.7763518, -122.4246221 37.7765172, -122.4246758 37.7768055, -122.4263119 37.7766275))",polygon2
Pickup,6,18,POINT(-122.421167619534 37.777089328486),POINT(-122.421595799935 37.7770730981341),"POLYGON((-122.4230182 37.7770217, -122.4229484 37.7767334, -122.421323 37.7769666, -122.4213874 37.7772422, -122.4230182 37.7770217))",polygon4
Dropoff,7,15,POINT(-122.425730092148 37.7765665113315),POINT(-122.425780987758 37.7767240251403),"POLYGON((-122.4263119 37.7766275, -122.4262636 37.7763518, -122.4246221 37.7765172, -122.4246758 37.7768055, -122.4263119 37.7766275))",polygon2
Dropoff,3,17,POINT(-122.422803509856 37.7769471141156),POINT(-122.423166960766 37.7770716090959),"POLYGON((-122.4230182 37.7770217, -122.4229484 37.7767334, -122.421323 37.7769666, -122.4213874 37.7772422, -122.4230182 37.7770217))",polygon4
Pickup,4,15,POINT(-122.425447098281 37.7766044100342),POINT(-122.42544692546 37.776656224807),"POLYGON((-122.4263119 37.7766275, -122.4262636 37.7763518, -122.4246221 37.7765172, -122.4246758 37.7768055, -122.4263119 37.7766275))",polygon2
Pickup,7,23,POINT(-122.42483021221 37.7766853906467),POINT(-122.424319867807 37.7768448280664),"POLYGON((-122.4246758 37.7768055, -122.4246221 37.7765172, -122.4229484 37.7767334, -122.4230182 37.7770217, -122.4246758 37.7768055))",polygon3
Pickup,7,23,POINT(-122.42483021221 37.7766853906467),POINT(-122.424319867807 37.7768448280664),"POLYGON((-122.4263119 37.7766275, -122.4262636 37.7763518, -122.4246221 37.7765172, -122.4246758 37.7768055, -122.4263119 37.7766275))",polygon2
Pickup,1,14,POINT(-122.426284066636 37.776333305778),POINT(-122.426256588326 37.7765733029834),"POLYGON((-122.4263119 37.7766275, -122.4262636 37.7763518, -122.4246221 37.7765172, -122.4246758 37.7768055, -122.4263119 37.7766275))",polygon2
Pickup,1,17,POINT(-122.424287636355 37.7761765994006),POINT(-122.424301375769 37.7767727273195),"POLYGON((-122.4246758 37.7768055, -122.4246221 37.7765172, -122.4229484 37.7767334, -122.4230182 37.7770217, -122.4246758 37.7768055))",polygon3
Pickup,7,16,POINT(-122.425942661086 37.7765363877665),POINT(-122.426092236775 37.7765532649628),"POLYGON((-122.4263119 37.7766275, -122.4262636 37.7763518, -122.4246221 37.7765172, -122.4246758 37.7768055, -122.4263119 37.7766275))",polygon2
Dropoff,5,13,POINT(-122.424726778234 37.7769542755059),POINT(-122.425002774767 37.7765249385779),"POLYGON((-122.4263119 37.7766275, -122.4262636 37.7763518, -122.4246221 37.7765172, -122.4246758 37.7768055, -122.4263119 37.7766275))",polygon2
Pickup,4,22,POINT(-122.424463224198 37.7766844176431),POINT(-122.424522329488 37.7766996805017),"POLYGON((-122.4246758 37.7768055, -122.4246221 37.7765172, -122.4229484 37.7767334, -122.4230182 37.7770217, -122.4246758 37.7768055))",polygon3
Dropoff,5,10,POINT(-122.42332198438 37.7768290232458),POINT(-122.422115663035 37.776883123342),"POLYGON((-122.4230182 37.7770217, -122.4229484 37.7767334, -122.421323 37.7769666, -122.4213874 37.7772422, -122.4230182 37.7770217))",polygon4
Dropoff,5,10,POINT(-122.42332198438 37.7768290232458),POINT(-122.422115663035 37.776883123342),"POLYGON((-122.4246758 37.7768055, -122.4246221 37.7765172, -122.4229484 37.7767334, -122.4230182 37.7770217, -122.4246758 37.7768055))",polygon3
Dropoff,2,19,POINT(-122.426457490898 37.7764721777419),POINT(-122.426045402584 37.7766179779217),"POLYGON((-122.4279642 37.7763815, -122.4279159 37.7761441, -122.4262636 37.7763518, -122.4263119 37.7766275, -122.4279642 37.7763815))",polygon1
Dropoff,2,19,POINT(-122.426457490898 37.7764721777419),POINT(-122.426045402584 37.7766179779217),"POLYGON((-122.4263119 37.7766275, -122.4262636 37.7763518, -122.4246221 37.7765172, -122.4246758 37.7768055, -122.4263119 37.7766275))",polygon2
Dropoff,2,18,POINT(-122.423864133169 37.7767650064983),POINT(-122.424029697972 37.7768991780854),"POLYGON((-122.4246758 37.7768055, -122.4246221 37.7765172, -122.4229484 37.7767334, -122.4230182 37.7770217, -122.4246758 37.7768055))",polygon3
Pickup,2,11,POINT(-122.424446028354 37.7766867258339),POINT(-122.424250306618 37.776440567145),"POLYGON((-122.4246758 37.7768055, -122.4246221 37.7765172, -122.4229484 37.7767334, -122.4230182 37.7770217, -122.4246758 37.7768055))",polygon3
Pickup,7,17,POINT(-122.425708316769 37.7765695013865),POINT(-122.425720414202 37.7766381884394),"POLYGON((-122.4263119 37.7766275, -122.4262636 37.7763518, -122.4246221 37.7765172, -122.4246758 37.7768055, -122.4263119 37.7766275))",polygon2
Pickup,2,6,POINT(-122.425642817785 37.7765785973798),POINT(-122.425719204459 37.7766416138813),"POLYGON((-122.4263119 37.7766275, -122.4262636 37.7763518, -122.4246221 37.7765172, -122.4246758 37.7768055, -122.4263119 37.7766275))",polygon2
Dropoff,6,13,POINT(-122.425212839269 37.776634806121),POINT(-122.425241095547 37.7767667876302),"POLYGON((-122.4263119 37.7766275, -122.4262636 37.7763518, -122.4246221 37.7765172, -122.4246758 37.7768055, -122.4263119 37.7766275))",polygon2
Dropoff,1,20,POINT(-122.423001999489 37.7767477208701),POINT(-122.423604119858 37.7766909977582),"POLYGON((-122.4246758 37.7768055, -122.4246221 37.7765172, -122.4229484 37.7767334, -122.4230182 37.7770217, -122.4246758 37.7768055))",polygon3
Pickup,1,22,POINT(-122.424849741087 37.7766378002019),POINT(-122.424717618662 37.7764614296204),"POLYGON((-122.4263119 37.7766275, -122.4262636 37.7763518, -122.4246221 37.7765172, -122.4246758 37.7768055, -122.4263119 37.7766275))",polygon2
Pickup,7,17,POINT(-122.423153998915 37.7774616295067),POINT(-122.423127383909 37.7769425255224),"POLYGON((-122.4246758 37.7768055, -122.4246221 37.7765172, -122.4229484 37.7767334, -122.4230182 37.7770217, -122.4246758 37.7768055))",polygon3
Pickup,7,18,POINT(-122.424655057037 37.7768302824437),POINT(-122.424231036865 37.7767029779188),"POLYGON((-122.4246758 37.7768055, -122.4246221 37.7765172, -122.4229484 37.7767334, -122.4230182 37.7770217, -122.4246758 37.7768055))",polygon3
Dropoff,1,19,POINT(-122.425942661086 37.7765363877665),POINT(-122.426045402584 37.7766179779217),"POLYGON((-122.4263119 37.7766275, -122.4262636 37.7763518, -122.4246221 37.7765172, -122.4246758 37.7768055, -122.4263119 37.7766275))",polygon2
Dropoff,1,17,POINT(-122.424655057037 37.7768302824437),POINT(-122.423808656804 37.7768935898479),"POLYGON((-122.4246758 37.7768055, -122.4246221 37.7765172, -122.4229484 37.7767334, -122.4230182 37.7770217, -122.4246758 37.7768055))",polygon3
Pickup,2,19,POINT(-122.425942661086 37.7765363877665),POINT(-122.426110123628 37.776478990274),"POLYGON((-122.4263119 37.7766275, -122.4262636 37.7763518, -122.4246221 37.7765172, -122.4246758 37.7768055, -122.4263119 37.7766275))",polygon2
Pickup,5,23,POINT(-122.425795504668 37.7765572237663),POINT(-122.425820736435 37.7767038022941),"POLYGON((-122.4263119 37.7766275, -122.4262636 37.7763518, -122.4246221 37.7765172, -122.4246758 37.7768055, -122.4263119 37.7766275))",polygon2
Dropoff,4,19,POINT(-122.423864133169 37.7767650064983),POINT(-122.424029697972 37.7768991780854),"POLYGON((-122.4246758 37.7768055, -122.4246221 37.7765172, -122.4229484 37.7767334, -122.4230182 37.7770217, -122.4246758 37.7768055))",polygon3
Dropoff,1,11,POINT(-122.424655057037 37.7768302824437),POINT(-122.423895068575 37.7766462971795),"POLYGON((-122.4246758 37.7768055, -122.4246221 37.7765172, -122.4229484 37.7767334, -122.4230182 37.7770217, -122.4246758 37.7768055))",polygon3
Pickup,4,20,POINT(-122.423209475626 37.776820223827),POINT(-122.422813533721 37.7768802007341),"POLYGON((-122.4230182 37.7770217, -122.4229484 37.7767334, -122.421323 37.7769666, -122.4213874 37.7772422, -122.4230182 37.7770217))",polygon4
Pickup,4,20,POINT(-122.423209475626 37.776820223827),POINT(-122.422813533721 37.7768802007341),"POLYGON((-122.4246758 37.7768055, -122.4246221 37.7765172, -122.4229484 37.7767334, -122.4230182 37.7770217, -122.4246758 37.7768055))",polygon3
Pickup,6,13,POINT(-122.424747516884 37.7770608709698),POINT(-122.424336458792 37.7766738253608),"POLYGON((-122.4246758 37.7768055, -122.4246221 37.7765172, -122.4229484 37.7767334, -122.4230182 37.7770217, -122.4246758 37.7768055))",polygon3
Dropoff,6,19,POINT(-122.426457490898 37.7764721777419),POINT(-122.426080139384 37.7761801151558),"POLYGON((-122.4279642 37.7763815, -122.4279159 37.7761441, -122.4262636 37.7763518, -122.4263119 37.7766275, -122.4279642 37.7763815))",polygon1
Pickup,2,17,POINT(-122.423367091543 37.7768286725309),POINT(-122.423945187369 37.7767099798385),"POLYGON((-122.4246758 37.7768055, -122.4246221 37.7765172, -122.4229484 37.7767334, -122.4230182 37.7770217, -122.4246758 37.7768055))",polygon3
Pickup,6,0,POINT(-122.424387700723 37.7766938332243),POINT(-122.424371628214 37.7769032069426),"POLYGON((-122.4246758 37.7768055, -122.4246221 37.7765172, -122.4229484 37.7767334, -122.4230182 37.7770217, -122.4246758 37.7768055))",polygon3
Dropoff,4,1,POINT(-122.422085072758 37.7770384405069),POINT(-122.422101836922 37.77709966012),"POLYGON((-122.4230182 37.7770217, -122.4229484 37.7767334, -122.421323 37.7769666, -122.4213874 37.7772422, -122.4230182 37.7770217))",polygon4
Pickup,7,13,POINT(-122.426457490898 37.7764721777419),POINT(-122.426302212686 37.7765097617702),"POLYGON((-122.4279642 37.7763815, -122.4279159 37.7761441, -122.4262636 37.7763518, -122.4263119 37.7766275, -122.4279642 37.7763815))",polygon1
Pickup,4,13,POINT(-122.424463224198 37.7766844176431),POINT(-122.424464693189 37.7766684808677),"POLYGON((-122.4246758 37.7768055, -122.4246221 37.7765172, -122.4229484 37.7767334, -122.4230182 37.7770217, -122.4246758 37.7768055))",polygon3
Pickup,4,20,POINT(-122.423864133169 37.7767650064983),POINT(-122.423953482892 37.7767011035994),"POLYGON((-122.4246758 37.7768055, -122.4246221 37.7765172, -122.4229484 37.7767334, -122.4230182 37.7770217, -122.4246758 37.7768055))",polygon3
Dropoff,6,20,POINT(-122.423001999489 37.7767477208701),POINT(-122.42254081512 37.7768266710287),"POLYGON((-122.4230182 37.7770217, -122.4229484 37.7767334, -122.421323 37.7769666, -122.4213874 37.7772422, -122.4230182 37.7770217))",polygon4
Dropoff,6,20,POINT(-122.423001999489 37.7767477208701),POINT(-122.42254081512 37.7768266710287),"POLYGON((-122.4246758 37.7768055, -122.4246221 37.7765172, -122.4229484 37.7767334, -122.4230182 37.7770217, -122.4246758 37.7768055))",polygon3
Pickup,4,21,POINT(-122.424655057037 37.7768302824437),POINT(-122.424285735304 37.7768239926418),"POLYGON((-122.4246758 37.7768055, -122.4246221 37.7765172, -122.4229484 37.7767334, -122.4230182 37.7770217, -122.4246758 37.7768055))",polygon3
Pickup,6,20,POINT(-122.424736888326 37.7772412341288),POINT(-122.424248405566 37.7768412171925),"POLYGON((-122.4246758 37.7768055, -122.4246221 37.7765172, -122.4229484 37.7767334, -122.4230182 37.7770217, -122.4246758 37.7768055))",polygon3
Pickup,1,18,POINT(-122.425942661086 37.7765363877665),POINT(-122.425993297362 37.7766628660426),"POLYGON((-122.4263119 37.7766275, -122.4262636 37.7763518, -122.4246221 37.7765172, -122.4246758 37.7768055, -122.4263119 37.7766275))",polygon2
Dropoff,7,20,POINT(-122.42483021221 37.7766853906467),POINT(-122.424319867807 37.7768448280664),"POLYGON((-122.4246758 37.7768055, -122.4246221 37.7765172, -122.4229484 37.7767334, -122.4230182 37.7770217, -122.4246758 37.7768055))",polygon3
Dropoff,7,20,POINT(-122.42483021221 37.7766853906467),POINT(-122.424319867807 37.7768448280664),"POLYGON((-122.4263119 37.7766275, -122.4262636 37.7763518, -122.4246221 37.7765172, -122.4246758 37.7768055, -122.4263119 37.7766275))",polygon2
Pickup,1,18,POINT(-122.424685300921 37.7769807000914),POINT(-122.424723494614 37.7767153058422),"POLYGON((-122.4263119 37.7766275, -122.4262636 37.7763518, -122.4246221 37.7765172, -122.4246758 37.7768055, -122.4263119 37.7766275))",polygon2
Pickup,6,22,POINT(-122.424726778234 37.7769542755059),POINT(-122.424575299552 37.7766002205908),"POLYGON((-122.4246758 37.7768055, -122.4246221 37.7765172, -122.4229484 37.7767334, -122.4230182 37.7770217, -122.4246758 37.7768055))",polygon3
Pickup,6,10,POINT(-122.426284066636 37.776333305778),POINT(-122.425976274589 37.7765006769326),"POLYGON((-122.4263119 37.7766275, -122.4262636 37.7763518, -122.4246221 37.7765172, -122.4246758 37.7768055, -122.4263119 37.7766275))",polygon2
Pickup,5,15,POINT(-122.42410383912 37.7767769949933),POINT(-122.424574694674 37.7772528078835),"POLYGON((-122.4246758 37.7768055, -122.4246221 37.7765172, -122.4229484 37.7767334, -122.4230182 37.7770217, -122.4246758 37.7768055))",polygon3
Pickup,7,23,POINT(-122.426284066636 37.776333305778),POINT(-122.425902739635 37.7764637547543),"POLYGON((-122.4263119 37.7766275, -122.4262636 37.7763518, -122.4246221 37.7765172, -122.4246758 37.7768055, -122.4263119 37.7766275))",polygon2
Pickup,4,12,POINT(-122.423651387198 37.776791689419),POINT(-122.423651300786 37.7767379909311),"POLYGON((-122.4246758 37.7768055, -122.4246221 37.7765172, -122.4229484 37.7767334, -122.4230182 37.7770217, -122.4246758 37.7768055))",polygon3
Pickup,5,23,POINT(-122.424655057037 37.7768302824437),POINT(-122.424392885402 37.7767368032985),"POLYGON((-122.4246758 37.7768055, -122.4246221 37.7765172, -122.4229484 37.7767334, -122.4230182 37.7770217, -122.4246758 37.7768055))",polygon3
Pickup,1,20,POINT(-122.423001999489 37.7767477208701),POINT(-122.422642177344 37.7769217049931),"POLYGON((-122.4230182 37.7770217, -122.4229484 37.7767334, -122.421323 37.7769666, -122.4213874 37.7772422, -122.4230182 37.7770217))",polygon4
Pickup,1,20,POINT(-122.423001999489 37.7767477208701),POINT(-122.422642177344 37.7769217049931),"POLYGON((-122.4246758 37.7768055, -122.4246221 37.7765172, -122.4229484 37.7767334, -122.4230182 37.7770217, -122.4246758 37.7768055))",polygon3
Pickup,1,17,POINT(-122.423001999489 37.7767477208701),POINT(-122.423144061495 37.7766931246775),"POLYGON((-122.4246758 37.7768055, -122.4246221 37.7765172, -122.4229484 37.7767334, -122.4230182 37.7770217, -122.4246758 37.7768055))",polygon3
Pickup,1,13,POINT(-122.426492832429 37.7764272114263),POINT(-122.42586333663 37.7767298837511),"POLYGON((-122.4279642 37.7763815, -122.4279159 37.7761441, -122.4262636 37.7763518, -122.4263119 37.7766275, -122.4279642 37.7763815))",polygon1
Pickup,7,0,POINT(-122.424146440012 37.7767715986847),POINT(-122.424259293408 37.7767725117812),"POLYGON((-122.4246758 37.7768055, -122.4246221 37.7765172, -122.4229484 37.7767334, -122.4230182 37.7770217, -122.4246758 37.7768055))",polygon3
Pickup,5,19,POINT(-122.426240775333 37.7763211770386),POINT(-122.426192904291 37.7765455645975),"POLYGON((-122.4263119 37.7766275, -122.4262636 37.7763518, -122.4246221 37.7765172, -122.4246758 37.7768055, -122.4263119 37.7766275))",polygon2
Dropoff,1,11,POINT(-122.423001999489 37.7767477208701),POINT(-122.422654707195 37.7771086888349),"POLYGON((-122.4246758 37.7768055, -122.4246221 37.7765172, -122.4229484 37.7767334, -122.4230182 37.7770217, -122.4246758 37.7768055))",polygon3
Dropoff,3,18,POINT(-122.423209475626 37.776820223827),POINT(-122.422094059733 37.7769269897723),"POLYGON((-122.4230182 37.7770217, -122.4229484 37.7767334, -122.421323 37.7769666, -122.4213874 37.7772422, -122.4230182 37.7770217))",polygon4
Dropoff,3,18,POINT(-122.423209475626 37.776820223827),POINT(-122.422094059733 37.7769269897723),"POLYGON((-122.4246758 37.7768055, -122.4246221 37.7765172, -122.4229484 37.7767334, -122.4230182 37.7770217, -122.4246758 37.7768055))",polygon3
Pickup,6,19,POINT(-122.426240775333 37.7763211770386),POINT(-122.425852967416 37.7766592113424),"POLYGON((-122.4263119 37.7766275, -122.4262636 37.7763518, -122.4246221 37.7765172, -122.4246758 37.7768055, -122.4263119 37.7766275))",polygon2
Pickup,1,19,POINT(-122.425942661086 37.7765363877665),POINT(-122.4261421817 37.7767054000836),"POLYGON((-122.4263119 37.7766275, -122.4262636 37.7763518, -122.4246221 37.7765172, -122.4246758 37.7768055, -122.4263119 37.7766275))",polygon2
Pickup,3,16,POINT(-122.425866706624 37.7765055894921),POINT(-122.426088434738 37.7763879543159),"POLYGON((-122.4263119 37.7766275, -122.4262636 37.7763518, -122.4246221 37.7765172, -122.4246758 37.7768055, -122.4263119 37.7766275))",polygon2
Dropoff,2,20,POINT(-122.427618484207 37.7763234139178),POINT(-122.42763058142 37.7764144910363),"POLYGON((-122.4279642 37.7763815, -122.4279159 37.7761441, -122.4262636 37.7763518, -122.4263119 37.7766275, -122.4279642 37.7763815))",polygon1
Dropoff,7,23,POINT(-122.427618484207 37.7763234139178),POINT(-122.42763058142 37.7764144910363),"POLYGON((-122.4279642 37.7763815, -122.4279159 37.7761441, -122.4262636 37.7763518, -122.4263119 37.7766275, -122.4279642 37.7763815))",polygon1
Pickup,7,20,POINT(-122.425942661086 37.7765363877665),POINT(-122.426131294054 37.7765485213658),"POLYGON((-122.4263119 37.7766275, -122.4262636 37.7763518, -122.4246221 37.7765172, -122.4246758 37.7768055, -122.4263119 37.7766275))",polygon2
Dropoff,2,18,POINT(-122.42332198438 37.7768290232458),POINT(-122.423166960766 37.7770716090959),"POLYGON((-122.4246758 37.7768055, -122.4246221 37.7765172, -122.4229484 37.7767334, -122.4230182 37.7770217, -122.4246758 37.7768055))",polygon3
Pickup,3,21,POINT(-122.426284066636 37.776333305778),POINT(-122.426045402584 37.7766179779217),"POLYGON((-122.4263119 37.7766275, -122.4262636 37.7763518, -122.4246221 37.7765172, -122.4246758 37.7768055, -122.4263119 37.7766275))",polygon2
Pickup,7,13,POINT(-122.422805238109 37.7773888149194),POINT(-122.422343966462 37.7769964788189),"POLYGON((-122.4230182 37.7770217, -122.4229484 37.7767334, -122.421323 37.7769666, -122.4213874 37.7772422, -122.4230182 37.7770217))",polygon4
Pickup,7,16,POINT(-122.424881713133 37.7771319882572),POINT(-122.424583508614 37.7767236109545),"POLYGON((-122.4246758 37.7768055, -122.4246221 37.7765172, -122.4229484 37.7767334, -122.4230182 37.7770217, -122.4246758 37.7768055))",polygon3
Pickup,3,20,POINT(-122.423864133169 37.7767650064983),POINT(-122.424029697972 37.7768991780854),"POLYGON((-122.4246758 37.7768055, -122.4246221 37.7765172, -122.4229484 37.7767334, -122.4230182 37.7770217, -122.4246758 37.7768055))",polygon3
Dropoff,5,18,POINT(-122.423330798425 37.7768281299506),POINT(-122.422740342202 37.7771040893142),"POLYGON((-122.4246758 37.7768055, -122.4246221 37.7765172, -122.4229484 37.7767334, -122.4230182 37.7770217, -122.4246758 37.7768055))",polygon3
Pickup,4,20,POINT(-122.424655057037 37.7768302824437),POINT(-122.424567695369 37.7765857658332),"POLYGON((-122.4246758 37.7768055, -122.4246221 37.7765172, -122.4229484 37.7767334, -122.4230182 37.7770217, -122.4246758 37.7768055))",polygon3
Pickup,6,8,POINT(-122.424655057037 37.7768302824437),POINT(-122.424799709135 37.7767751050329),"POLYGON((-122.4263119 37.7766275, -122.4262636 37.7763518, -122.4246221 37.7765172, -122.4246758 37.7768055, -122.4263119 37.7766275))",polygon2
Dropoff,2,19,POINT(-122.424849741087 37.7766378002019),POINT(-122.424897871975 37.7765207086951),"POLYGON((-122.4263119 37.7766275, -122.4262636 37.7763518, -122.4246221 37.7765172, -122.4246758 37.7768055, -122.4263119 37.7766275))",polygon2
Pickup,7,16,POINT(-122.426240775333 37.7763211770386),POINT(-122.425946463128 37.7765224960396),"POLYGON((-122.4263119 37.7766275, -122.4262636 37.7763518, -122.4246221 37.7765172, -122.4246758 37.7768055, -122.4263119 37.7766275))",polygon2
Dropoff,1,11,POINT(-122.424849741087 37.7766378002019),POINT(-122.424776896631 37.7765500656232),"POLYGON((-122.4263119 37.7766275, -122.4262636 37.7763518, -122.4246221 37.7765172, -122.4246758 37.7768055, -122.4263119 37.7766275))",polygon2
Pickup,5,20,POINT(-122.423403039 37.7768640718708),POINT(-122.42306672241 37.7766447918866),"POLYGON((-122.4246758 37.7768055, -122.4246221 37.7765172, -122.4229484 37.7767334, -122.4230182 37.7770217, -122.4246758 37.7768055))",polygon3
Dropoff,7,17,POINT(-122.425178879877 37.7765960339293),POINT(-122.425153734367 37.7765027162634),"POLYGON((-122.4263119 37.7766275, -122.4262636 37.7763518, -122.4246221 37.7765172, -122.4246758 37.7768055, -122.4263119 37.7766275))",polygon2
Dropoff,1,15,POINT(-122.426268599287 37.7762551139851),POINT(-122.426265229305 37.7763700695688),"POLYGON((-122.4263119 37.7766275, -122.4262636 37.7763518, -122.4246221 37.7765172, -122.4246758 37.7768055, -122.4263119 37.7766275))",polygon2
Dropoff,3,19,POINT(-122.424463224198 37.7766844176431),POINT(-122.424568041013 37.7767552670106),"POLYGON((-122.4246758 37.7768055, -122.4246221 37.7765172, -122.4229484 37.7767334, -122.4230182 37.7770217, -122.4246758 37.7768055))",polygon3
Pickup,1,15,POINT(-122.423115718239 37.776394319937),POINT(-122.423040971506 37.7769997810404),"POLYGON((-122.4246758 37.7768055, -122.4246221 37.7765172, -122.4229484 37.7767334, -122.4230182 37.7770217, -122.4246758 37.7768055))",polygon3
Dropoff,6,14,POINT(-122.425384277859 37.7766123184562),POINT(-122.425438975697 37.7767009080141),"POLYGON((-122.4263119 37.7766275, -122.4262636 37.7763518, -122.4246221 37.7765172, -122.4246758 37.7768055, -122.4263119 37.7766275))",polygon2
Dropoff,7,19,POINT(-122.424849741087 37.7766378002019),POINT(-122.424776896631 37.7765500656232),"POLYGON((-122.4263119 37.7766275, -122.4262636 37.7763518, -122.4246221 37.7765172, -122.4246758 37.7768055, -122.4263119 37.7766275))",polygon2
Dropoff,7,17,POINT(-122.425113207741 37.7766043103469),POINT(-122.425002774767 37.7765249385779),"POLYGON((-122.4263119 37.7766275, -122.4262636 37.7763518, -122.4246221 37.7765172, -122.4246758 37.7768055, -122.4263119 37.7766275))",polygon2
Dropoff,6,9,POINT(-122.424446028354 37.7766867258339),POINT(-122.424484135723 37.7768766729888),"POLYGON((-122.4246758 37.7768055, -122.4246221 37.7765172, -122.4229484 37.7767334, -122.4230182 37.7770217, -122.4246758 37.7768055))",polygon3
Pickup,4,0,POINT(-122.424655057037 37.7768302824437),POINT(-122.42440316835 37.7767222995184),"POLYGON((-122.4246758 37.7768055, -122.4246221 37.7765172, -122.4229484 37.7767334, -122.4230182 37.7770217, -122.4246758 37.7768055))",polygon3
Dropoff,5,17,POINT(-122.422803509856 37.7769471141156),POINT(-122.423176811772 37.7770403719393),"POLYGON((-122.4230182 37.7770217, -122.4229484 37.7767334, -122.421323 37.7769666, -122.4213874 37.7772422, -122.4230182 37.7770217))",polygon4
Pickup,6,14,POINT(-122.42401846446 37.7767878407125),POINT(-122.423930065322 37.7768449083282),"POLYGON((-122.4246758 37.7768055, -122.4246221 37.7765172, -122.4229484 37.7767334, -122.4230182 37.7770217, -122.4246758 37.7768055))",polygon3
Dropoff,7,16,POINT(-122.424655057037 37.7768302824437),POINT(-122.423637993347 37.7766909758119),"POLYGON((-122.4246758 37.7768055, -122.4246221 37.7765172, -122.4229484 37.7767334, -122.4230182 37.7770217, -122.4246758 37.7768055))",polygon3
Dropoff,6,14,POINT(-122.426284066636 37.776333305778),POINT(-122.426045402584 37.7766179779217),"POLYGON((-122.4263119 37.7766275, -122.4262636 37.7763518, -122.4246221 37.7765172, -122.4246758 37.7768055, -122.4263119 37.7766275))",polygon2
Pickup,7,15,POINT(-122.424849741087 37.7766378002019),POINT(-122.424737579614 37.7763838266664),"POLYGON((-122.4263119 37.7766275, -122.4262636 37.7763518, -122.4246221 37.7765172, -122.4246758 37.7768055, -122.4263119 37.7766275))",polygon2
Pickup,4,14,POINT(-122.424446028354 37.7766867258339),POINT(-122.424267329671 37.7764545968941),"POLYGON((-122.4246758 37.7768055, -122.4246221 37.7765172, -122.4229484 37.7767334, -122.4230182 37.7770217, -122.4246758 37.7768055))",polygon3
Pickup,5,13,POINT(-122.421163385249 37.7770887404333),POINT(-122.421990277407 37.776945239172),"POLYGON((-122.4230182 37.7770217, -122.4229484 37.7767334, -122.421323 37.7769666, -122.4213874 37.7772422, -122.4230182 37.7770217))",polygon4
Dropoff,3,21,POINT(-122.423425333329 37.7768612136313),POINT(-122.423206883257 37.7765015045614),"POLYGON((-122.4246758 37.7768055, -122.4246221 37.7765172, -122.4229484 37.7767334, -122.4230182 37.7770217, -122.4246758 37.7768055))",polygon3
Dropoff,5,12,POINT(-122.426457490898 37.7764721777419),POINT(-122.426143218619 37.776627293737),"POLYGON((-122.4279642 37.7763815, -122.4279159 37.7761441, -122.4262636 37.7763518, -122.4263119 37.7766275, -122.4279642 37.7763815))",polygon1
Dropoff,5,12,POINT(-122.426457490898 37.7764721777419),POINT(-122.426143218619 37.776627293737),"POLYGON((-122.4263119 37.7766275, -122.4262636 37.7763518, -122.4246221 37.7765172, -122.4246758 37.7768055, -122.4263119 37.7766275))",polygon2
Dropoff,2,17,POINT(-122.425113207741 37.7766043103469),POINT(-122.425002774767 37.7765249385779),"POLYGON((-122.4263119 37.7766275, -122.4262636 37.7763518, -122.4246221 37.7765172, -122.4246758 37.7768055, -122.4263119 37.7766275))",polygon2
Dropoff,6,0,POINT(-122.422085072758 37.7770384405069),POINT(-122.422110737483 37.7771039747568),"POLYGON((-122.4230182 37.7770217, -122.4229484 37.7767334, -122.421323 37.7769666, -122.4213874 37.7772422, -122.4230182 37.7770217))",polygon4
Pickup,5,23,POINT(-122.424196126629 37.7767185859009),POINT(-122.42428547607 37.7769187994965),"POLYGON((-122.4246758 37.7768055, -122.4246221 37.7765172, -122.4229484 37.7767334, -122.4230182 37.7770217, -122.4246758 37.7768055))",polygon3
Pickup,3,21,POINT(-122.425942661086 37.7765363877665),POINT(-122.425995371203 37.7765512900305),"POLYGON((-122.4263119 37.7766275, -122.4262636 37.7763518, -122.4246221 37.7765172, -122.4246758 37.7768055, -122.4263119 37.7766275))",polygon2
Pickup,4,22,POINT(-122.422446279419 37.7769360785602),POINT(-122.422727293885 37.7771315843212),"POLYGON((-122.4230182 37.7770217, -122.4229484 37.7767334, -122.421323 37.7769666, -122.4213874 37.7772422, -122.4230182 37.7770217))",polygon4
Pickup,7,11,POINT(-122.425533595113 37.7765932903383),POINT(-122.425557703608 37.7766774756103),"POLYGON((-122.4263119 37.7766275, -122.4262636 37.7763518, -122.4246221 37.7765172, -122.4246758 37.7768055, -122.4263119 37.7766275))",polygon2
Pickup,7,13,POINT(-122.424726778234 37.7769542755059),POINT(-122.42476911964 37.7766847702405),"POLYGON((-122.4263119 37.7766275, -122.4262636 37.7763518, -122.4246221 37.7765172, -122.4246758 37.7768055, -122.4263119 37.7766275))",polygon2
Dropoff,4,19,POINT(-122.424387700723 37.7766938332243),POINT(-122.424319867807 37.7768448280664),"POLYGON((-122.4246758 37.7768055, -122.4246221 37.7765172, -122.4229484 37.7767334, -122.4230182 37.7770217, -122.4246758 37.7768055))",polygon3
Pickup,5,22,POINT(-122.424242788822 37.7762566951634),POINT(-122.424399020606 37.7765941702796),"POLYGON((-122.4246758 37.7768055, -122.4246221 37.7765172, -122.4229484 37.7767334, -122.4230182 37.7770217, -122.4246758 37.7768055))",polygon3
Pickup,3,20,POINT(-122.422803509856 37.7769471141156),POINT(-122.423311787739 37.7769363379763),"POLYGON((-122.4230182 37.7770217, -122.4229484 37.7767334, -122.421323 37.7769666, -122.4213874 37.7772422, -122.4230182 37.7770217))",polygon4
Pickup,3,20,POINT(-122.422803509856 37.7769471141156),POINT(-122.423311787739 37.7769363379763),"POLYGON((-122.4246758 37.7768055, -122.4246221 37.7765172, -122.4229484 37.7767334, -122.4230182 37.7770217, -122.4246758 37.7768055))",polygon3
Dropoff,1,0,POINT(-122.425730092148 37.7765665113315),POINT(-122.42573467189 37.7766785854561),"POLYGON((-122.4263119 37.7766275, -122.4262636 37.7763518, -122.4246221 37.7765172, -122.4246758 37.7768055, -122.4263119 37.7766275))",polygon2
Pickup,2,21,POINT(-122.42404075866 37.7767406356565),POINT(-122.424039289662 37.7767114987583),"POLYGON((-122.4246758 37.7768055, -122.4246221 37.7765172, -122.4229484 37.7767334, -122.4230182 37.7770217, -122.4246758 37.7768055))",polygon3
Pickup,1,13,POINT(-122.421163385249 37.7770887404333),POINT(-122.42136723564 37.7770214702609),"POLYGON((-122.4230182 37.7770217, -122.4229484 37.7767334, -122.421323 37.7769666, -122.4213874 37.7772422, -122.4230182 37.7770217))",polygon4
Dropoff,2,14,POINT(-122.425533595113 37.7765932903383),POINT(-122.425557703608 37.7766774756103),"POLYGON((-122.4263119 37.7766275, -122.4262636 37.7763518, -122.4246221 37.7765172, -122.4246758 37.7768055, -122.4263119 37.7766275))",polygon2
Dropoff,3,18,POINT(-122.425942661086 37.7765363877665),POINT(-122.426045402584 37.7766179779217),"POLYGON((-122.4263119 37.7766275, -122.4262636 37.7763518, -122.4246221 37.7765172, -122.4246758 37.7768055, -122.4263119 37.7766275))",polygon2
Pickup,6,13,POINT(-122.425113207741 37.7766043103469),POINT(-122.424973481494 37.7764816776065),"POLYGON((-122.4263119 37.7766275, -122.4262636 37.7763518, -122.4246221 37.7765172, -122.4246758 37.7768055, -122.4263119 37.7766275))",polygon2
Pickup,5,19,POINT(-122.425866706624 37.7765055894921),POINT(-122.425947327228 37.7764342647111),"POLYGON((-122.4263119 37.7766275, -122.4262636 37.7763518, -122.4246221 37.7765172, -122.4246758 37.7768055, -122.4263119 37.7766275))",polygon2
Pickup,4,20,POINT(-122.423425333329 37.7768612136313),POINT(-122.423171799857 37.7769519111455),"POLYGON((-122.4246758 37.7768055, -122.4246221 37.7765172, -122.4229484 37.7767334, -122.4230182 37.7770217, -122.4246758 37.7768055))",polygon3
Pickup,6,14,POINT(-122.42523452834 37.7766317700468),POINT(-122.425230985504 37.7766519068739),"POLYGON((-122.4263119 37.7766275, -122.4262636 37.7763518, -122.4246221 37.7765172, -122.4246758 37.7768055, -122.4263119 37.7766275))",polygon2
Pickup,6,10,POINT(-122.426240775333 37.7763211770386),POINT(-122.426084287061 37.7765631254409),"POLYGON((-122.4263119 37.7766275, -122.4262636 37.7763518, -122.4246221 37.7765172, -122.4246758 37.7768055, -122.4263119 37.7766275))",polygon2
Pickup,4,21,POINT(-122.42483021221 37.7766853906467),POINT(-122.424816732099 37.7766984060328),"POLYGON((-122.4263119 37.7766275, -122.4262636 37.7763518, -122.4246221 37.7765172, -122.4246758 37.7768055, -122.4263119 37.7766275))",polygon2
Pickup,1,20,POINT(-122.424849741087 37.7766378002019),POINT(-122.42489553888 37.7765410550938),"POLYGON((-122.4263119 37.7766275, -122.4262636 37.7763518, -122.4246221 37.7765172, -122.4246758 37.7768055, -122.4263119 37.7766275))",polygon2
Pickup,1,13,POINT(-122.423001999489 37.7767477208701),POINT(-122.423407791667 37.7767824950448),"POLYGON((-122.4246758 37.7768055, -122.4246221 37.7765172, -122.4229484 37.7767334, -122.4230182 37.7770217, -122.4246758 37.7768055))",polygon3
Pickup,5,21,POINT(-122.423209475626 37.776820223827),POINT(-122.423065426223 37.7770504197537),"POLYGON((-122.4246758 37.7768055, -122.4246221 37.7765172, -122.4229484 37.7767334, -122.4230182 37.7770217, -122.4246758 37.7768055))",polygon3
Dropoff,4,13,POINT(-122.425533595113 37.7765932903383),POINT(-122.425557703608 37.7766774756103),"POLYGON((-122.4263119 37.7766275, -122.4262636 37.7763518, -122.4246221 37.7765172, -122.4246758 37.7768055, -122.4263119 37.7766275))",polygon2
Dropoff,5,10,POINT(-122.425648520864 37.7765348959759),POINT(-122.425618709309 37.7763708237297),"POLYGON((-122.4263119 37.7766275, -122.4262636 37.7763518, -122.4246221 37.7765172, -122.4246758 37.7768055, -122.4263119 37.7766275))",polygon2
Dropoff,6,23,POINT(-122.424726778234 37.7769542755059),POINT(-122.424776896631 37.7765500656232),"POLYGON((-122.4263119 37.7766275, -122.4262636 37.7763518, -122.4246221 37.7765172, -122.4246758 37.7768055, -122.4263119 37.7766275))",polygon2
Pickup,3,20,POINT(-122.426457490898 37.7764721777419),POINT(-122.426180634092 37.7763159758403),"POLYGON((-122.4279642 37.7763815, -122.4279159 37.7761441, -122.4262636 37.7763518, -122.4263119 37.7766275, -122.4279642 37.7763815))",polygon1
Pickup,4,16,POINT(-122.42332198438 37.7768290232458),POINT(-122.423068364246 37.7766104813858),"POLYGON((-122.4246758 37.7768055, -122.4246221 37.7765172, -122.4229484 37.7767334, -122.4230182 37.7770217, -122.4246758 37.7768055))",polygon3
Pickup,2,20,POINT(-122.425817280029 37.7765540882959),POINT(-122.425827390016 37.7766726036093),"POLYGON((-122.4263119 37.7766275, -122.4262636 37.7763518, -122.4246221 37.7765172, -122.4246758 37.7768055, -122.4263119 37.7766275))",polygon2
Pickup,2,20,POINT(-122.421528829352 37.7771072160929),POINT(-122.421264489562 37.7769954161739),"POLYGON((-122.4230182 37.7770217, -122.4229484 37.7767334, -122.421323 37.7769666, -122.4213874 37.7772422, -122.4230182 37.7770217))",polygon4
Pickup,6,22,POINT(-122.423001999489 37.7767477208701),POINT(-122.422740342202 37.7771040893142),"POLYGON((-122.4246758 37.7768055, -122.4246221 37.7765172, -122.4229484 37.7767334, -122.4230182 37.7770217, -122.4246758 37.7768055))",polygon3
Pickup,5,10,POINT(-122.425468009609 37.7766018312104),POINT(-122.425453838296 37.7765747113569),"POLYGON((-122.4263119 37.7766275, -122.4262636 37.7763518, -122.4246221 37.7765172, -122.4246758 37.7768055, -122.4263119 37.7766275))",polygon2
Pickup,4,22,POINT(-122.424387700723 37.7766938332243),POINT(-122.424362468611 37.7767732026076),"POLYGON((-122.4246758 37.7768055, -122.4246221 37.7765172, -122.4229484 37.7767334, -122.4230182 37.7770217, -122.4246758 37.7768055))",polygon3
Pickup,7,22,POINT(-122.422889922455 37.7773778190985),POINT(-122.422928462451 37.7769711343549),"POLYGON((-122.4230182 37.7770217, -122.4229484 37.7767334, -122.421323 37.7769666, -122.4213874 37.7772422, -122.4230182 37.7770217))",polygon4
Pickup,4,20,POINT(-122.424463224198 37.7766844176431),POINT(-122.424527341339 37.7764689904595),"POLYGON((-122.4246758 37.7768055, -122.4246221 37.7765172, -122.4229484 37.7767334, -122.4230182 37.7770217, -122.4246758 37.7768055))",polygon3
Dropoff,4,18,POINT(-122.423330798425 37.7768281299506),POINT(-122.423166960766 37.7770716090959),"POLYGON((-122.4246758 37.7768055, -122.4246221 37.7765172, -122.4229484 37.7767334, -122.4230182 37.7770217, -122.4246758 37.7768055))",polygon3
Dropoff,6,15,POINT(-122.425135069654 37.7766015119388),POINT(-122.425094024557 37.7764978903963),"POLYGON((-122.4263119 37.7766275, -122.4262636 37.7763518, -122.4246221 37.7765172, -122.4246758 37.7768055, -122.4263119 37.7766275))",polygon2
Dropoff,4,16,POINT(-122.42332198438 37.7768290232458),POINT(-122.422740342202 37.7771040893142),"POLYGON((-122.4246758 37.7768055, -122.4246221 37.7765172, -122.4229484 37.7767334, -122.4230182 37.7770217, -122.4246758 37.7768055))",polygon3
Pickup,2,20,POINT(-122.422733688425 37.7764490718287),POINT(-122.422957669882 37.776827584107),"POLYGON((-122.4230182 37.7770217, -122.4229484 37.7767334, -122.421323 37.7769666, -122.4213874 37.7772422, -122.4230182 37.7770217))",polygon4
Pickup,7,1,POINT(-122.424655057037 37.7768302824437),POINT(-122.424390465885 37.7767213355065),"POLYGON((-122.4246758 37.7768055, -122.4246221 37.7765172, -122.4229484 37.7767334, -122.4230182 37.7770217, -122.4246758 37.7768055))",polygon3
Pickup,4,19,POINT(-122.425881396342 37.776544981255),POINT(-122.426005740403 37.7764443595103),"POLYGON((-122.4263119 37.7766275, -122.4262636 37.7763518, -122.4246221 37.7765172, -122.4246758 37.7768055, -122.4263119 37.7766275))",polygon2
Dropoff,2,18,POINT(-122.424387700723 37.7766938332243),POINT(-122.424319867807 37.7768448280664),"POLYGON((-122.4246758 37.7768055, -122.4246221 37.7765172, -122.4229484 37.7767334, -122.4230182 37.7770217, -122.4246758 37.7768055))",polygon3
Pickup,4,18,POINT(-122.424655057037 37.7768302824437),POINT(-122.424400921655 37.7767456000164),"POLYGON((-122.4246758 37.7768055, -122.4246221 37.7765172, -122.4229484 37.7767334, -122.4230182 37.7770217, -122.4246758 37.7768055))",polygon3
Dropoff,3,16,POINT(-122.425113207741 37.7766043103469),POINT(-122.425002774767 37.7765249385779),"POLYGON((-122.4263119 37.7766275, -122.4262636 37.7763518, -122.4246221 37.7765172, -122.4246758 37.7768055, -122.4263119 37.7766275))",polygon2
Pickup,7,13,POINT(-122.426724323483 37.7763980265585),POINT(-122.426716114589 37.776231963573),"POLYGON((-122.4279642 37.7763815, -122.4279159 37.7761441, -122.4262636 37.7763518, -122.4263119 37.7766275, -122.4279642 37.7763815))",polygon1
Pickup,7,15,POINT(-122.424287636355 37.7761765994006),POINT(-122.423895068575 37.7766462971795),"POLYGON((-122.4246758 37.7768055, -122.4246221 37.7765172, -122.4229484 37.7767334, -122.4230182 37.7770217, -122.4246758 37.7768055))",polygon3
Pickup,7,14,POINT(-122.42483021221 37.7766853906467),POINT(-122.42386663911 37.7766764873352),"POLYGON((-122.4246758 37.7768055, -122.4246221 37.7765172, -122.4229484 37.7767334, -122.4230182 37.7770217, -122.4246758 37.7768055))",polygon3
Pickup,7,14,POINT(-122.42483021221 37.7766853906467),POINT(-122.42386663911 37.7766764873352),"POLYGON((-122.4263119 37.7766275, -122.4262636 37.7763518, -122.4246221 37.7765172, -122.4246758 37.7768055, -122.4263119 37.7766275))",polygon2
Pickup,6,19,POINT(-122.42483021221 37.7766853906467),POINT(-122.424681585244 37.7763700060764),"POLYGON((-122.4263119 37.7766275, -122.4262636 37.7763518, -122.4246221 37.7765172, -122.4246758 37.7768055, -122.4263119 37.7766275))",polygon2
Dropoff,6,15,POINT(-122.424726778234 37.7769542755059),POINT(-122.424319867807 37.7768448280664),"POLYGON((-122.4246758 37.7768055, -122.4246221 37.7765172, -122.4229484 37.7767334, -122.4230182 37.7770217, -122.4246758 37.7768055))",polygon3
Pickup,3,12,POINT(-122.423608786105 37.7767970128174),POINT(-122.423783165318 37.7768016135386),"POLYGON((-122.4246758 37.7768055, -122.4246221 37.7765172, -122.4229484 37.7767334, -122.4230182 37.7770217, -122.4246758 37.7768055))",polygon3
Pickup,3,22,POINT(-122.424146440012 37.7767715986847),POINT(-122.424380614993 37.7768528249401),"POLYGON((-122.4246758 37.7768055, -122.4246221 37.7765172, -122.4229484 37.7767334, -122.4230182 37.7770217, -122.4246758 37.7768055))",polygon3
Pickup,6,13,POINT(-122.422803509856 37.7769471141156),POINT(-122.423057735518 37.776989608975),"POLYGON((-122.4230182 37.7770217, -122.4229484 37.7767334, -122.421323 37.7769666, -122.4213874 37.7772422, -122.4230182 37.7770217))",polygon4
Pickup,6,13,POINT(-122.422803509856 37.7769471141156),POINT(-122.423057735518 37.776989608975),"POLYGON((-122.4246758 37.7768055, -122.4246221 37.7765172, -122.4229484 37.7767334, -122.4230182 37.7770217, -122.4246758 37.7768055))",polygon3
Pickup,7,19,POINT(-122.422733688425 37.7764490718287),POINT(-122.42254081512 37.7768266710287),"POLYGON((-122.4230182 37.7770217, -122.4229484 37.7767334, -122.421323 37.7769666, -122.4213874 37.7772422, -122.4230182 37.7770217))",polygon4
Dropoff,6,23,POINT(-122.426492832429 37.7764272114263),POINT(-122.425663815485 37.7767082310155),"POLYGON((-122.4279642 37.7763815, -122.4279159 37.7761441, -122.4262636 37.7763518, -122.4263119 37.7766275, -122.4279642 37.7763815))",polygon1
Dropoff,7,16,POINT(-122.424200015146 37.7762641074496),POINT(-122.423637993347 37.7766909758119),"POLYGON((-122.4246758 37.7768055, -122.4246221 37.7765172, -122.4229484 37.7767334, -122.4230182 37.7770217, -122.4246758 37.7768055))",polygon3
Dropoff,1,9,POINT(-122.424655057037 37.7768302824437),POINT(-122.424799709135 37.7767751050329),"POLYGON((-122.4263119 37.7766275, -122.4262636 37.7763518, -122.4246221 37.7765172, -122.4246758 37.7768055, -122.4263119 37.7766275))",polygon2
Pickup,5,20,POINT(-122.423001999489 37.7767477208701),POINT(-122.423480809897 37.7767098023856),"POLYGON((-122.4246758 37.7768055, -122.4246221 37.7765172, -122.4229484 37.7767334, -122.4230182 37.7770217, -122.4246758 37.7768055))",polygon3
Pickup,7,12,POINT(-122.423001999489 37.7767477208701),POINT(-122.423078474498 37.7766632056592),"POLYGON((-122.4246758 37.7768055, -122.4246221 37.7765172, -122.4229484 37.7767334, -122.4230182 37.7770217, -122.4246758 37.7768055))",polygon3
Pickup,5,19,POINT(-122.42401846446 37.7767878407125),POINT(-122.423902672807 37.7767662391732),"POLYGON((-122.4246758 37.7768055, -122.4246221 37.7765172, -122.4229484 37.7767334, -122.4230182 37.7770217, -122.4246758 37.7768055))",polygon3
Dropoff,6,18,POINT(-122.426284066636 37.776333305778),POINT(-122.426045402584 37.7766179779217),"POLYGON((-122.4263119 37.7766275, -122.4262636 37.7763518, -122.4246221 37.7765172, -122.4246758 37.7768055, -122.4263119 37.7766275))",polygon2
Dropoff,5,16,POINT(-122.425533595113 37.7765932903383),POINT(-122.425557703608 37.7766774756103),"POLYGON((-122.4263119 37.7766275, -122.4262636 37.7763518, -122.4246221 37.7765172, -122.4246758 37.7768055, -122.4263119 37.7766275))",polygon2
Pickup,7,20,POINT(-122.42483021221 37.7766853906467),POINT(-122.424676659812 37.7765746432501),"POLYGON((-122.4263119 37.7766275, -122.4262636 37.7763518, -122.4246221 37.7765172, -122.4246758 37.7768055, -122.4263119 37.7766275))",polygon2
Dropoff,2,18,POINT(-122.42332198438 37.7768290232458),POINT(-122.423176811772 37.7770403719393),"POLYGON((-122.4246758 37.7768055, -122.4246221 37.7765172, -122.4229484 37.7767334, -122.4230182 37.7770217, -122.4246758 37.7768055))",polygon3
Pickup,4,10,POINT(-122.423864133169 37.7767650064983),POINT(-122.423827926635 37.7764295824322),"POLYGON((-122.4246758 37.7768055, -122.4246221 37.7765172, -122.4229484 37.7767334, -122.4230182 37.7770217, -122.4246758 37.7768055))",polygon3
Dropoff,1,17,POINT(-122.423137580568 37.776391521998),POINT(-122.423408482964 37.7767098007088),"POLYGON((-122.4246758 37.7768055, -122.4246221 37.7765172, -122.4229484 37.7767334, -122.4230182 37.7770217, -122.4246758 37.7768055))",polygon3
Pickup,6,21,POINT(-122.424655057037 37.7768302824437),POINT(-122.42388193399 37.7768373928788),"POLYGON((-122.4246758 37.7768055, -122.4246221 37.7765172, -122.4229484 37.7767334, -122.4230182 37.7770217, -122.4246758 37.7768055))",polygon3
Pickup,7,22,POINT(-122.424930103239 37.7766729872008),POINT(-122.424586705827 37.7764819926877),"POLYGON((-122.4263119 37.7766275, -122.4262636 37.7763518, -122.4246221 37.7765172, -122.4246758 37.7768055, -122.4263119 37.7766275))",polygon2
Dropoff,2,11,POINT(-122.423864133169 37.7767650064983),POINT(-122.423940693961 37.7766223047836),"POLYGON((-122.4246758 37.7768055, -122.4246221 37.7765172, -122.4229484 37.7767334, -122.4230182 37.7770217, -122.4246758 37.7768055))",polygon3
Pickup,2,23,POINT(-122.424146440012 37.7767715986847),POINT(-122.424417426216 37.7768809060145),"POLYGON((-122.4246758 37.7768055, -122.4246221 37.7765172, -122.4229484 37.7767334, -122.4230182 37.7770217, -122.4246758 37.7768055))",polygon3
Pickup,7,23,POINT(-122.422644164838 37.7769104795419),POINT(-122.422651682748 37.7769682903557),"POLYGON((-122.4230182 37.7770217, -122.4229484 37.7767334, -122.421323 37.7769666, -122.4213874 37.7772422, -122.4230182 37.7770217))",polygon4
Pickup,5,19,POINT(-122.423209475626 37.776820223827),POINT(-122.422375075142 37.7769666282467),"POLYGON((-122.4230182 37.7770217, -122.4229484 37.7767334, -122.421323 37.7769666, -122.4213874 37.7772422, -122.4230182 37.7770217))",polygon4
Pickup,5,19,POINT(-122.423209475626 37.776820223827),POINT(-122.422375075142 37.7769666282467),"POLYGON((-122.4246758 37.7768055, -122.4246221 37.7765172, -122.4229484 37.7767334, -122.4230182 37.7770217, -122.4246758 37.7768055))",polygon3
Dropoff,1,18,POINT(-122.425866706624 37.7765055894921),POINT(-122.426005394763 37.7763402883653),"POLYGON((-122.4263119 37.7766275, -122.4262636 37.7763518, -122.4246221 37.7765172, -122.4246758 37.7768055, -122.4263119 37.7766275))",polygon2
Dropoff,3,20,POINT(-122.421528829352 37.7771072160929),POINT(-122.421552765939 37.7774195905215),"POLYGON((-122.4230182 37.7770217, -122.4229484 37.7767334, -122.421323 37.7769666, -122.4213874 37.7772422, -122.4230182 37.7770217))",polygon4
Pickup,2,21,POINT(-122.42483021221 37.7766853906467),POINT(-122.424799709135 37.7767751050329),"POLYGON((-122.4263119 37.7766275, -122.4262636 37.7763518, -122.4246221 37.7765172, -122.4246758 37.7768055, -122.4263119 37.7766275))",polygon2
Pickup,3,16,POINT(-122.424446028354 37.7766867258339),POINT(-122.424372492328 37.7766154153641),"POLYGON((-122.4246758 37.7768055, -122.4246221 37.7765172, -122.4229484 37.7767334, -122.4230182 37.7770217, -122.4246758 37.7768055))",polygon3
Pickup,3,16,POINT(-122.423001999489 37.7767477208701),POINT(-122.422475227746 37.7770482939871),"POLYGON((-122.4230182 37.7770217, -122.4229484 37.7767334, -122.421323 37.7769666, -122.4213874 37.7772422, -122.4230182 37.7770217))",polygon4
Pickup,3,16,POINT(-122.423001999489 37.7767477208701),POINT(-122.422475227746 37.7770482939871),"POLYGON((-122.4246758 37.7768055, -122.4246221 37.7765172, -122.4229484 37.7767334, -122.4230182 37.7770217, -122.4246758 37.7768055))",polygon3
Pickup,5,9,POINT(-122.425795504668 37.7765572237663),POINT(-122.425858411253 37.7767745816631),"POLYGON((-122.4263119 37.7766275, -122.4262636 37.7763518, -122.4246221 37.7765172, -122.4246758 37.7768055, -122.4263119 37.7766275))",polygon2
Pickup,6,18,POINT(-122.426457490898 37.7764721777419),POINT(-122.425835166929 37.7766787173083),"POLYGON((-122.4279642 37.7763815, -122.4279159 37.7761441, -122.4262636 37.7763518, -122.4263119 37.7766275, -122.4279642 37.7763815))",polygon1
Pickup,6,18,POINT(-122.426457490898 37.7764721777419),POINT(-122.425835166929 37.7766787173083),"POLYGON((-122.4263119 37.7766275, -122.4262636 37.7763518, -122.4246221 37.7765172, -122.4246758 37.7768055, -122.4263119 37.7766275))",polygon2
Pickup,3,16,POINT(-122.423001999489 37.7767477208701),POINT(-122.422265589831 37.777189174319),"POLYGON((-122.4246758 37.7768055, -122.4246221 37.7765172, -122.4229484 37.7767334, -122.4230182 37.7770217, -122.4246758 37.7768055))",polygon3
Dropoff,6,11,POINT(-122.424726778234 37.7769542755059),POINT(-122.425002774767 37.7765249385779),"POLYGON((-122.4263119 37.7766275, -122.4262636 37.7763518, -122.4246221 37.7765172, -122.4246758 37.7768055, -122.4263119 37.7766275))",polygon2
Pickup,1,0,POINT(-122.425866706624 37.7765055894921),POINT(-122.425885630437 37.7765277578885),"POLYGON((-122.4263119 37.7766275, -122.4262636 37.7763518, -122.4246221 37.7765172, -122.4246758 37.7768055, -122.4263119 37.7766275))",polygon2
Dropoff,7,12,POINT(-122.423001999489 37.7767477208701),POINT(-122.423432937596 37.7770218674428),"POLYGON((-122.4246758 37.7768055, -122.4246221 37.7765172, -122.4229484 37.7767334, -122.4230182 37.7770217, -122.4246758 37.7768055))",polygon3
Pickup,3,21,POINT(-122.425844758454 37.7765086327269),POINT(-122.425845795375 37.7764093706272),"POLYGON((-122.4263119 37.7766275, -122.4262636 37.7763518, -122.4246221 37.7765172, -122.4246758 37.7768055, -122.4263119 37.7766275))",polygon2
Pickup,6,20,POINT(-122.424287636355 37.7761765994006),POINT(-122.424430560734 37.7767289960106),"POLYGON((-122.4246758 37.7768055, -122.4246221 37.7765172, -122.4229484 37.7767334, -122.4230182 37.7770217, -122.4246758 37.7768055))",polygon3
Pickup,3,20,POINT(-122.423209475626 37.776820223827),POINT(-122.422970199695 37.7768863979207),"POLYGON((-122.4230182 37.7770217, -122.4229484 37.7767334, -122.421323 37.7769666, -122.4213874 37.7772422, -122.4230182 37.7770217))",polygon4
Pickup,3,20,POINT(-122.423209475626 37.776820223827),POINT(-122.422970199695 37.7768863979207),"POLYGON((-122.4246758 37.7768055, -122.4246221 37.7765172, -122.4229484 37.7767334, -122.4230182 37.7770217, -122.4246758 37.7768055))",polygon3
Dropoff,5,12,POINT(-122.424463224198 37.7766844176431),POINT(-122.424507898814 37.7768775065389),"POLYGON((-122.4246758 37.7768055, -122.4246221 37.7765172, -122.4229484 37.7767334, -122.4230182 37.7770217, -122.4246758 37.7768055))",polygon3
Dropoff,6,9,POINT(-122.422292291468 37.7769558830285),POINT(-122.422266021896 37.7768752677252),"POLYGON((-122.4230182 37.7770217, -122.4229484 37.7767334, -122.421323 37.7769666, -122.4213874 37.7772422, -122.4230182 37.7770217))",polygon4
Dropoff,2,19,POINT(-122.423367091543 37.7768286725309),POINT(-122.423408482964 37.7767098007088),"POLYGON((-122.4246758 37.7768055, -122.4246221 37.7765172, -122.4229484 37.7767334, -122.4230182 37.7770217, -122.4246758 37.7768055))",polygon3
Pickup,3,19,POINT(-122.425222690082 37.7765904105033),POINT(-122.425217937497 37.7765731886213),"POLYGON((-122.4263119 37.7766275, -122.4262636 37.7763518, -122.4246221 37.7765172, -122.4246758 37.7768055, -122.4263119 37.7766275))",polygon2
Dropoff,6,19,POINT(-122.424726778234 37.7769542755059),POINT(-122.424999404745 37.7765237941269),"POLYGON((-122.4263119 37.7766275, -122.4262636 37.7763518, -122.4246221 37.7765172, -122.4246758 37.7768055, -122.4263119 37.7766275))",polygon2
Pickup,6,20,POINT(-122.426492832429 37.7764272114263),POINT(-122.426360884892 37.7764177077078),"POLYGON((-122.4279642 37.7763815, -122.4279159 37.7761441, -122.4262636 37.7763518, -122.4263119 37.7766275, -122.4279642 37.7763815))",polygon1
Pickup,1,21,POINT(-122.423001999489 37.7767477208701),POINT(-122.422637078991 37.7769109866613),"POLYGON((-122.4230182 37.7770217, -122.4229484 37.7767334, -122.421323 37.7769666, -122.4213874 37.7772422, -122.4230182 37.7770217))",polygon4
Pickup,1,21,POINT(-122.423001999489 37.7767477208701),POINT(-122.422637078991 37.7769109866613),"POLYGON((-122.4246758 37.7768055, -122.4246221 37.7765172, -122.4229484 37.7767334, -122.4230182 37.7770217, -122.4246758 37.7768055))",polygon3
Pickup,6,23,POINT(-122.426457490898 37.7764721777419),POINT(-122.426009023983 37.7764764274801),"POLYGON((-122.4279642 37.7763815, -122.4279159 37.7761441, -122.4262636 37.7763518, -122.4263119 37.7766275, -122.4279642 37.7763815))",polygon1
Pickup,6,23,POINT(-122.426457490898 37.7764721777419),POINT(-122.426009023983 37.7764764274801),"POLYGON((-122.4263119 37.7766275, -122.4262636 37.7763518, -122.4246221 37.7765172, -122.4246758 37.7768055, -122.4263119 37.7766275))",polygon2
Pickup,1,21,POINT(-122.426150390639 37.7758922826597),POINT(-122.425895567598 37.7764357907272),"POLYGON((-122.4263119 37.7766275, -122.4262636 37.7763518, -122.4246221 37.7765172, -122.4246758 37.7768055, -122.4263119 37.7766275))",polygon2
Dropoff,7,16,POINT(-122.424849741087 37.7766378002019),POINT(-122.424380614993 37.7768528249401),"POLYGON((-122.4263119 37.7766275, -122.4262636 37.7763518, -122.4246221 37.7765172, -122.4246758 37.7768055, -122.4263119 37.7766275))",polygon2
Dropoff,1,20,POINT(-122.425942661086 37.7765363877665),POINT(-122.426045402584 37.7766179779217),"POLYGON((-122.4263119 37.7766275, -122.4262636 37.7763518, -122.4246221 37.7765172, -122.4246758 37.7768055, -122.4263119 37.7766275))",polygon2
Pickup,3,19,POINT(-122.421288080554 37.7769366891584),POINT(-122.421413034952 37.7770952805002),"POLYGON((-122.4230182 37.7770217, -122.4229484 37.7767334, -122.421323 37.7769666, -122.4213874 37.7772422, -122.4230182 37.7770217))",polygon4
Pickup,3,20,POINT(-122.423864133169 37.7767650064983),POINT(-122.423876057991 37.7767931813081),"POLYGON((-122.4246758 37.7768055, -122.4246221 37.7765172, -122.4229484 37.7767334, -122.4230182 37.7770217, -122.4246758 37.7768055))",polygon3
Pickup,2,10,POINT(-122.423864133169 37.7767650064983),POINT(-122.423834666754 37.7764274367524),"POLYGON((-122.4246758 37.7768055, -122.4246221 37.7765172, -122.4229484 37.7767334, -122.4230182 37.7770217, -122.4246758 37.7768055))",polygon3
Dropoff,7,17,POINT(-122.421148608457 37.7771766722894),POINT(-122.421749616081 37.7769419707743),"POLYGON((-122.4230182 37.7770217, -122.4229484 37.7767334, -122.421323 37.7769666, -122.4213874 37.7772422, -122.4230182 37.7770217))",polygon4
Dropoff,2,17,POINT(-122.425384277859 37.7766123184562),POINT(-122.425419965394 37.7767606249844),"POLYGON((-122.4263119 37.7766275, -122.4262636 37.7763518, -122.4246221 37.7765172, -122.4246758 37.7768055, -122.4263119 37.7766275))",polygon2
Pickup,6,21,POINT(-122.426240775333 37.7763211770386),POINT(-122.426156007281 37.7765676730117),"POLYGON((-122.4263119 37.7766275, -122.4262636 37.7763518, -122.4246221 37.7765172, -122.4246758 37.7768055, -122.4263119 37.7766275))",polygon2
Dropoff,6,18,POINT(-122.422733688425 37.7764490718287),POINT(-122.42254081512 37.7768266710287),"POLYGON((-122.4230182 37.7770217, -122.4229484 37.7767334, -122.421323 37.7769666, -122.4213874 37.7772422, -122.4230182 37.7770217))",polygon4
Pickup,5,13,POINT(-122.427724161957 37.7763092996801),POINT(-122.429894463879 37.7767532179646),"POLYGON((-122.4279642 37.7763815, -122.4279159 37.7761441, -122.4262636 37.7763518, -122.4263119 37.7766275, -122.4279642 37.7763815))",polygon1
Dropoff,4,20,POINT(-122.425942661086 37.7765363877665),POINT(-122.426045402584 37.7766179779217),"POLYGON((-122.4263119 37.7766275, -122.4262636 37.7763518, -122.4246221 37.7765172, -122.4246758 37.7768055, -122.4263119 37.7766275))",polygon2
Pickup,6,22,POINT(-122.423001999489 37.7767477208701),POINT(-122.423375214287 37.7768937850945),"POLYGON((-122.4246758 37.7768055, -122.4246221 37.7765172, -122.4229484 37.7767334, -122.4230182 37.7770217, -122.4246758 37.7768055))",polygon3
Pickup,3,20,POINT(-122.424726778234 37.7769542755059),POINT(-122.424961383974 37.7766164751719),"POLYGON((-122.4263119 37.7766275, -122.4262636 37.7763518, -122.4246221 37.7765172, -122.4246758 37.7768055, -122.4263119 37.7766275))",polygon2
Pickup,6,17,POINT(-122.424726778234 37.7769542755059),POINT(-122.424912907472 37.7766252057559),"POLYGON((-122.4263119 37.7766275, -122.4262636 37.7763518, -122.4246221 37.7765172, -122.4246758 37.7768055, -122.4263119 37.7766275))",polygon2
Dropoff,5,20,POINT(-122.424146440012 37.7767715986847),POINT(-122.424319867807 37.7768448280664),"POLYGON((-122.4246758 37.7768055, -122.4246221 37.7765172, -122.4229484 37.7767334, -122.4230182 37.7770217, -122.4246758 37.7768055))",polygon3
Dropoff,7,16,POINT(-122.426457490898 37.7764721777419),POINT(-122.426045402584 37.7766179779217),"POLYGON((-122.4279642 37.7763815, -122.4279159 37.7761441, -122.4262636 37.7763518, -122.4263119 37.7766275, -122.4279642 37.7763815))",polygon1
Dropoff,7,16,POINT(-122.426457490898 37.7764721777419),POINT(-122.426045402584 37.7766179779217),"POLYGON((-122.4263119 37.7766275, -122.4262636 37.7763518, -122.4246221 37.7765172, -122.4246758 37.7768055, -122.4263119 37.7766275))",polygon2
Dropoff,6,20,POINT(-122.425860917147 37.7765480088597),POINT(-122.425889432481 37.7766751845954),"POLYGON((-122.4263119 37.7766275, -122.4262636 37.7763518, -122.4246221 37.7765172, -122.4246758 37.7768055, -122.4263119 37.7766275))",polygon2
Pickup,5,20,POINT(-122.424726778234 37.7769542755059),POINT(-122.425046412224 37.7765619701303),"POLYGON((-122.4263119 37.7766275, -122.4262636 37.7763518, -122.4246221 37.7765172, -122.4246758 37.7768055, -122.4263119 37.7766275))",polygon2
Pickup,4,15,POINT(-122.423209475626 37.776820223827),POINT(-122.422449131046 37.7767711898968),"POLYGON((-122.4246758 37.7768055, -122.4246221 37.7765172, -122.4229484 37.7767334, -122.4230182 37.7770217, -122.4246758 37.7768055))",polygon3
Dropoff,3,10,POINT(-122.42249026359 37.7769304031244),POINT(-122.422449131046 37.7767711898968),"POLYGON((-122.4230182 37.7770217, -122.4229484 37.7767334, -122.421323 37.7769666, -122.4213874 37.7772422, -122.4230182 37.7770217))",polygon4
Pickup,2,21,POINT(-122.423737712686 37.776821917747),POINT(-122.423862318522 37.7768459702934),"POLYGON((-122.4246758 37.7768055, -122.4246221 37.7765172, -122.4229484 37.7767334, -122.4230182 37.7770217, -122.4246758 37.7768055))",polygon3
Pickup,7,0,POINT(-122.426240775333 37.7763211770386),POINT(-122.425860571506 37.7766557092749),"POLYGON((-122.4263119 37.7766275, -122.4262636 37.7763518, -122.4246221 37.7765172, -122.4246758 37.7768055, -122.4263119 37.7766275))",polygon2
Pickup,4,21,POINT(-122.423425333329 37.7768612136313),POINT(-122.422914636445 37.7768480162881),"POLYGON((-122.4230182 37.7770217, -122.4229484 37.7767334, -122.421323 37.7769666, -122.4213874 37.7772422, -122.4230182 37.7770217))",polygon4
Pickup,4,21,POINT(-122.423425333329 37.7768612136313),POINT(-122.422914636445 37.7768480162881),"POLYGON((-122.4246758 37.7768055, -122.4246221 37.7765172, -122.4229484 37.7767334, -122.4230182 37.7770217, -122.4246758 37.7768055))",polygon3
Dropoff,4,21,POINT(-122.425942661086 37.7765363877665),POINT(-122.426045402584 37.7766179779217),"POLYGON((-122.4263119 37.7766275, -122.4262636 37.7763518, -122.4246221 37.7765172, -122.4246758 37.7768055, -122.4263119 37.7766275))",polygon2
Pickup,5,21,POINT(-122.424387700723 37.7766938332243),POINT(-122.424380614993 37.7768528249401),"POLYGON((-122.4246758 37.7768055, -122.4246221 37.7765172, -122.4229484 37.7767334, -122.4230182 37.7770217, -122.4246758 37.7768055))",polygon3
Dropoff,1,20,POINT(-122.425942661086 37.7765363877665),POINT(-122.426045402584 37.7766179779217),"POLYGON((-122.4263119 37.7766275, -122.4262636 37.7763518, -122.4246221 37.7765172, -122.4246758 37.7768055, -122.4263119 37.7766275))",polygon2
Pickup,5,20,POINT(-122.424018637284 37.7767436589665),POINT(-122.423995738198 37.7766958863801),"POLYGON((-122.4246758 37.7768055, -122.4246221 37.7765172, -122.4229484 37.7767334, -122.4230182 37.7770217, -122.4246758 37.7768055))",polygon3
Dropoff,4,16,POINT(-122.424387700723 37.7766938332243),POINT(-122.424380614993 37.7768528249401),"POLYGON((-122.4246758 37.7768055, -122.4246221 37.7765172, -122.4229484 37.7767334, -122.4230182 37.7770217, -122.4246758 37.7768055))",polygon3
Pickup,2,15,POINT(-122.425384277859 37.7766123184562),POINT(-122.425471811669 37.776658384697),"POLYGON((-122.4263119 37.7766275, -122.4262636 37.7763518, -122.4246221 37.7765172, -122.4246758 37.7768055, -122.4263119 37.7766275))",polygon2
Dropoff,6,15,POINT(-122.423115718239 37.776394319937),POINT(-122.422814397848 37.776811887749),"POLYGON((-122.4230182 37.7770217, -122.4229484 37.7767334, -122.421323 37.7769666, -122.4213874 37.7772422, -122.4230182 37.7770217))",polygon4
Pickup,3,20,POINT(-122.425866706624 37.7765055894921),POINT(-122.425861176377 37.7765194312009),"POLYGON((-122.4263119 37.7766275, -122.4262636 37.7763518, -122.4246221 37.7765172, -122.4246758 37.7768055, -122.4263119 37.7766275))",polygon2
Dropoff,6,0,POINT(-122.423608786105 37.7767970128174),POINT(-122.423604119858 37.7766909977582),"POLYGON((-122.4246758 37.7768055, -122.4246221 37.7765172, -122.4229484 37.7767334, -122.4230182 37.7770217, -122.4246758 37.7768055))",polygon3
Dropoff,4,15,POINT(-122.425942661086 37.7765363877665),POINT(-122.426045402584 37.7766179779217),"POLYGON((-122.4263119 37.7766275, -122.4262636 37.7763518, -122.4246221 37.7765172, -122.4246758 37.7768055, -122.4263119 37.7766275))",polygon2
Pickup,7,11,POINT(-122.426457490898 37.7764721777419),POINT(-122.426418692969 37.776313415173),"POLYGON((-122.4279642 37.7763815, -122.4279159 37.7761441, -122.4262636 37.7763518, -122.4263119 37.7766275, -122.4279642 37.7763815))",polygon1
Dropoff,2,12,POINT(-122.42332198438 37.7768290232458),POINT(-122.422322017555 37.7770461947908),"POLYGON((-122.4230182 37.7770217, -122.4229484 37.7767334, -122.421323 37.7769666, -122.4213874 37.7772422, -122.4230182 37.7770217))",polygon4
Dropoff,2,12,POINT(-122.42332198438 37.7768290232458),POINT(-122.422322017555 37.7770461947908),"POLYGON((-122.4246758 37.7768055, -122.4246221 37.7765172, -122.4229484 37.7767334, -122.4230182 37.7770217, -122.4246758 37.7768055))",polygon3
Pickup,2,17,POINT(-122.423330798425 37.7768281299506),POINT(-122.422255911566 37.7768693622306),"POLYGON((-122.4230182 37.7770217, -122.4229484 37.7767334, -122.421323 37.7769666, -122.4213874 37.7772422, -122.4230182 37.7770217))",polygon4
Pickup,2,17,POINT(-122.423330798425 37.7768281299506),POINT(-122.422255911566 37.7768693622306),"POLYGON((-122.4246758 37.7768055, -122.4246221 37.7765172, -122.4229484 37.7767334, -122.4230182 37.7770217, -122.4246758 37.7768055))",polygon3
Pickup,5,19,POINT(-122.424655057037 37.7768302824437),POINT(-122.424795734229 37.7766789107571),"POLYGON((-122.4263119 37.7766275, -122.4262636 37.7763518, -122.4246221 37.7765172, -122.4246758 37.7768055, -122.4263119 37.7766275))",polygon2
Pickup,6,9,POINT(-122.424655057037 37.7768302824437),POINT(-122.424799709135 37.7767751050329),"POLYGON((-122.4263119 37.7766275, -122.4262636 37.7763518, -122.4246221 37.7765172, -122.4246758 37.7768055, -122.4263119 37.7766275))",polygon2
Pickup,7,12,POINT(-122.423001999489 37.7767477208701),POINT(-122.423158924419 37.7769794257227),"POLYGON((-122.4246758 37.7768055, -122.4246221 37.7765172, -122.4229484 37.7767334, -122.4230182 37.7770217, -122.4246758 37.7768055))",polygon3
Pickup,1,20,POINT(-122.424726778234 37.7769542755059),POINT(-122.424928893487 37.7765967343723),"POLYGON((-122.4263119 37.7766275, -122.4262636 37.7763518, -122.4246221 37.7765172, -122.4246758 37.7768055, -122.4263119 37.7766275))",polygon2
Pickup,6,20,POINT(-122.424726778234 37.7769542755059),POINT(-122.424249960972 37.7768046799434),"POLYGON((-122.4246758 37.7768055, -122.4246221 37.7765172, -122.4229484 37.7767334, -122.4230182 37.7770217, -122.4246758 37.7768055))",polygon3
Pickup,2,23,POINT(-122.424196126629 37.7767185859009),POINT(-122.424271563831 37.7768013798413),"POLYGON((-122.4246758 37.7768055, -122.4246221 37.7765172, -122.4229484 37.7767334, -122.4230182 37.7770217, -122.4246758 37.7768055))",polygon3
Dropoff,6,18,POINT(-122.423001999489 37.7767477208701),POINT(-122.422740342202 37.7771040893142),"POLYGON((-122.4246758 37.7768055, -122.4246221 37.7765172, -122.4229484 37.7767334, -122.4230182 37.7770217, -122.4246758 37.7768055))",polygon3
Pickup,7,17,POINT(-122.424242788822 37.7762566951634),POINT(-122.424388737659 37.7766017676268),"POLYGON((-122.4246758 37.7768055, -122.4246221 37.7765172, -122.4229484 37.7767334, -122.4230182 37.7770217, -122.4246758 37.7768055))",polygon3
Pickup,6,20,POINT(-122.424655057037 37.7768302824437),POINT(-122.424624035444 37.7765550607524),"POLYGON((-122.4246758 37.7768055, -122.4246221 37.7765172, -122.4229484 37.7767334, -122.4230182 37.7770217, -122.4246758 37.7768055))",polygon3
Pickup,1,4,POINT(-122.427030557971 37.7763605353397),POINT(-122.426965059812 37.7761971186597),"POLYGON((-122.4279642 37.7763815, -122.4279159 37.7761441, -122.4262636 37.7763518, -122.4263119 37.7766275, -122.4279642 37.7763815))",polygon1
Dropoff,6,16,POINT(-122.425113207741 37.7766043103469),POINT(-122.425002774767 37.7765249385779),"POLYGON((-122.4263119 37.7766275, -122.4262636 37.7763518, -122.4246221 37.7765172, -122.4246758 37.7768055, -122.4263119 37.7766275))",polygon2
Pickup,6,15,POINT(-122.423001999489 37.7767477208701),POINT(-122.423022479243 37.7767718109369),"POLYGON((-122.4246758 37.7768055, -122.4246221 37.7765172, -122.4229484 37.7767334, -122.4230182 37.7770217, -122.4246758 37.7768055))",polygon3
Pickup,2,20,POINT(-122.424146440012 37.7767715986847),POINT(-122.424312090782 37.776804327432),"POLYGON((-122.4246758 37.7768055, -122.4246221 37.7765172, -122.4229484 37.7767334, -122.4230182 37.7770217, -122.4246758 37.7768055))",polygon3
Pickup,7,23,POINT(-122.422589033479 37.776973672154),POINT(-122.42258505849 37.7769313473208),"POLYGON((-122.4230182 37.7770217, -122.4229484 37.7767334, -122.421323 37.7769666, -122.4213874 37.7772422, -122.4230182 37.7770217))",polygon4
Dropoff,6,17,POINT(-122.425113207741 37.7766043103469),POINT(-122.425002774767 37.7765249385779),"POLYGON((-122.4263119 37.7766275, -122.4262636 37.7763518, -122.4246221 37.7765172, -122.4246758 37.7768055, -122.4263119 37.7766275))",polygon2
Dropoff,3,20,POINT(-122.42332198438 37.7768290232458),POINT(-122.423166960766 37.7770716090959),"POLYGON((-122.4246758 37.7768055, -122.4246221 37.7765172, -122.4229484 37.7767334, -122.4230182 37.7770217, -122.4246758 37.7768055))",polygon3
Pickup,7,0,POINT(-122.422717702076 37.7769578735589),POINT(-122.422721331409 37.7768242252158),"POLYGON((-122.4230182 37.7770217, -122.4229484 37.7767334, -122.421323 37.7769666, -122.4213874 37.7772422, -122.4230182 37.7770217))",polygon4
Pickup,7,21,POINT(-122.426284066636 37.776333305778),POINT(-122.426080312204 37.7765815776253),"POLYGON((-122.4263119 37.7766275, -122.4262636 37.7763518, -122.4246221 37.7765172, -122.4246758 37.7768055, -122.4263119 37.7766275))",polygon2
Dropoff,5,19,POINT(-122.424463224198 37.7766844176431),POINT(-122.424507898814 37.7768775065389),"POLYGON((-122.4246758 37.7768055, -122.4246221 37.7765172, -122.4229484 37.7767334, -122.4230182 37.7770217, -122.4246758 37.7768055))",polygon3
Dropoff,5,19,POINT(-122.42332198438 37.7768290232458),POINT(-122.422740342202 37.7771040893142),"POLYGON((-122.4246758 37.7768055, -122.4246221 37.7765172, -122.4229484 37.7767334, -122.4230182 37.7770217, -122.4246758 37.7768055))",polygon3
Pickup,2,13,POINT(-122.426457490898 37.7764721777419),POINT(-122.426249761953 37.7764710802019),"POLYGON((-122.4279642 37.7763815, -122.4279159 37.7761441, -122.4262636 37.7763518, -122.4263119 37.7766275, -122.4279642 37.7763815))",polygon1
Pickup,2,13,POINT(-122.426457490898 37.7764721777419),POINT(-122.426249761953 37.7764710802019),"POLYGON((-122.4263119 37.7766275, -122.4262636 37.7763518, -122.4246221 37.7765172, -122.4246758 37.7768055, -122.4263119 37.7766275))",polygon2
Dropoff,1,9,POINT(-122.425212839269 37.776634806121),POINT(-122.425217419033 37.7768120914548),"POLYGON((-122.4263119 37.7766275, -122.4262636 37.7763518, -122.4246221 37.7765172, -122.4246758 37.7768055, -122.4263119 37.7766275))",polygon2
Dropoff,7,13,POINT(-122.424655057037 37.7768302824437),POINT(-122.424319867807 37.7768448280664),"POLYGON((-122.4246758 37.7768055, -122.4246221 37.7765172, -122.4229484 37.7767334, -122.4230182 37.7770217, -122.4246758 37.7768055))",polygon3
Pickup,3,16,POINT(-122.42419327505 37.7772175978603),POINT(-122.424236135141 37.7768617119756),"POLYGON((-122.4246758 37.7768055, -122.4246221 37.7765172, -122.4229484 37.7767334, -122.4230182 37.7770217, -122.4246758 37.7768055))",polygon3
Dropoff,5,21,POINT(-122.425942661086 37.7765363877665),POINT(-122.426045402584 37.7766179779217),"POLYGON((-122.4263119 37.7766275, -122.4262636 37.7763518, -122.4246221 37.7765172, -122.4246758 37.7768055, -122.4263119 37.7766275))",polygon2
Dropoff,6,12,POINT(-122.422733688425 37.7764490718287),POINT(-122.422814397848 37.776811887749),"POLYGON((-122.4230182 37.7770217, -122.4229484 37.7767334, -122.421323 37.7769666, -122.4213874 37.7772422, -122.4230182 37.7770217))",polygon4
Pickup,7,22,POINT(-122.422805238109 37.7773888149194),POINT(-122.422587391636 37.7769339739761),"POLYGON((-122.4230182 37.7770217, -122.4229484 37.7767334, -122.421323 37.7769666, -122.4213874 37.7772422, -122.4230182 37.7770217))",polygon4
Dropoff,7,11,POINT(-122.425135069654 37.7766015119388),POINT(-122.425094024557 37.7764978903963),"POLYGON((-122.4263119 37.7766275, -122.4262636 37.7763518, -122.4246221 37.7765172, -122.4246758 37.7768055, -122.4263119 37.7766275))",polygon2
Dropoff,5,20,POINT(-122.425844758454 37.7765086327269),POINT(-122.425845795375 37.7764093706272),"POLYGON((-122.4263119 37.7766275, -122.4262636 37.7763518, -122.4246221 37.7765172, -122.4246758 37.7768055, -122.4263119 37.7766275))",polygon2
Dropoff,5,16,POINT(-122.424655057037 37.7768302824437),POINT(-122.424319867807 37.7768448280664),"POLYGON((-122.4246758 37.7768055, -122.4246221 37.7765172, -122.4229484 37.7767334, -122.4230182 37.7770217, -122.4246758 37.7768055))",polygon3
Pickup,2,17,POINT(-122.423608786105 37.7767970128174),POINT(-122.423604119858 37.7766909977582),"POLYGON((-122.4246758 37.7768055, -122.4246221 37.7765172, -122.4229484 37.7767334, -122.4230182 37.7770217, -122.4246758 37.7768055))",polygon3
Dropoff,6,20,POINT(-122.425942661086 37.7765363877665),POINT(-122.426045402584 37.7766179779217),"POLYGON((-122.4263119 37.7766275, -122.4262636 37.7763518, -122.4246221 37.7765172, -122.4246758 37.7768055, -122.4263119 37.7766275))",polygon2
Pickup,6,10,POINT(-122.424655057037 37.7768302824437),POINT(-122.424228271698 37.7766556286338),"POLYGON((-122.4246758 37.7768055, -122.4246221 37.7765172, -122.4229484 37.7767334, -122.4230182 37.7770217, -122.4246758 37.7768055))",polygon3
Pickup,7,22,POINT(-122.421342521285 37.7772425193096),POINT(-122.422535716762 37.7769175147731),"POLYGON((-122.4230182 37.7770217, -122.4229484 37.7767334, -122.421323 37.7769666, -122.4213874 37.7772422, -122.4230182 37.7770217))",polygon4
Dropoff,6,19,POINT(-122.426457490898 37.7764721777419),POINT(-122.425889432481 37.7766751845954),"POLYGON((-122.4279642 37.7763815, -122.4279159 37.7761441, -122.4262636 37.7763518, -122.4263119 37.7766275, -122.4279642 37.7763815))",polygon1
Dropoff,6,20,POINT(-122.426457490898 37.7764721777419),POINT(-122.426308174959 37.7762238939227),"POLYGON((-122.4279642 37.7763815, -122.4279159 37.7761441, -122.4262636 37.7763518, -122.4263119 37.7766275, -122.4279642 37.7763815))",polygon1
Pickup,3,22,POINT(-122.423403039 37.7768640718708),POINT(-122.423176811772 37.7770403719393),"POLYGON((-122.4246758 37.7768055, -122.4246221 37.7765172, -122.4229484 37.7767334, -122.4230182 37.7770217, -122.4246758 37.7768055))",polygon3
Pickup,1,19,POINT(-122.425113207741 37.7766043103469),POINT(-122.425002774767 37.7765249385779),"POLYGON((-122.4263119 37.7766275, -122.4262636 37.7763518, -122.4246221 37.7765172, -122.4246758 37.7768055, -122.4263119 37.7766275))",polygon2
Pickup,6,17,POINT(-122.426492832429 37.7764272114263),POINT(-122.426291670696 37.7765058798959),"POLYGON((-122.4279642 37.7763815, -122.4279159 37.7761441, -122.4262636 37.7763518, -122.4263119 37.7766275, -122.4279642 37.7763815))",polygon1
Pickup,1,17,POINT(-122.426457490898 37.7764721777419),POINT(-122.425941710575 37.7766724812503),"POLYGON((-122.4279642 37.7763815, -122.4279159 37.7761441, -122.4262636 37.7763518, -122.4263119 37.7766275, -122.4279642 37.7763815))",polygon1
Pickup,7,16,POINT(-122.426457490898 37.7764721777419),POINT(-122.425954067211 37.7764259395031),"POLYGON((-122.4279642 37.7763815, -122.4279159 37.7761441, -122.4262636 37.7763518, -122.4263119 37.7766275, -122.4279642 37.7763815))",polygon1
Pickup,7,16,POINT(-122.426457490898 37.7764721777419),POINT(-122.425954067211 37.7764259395031),"POLYGON((-122.4263119 37.7766275, -122.4262636 37.7763518, -122.4246221 37.7765172, -122.4246758 37.7768055, -122.4263119 37.7766275))",polygon2
Pickup,1,21,POINT(-122.426284066636 37.776333305778),POINT(-122.4260976806 37.7765659121532),"POLYGON((-122.4263119 37.7766275, -122.4262636 37.7763518, -122.4246221 37.7765172, -122.4246758 37.7768055, -122.4263119 37.7766275))",polygon2
Pickup,5,18,POINT(-122.424849741087 37.7766378002019),POINT(-122.424809214344 37.7764818207874),"POLYGON((-122.4263119 37.7766275, -122.4262636 37.7763518, -122.4246221 37.7765172, -122.4246758 37.7768055, -122.4263119 37.7766275))",polygon2
Pickup,7,11,POINT(-122.423209475626 37.776820223827),POINT(-122.422217976215 37.7769423879168),"POLYGON((-122.4230182 37.7770217, -122.4229484 37.7767334, -122.421323 37.7769666, -122.4213874 37.7772422, -122.4230182 37.7770217))",polygon4
Pickup,7,11,POINT(-122.423209475626 37.776820223827),POINT(-122.422217976215 37.7769423879168),"POLYGON((-122.4246758 37.7768055, -122.4246221 37.7765172, -122.4229484 37.7767334, -122.4230182 37.7770217, -122.4246758 37.7768055))",polygon3
Pickup,2,21,POINT(-122.424446028354 37.7766867258339),POINT(-122.4241868806 37.7763175103595),"POLYGON((-122.4246758 37.7768055, -122.4246221 37.7765172, -122.4229484 37.7767334, -122.4230182 37.7770217, -122.4246758 37.7768055))",polygon3
Dropoff,2,16,POINT(-122.421528829352 37.7771072160929),POINT(-122.421552765939 37.7774195905215),"POLYGON((-122.4230182 37.7770217, -122.4229484 37.7767334, -122.421323 37.7769666, -122.4213874 37.7772422, -122.4230182 37.7770217))",polygon4
Dropoff,5,12,POINT(-122.42546040549 37.7765598237169),POINT(-122.425448480848 37.7764186022882),"POLYGON((-122.4263119 37.7766275, -122.4262636 37.7763518, -122.4246221 37.7765172, -122.4246758 37.7768055, -122.4263119 37.7766275))",polygon2
Pickup,1,15,POINT(-122.426284066636 37.776333305778),POINT(-122.426281042294 37.7764896658346),"POLYGON((-122.4263119 37.7766275, -122.4262636 37.7763518, -122.4246221 37.7765172, -122.4246758 37.7768055, -122.4263119 37.7766275))",polygon2
Pickup,5,22,POINT(-122.425190977372 37.7766378226474),POINT(-122.425208864379 37.7767702309578),"POLYGON((-122.4263119 37.7766275, -122.4262636 37.7763518, -122.4246221 37.7765172, -122.4246758 37.7768055, -122.4263119 37.7766275))",polygon2
Pickup,7,14,POINT(-122.42674635788 37.7764374851565),POINT(-122.426751628852 37.7764682873349),"POLYGON((-122.4279642 37.7763815, -122.4279159 37.7761441, -122.4262636 37.7763518, -122.4263119 37.7766275, -122.4279642 37.7763815))",polygon1
Pickup,7,14,POINT(-122.426457490898 37.7764721777419),POINT(-122.426271882858 37.7763166976911),"POLYGON((-122.4279642 37.7763815, -122.4279159 37.7761441, -122.4262636 37.7763518, -122.4263119 37.7766275, -122.4279642 37.7763815))",polygon1
Pickup,1,17,POINT(-122.424726778234 37.7769542755059),POINT(-122.423837604755 37.7767480842053),"POLYGON((-122.4246758 37.7768055, -122.4246221 37.7765172, -122.4229484 37.7767334, -122.4230182 37.7770217, -122.4246758 37.7768055))",polygon3
Dropoff,1,21,POINT(-122.425942661086 37.7765363877665),POINT(-122.426165858006 37.7766273092287),"POLYGON((-122.4263119 37.7766275, -122.4262636 37.7763518, -122.4246221 37.7765172, -122.4246758 37.7768055, -122.4263119 37.7766275))",polygon2
Pickup,7,21,POINT(-122.421163385249 37.7770887404333),POINT(-122.421667782463 37.7770071954026),"POLYGON((-122.4230182 37.7770217, -122.4229484 37.7767334, -122.421323 37.7769666, -122.4213874 37.7772422, -122.4230182 37.7770217))",polygon4
Pickup,7,14,POINT(-122.423137580568 37.776391521998),POINT(-122.42354198963 37.776909594238),"POLYGON((-122.4246758 37.7768055, -122.4246221 37.7765172, -122.4229484 37.7767334, -122.4230182 37.7770217, -122.4246758 37.7768055))",polygon3
Pickup,7,20,POINT(-122.426457490898 37.7764721777419),POINT(-122.426188583799 37.7764390814107),"POLYGON((-122.4279642 37.7763815, -122.4279159 37.7761441, -122.4262636 37.7763518, -122.4263119 37.7766275, -122.4279642 37.7763815))",polygon1
Pickup,7,20,POINT(-122.426457490898 37.7764721777419),POINT(-122.426188583799 37.7764390814107),"POLYGON((-122.4263119 37.7766275, -122.4262636 37.7763518, -122.4246221 37.7765172, -122.4246758 37.7768055, -122.4263119 37.7766275))",polygon2
Pickup,2,19,POINT(-122.42332198438 37.7768290232458),POINT(-122.423162899386 37.7769803842053),"POLYGON((-122.4246758 37.7768055, -122.4246221 37.7765172, -122.4229484 37.7767334, -122.4230182 37.7770217, -122.4246758 37.7768055))",polygon3
Dropoff,4,18,POINT(-122.425795504668 37.7765572237663),POINT(-122.425810972087 37.7767072418296),"POLYGON((-122.4263119 37.7766275, -122.4262636 37.7763518, -122.4246221 37.7765172, -122.4246758 37.7768055, -122.4263119 37.7766275))",polygon2
Dropoff,4,17,POINT(-122.424387700723 37.7766938332243),POINT(-122.424380614993 37.7768528249401),"POLYGON((-122.4246758 37.7768055, -122.4246221 37.7765172, -122.4229484 37.7767334, -122.4230182 37.7770217, -122.4246758 37.7768055))",polygon3
Dropoff,5,18,POINT(-122.423864133169 37.7767650064983),POINT(-122.424029697972 37.7768991780854),"POLYGON((-122.4246758 37.7768055, -122.4246221 37.7765172, -122.4229484 37.7767334, -122.4230182 37.7770217, -122.4246758 37.7768055))",polygon3
Pickup,6,0,POINT(-122.424146440012 37.7767715986847),POINT(-122.424380614993 37.7768528249401),"POLYGON((-122.4246758 37.7768055, -122.4246221 37.7765172, -122.4229484 37.7767334, -122.4230182 37.7770217, -122.4246758 37.7768055))",polygon3
Pickup,5,22,POINT(-122.422193694126 37.7770245187489),POINT(-122.422730923219 37.7769532985408),"POLYGON((-122.4230182 37.7770217, -122.4229484 37.7767334, -122.421323 37.7769666, -122.4213874 37.7772422, -122.4230182 37.7770217))",polygon4
Dropoff,4,16,POINT(-122.42332198438 37.7768290232458),POINT(-122.422740342202 37.7771040893142),"POLYGON((-122.4246758 37.7768055, -122.4246221 37.7765172, -122.4229484 37.7767334, -122.4230182 37.7770217, -122.4246758 37.7768055))",polygon3
Pickup,3,20,POINT(-122.423425333329 37.7768612136313),POINT(-122.422553517808 37.7768759809054),"POLYGON((-122.4230182 37.7770217, -122.4229484 37.7767334, -122.421323 37.7769666, -122.4213874 37.7772422, -122.4230182 37.7770217))",polygon4
Pickup,3,20,POINT(-122.423425333329 37.7768612136313),POINT(-122.422553517808 37.7768759809054),"POLYGON((-122.4246758 37.7768055, -122.4246221 37.7765172, -122.4229484 37.7767334, -122.4230182 37.7770217, -122.4246758 37.7768055))",polygon3
Pickup,1,10,POINT(-122.426240775333 37.7763211770386),POINT(-122.426021985481 37.776548628992),"POLYGON((-122.4263119 37.7766275, -122.4262636 37.7763518, -122.4246221 37.7765172, -122.4246758 37.7768055, -122.4263119 37.7766275))",polygon2
Pickup,4,14,POINT(-122.425384277859 37.7766123184562),POINT(-122.425428692852 37.7767154845084),"POLYGON((-122.4263119 37.7766275, -122.4262636 37.7763518, -122.4246221 37.7765172, -122.4246758 37.7768055, -122.4263119 37.7766275))",polygon2
Pickup,2,18,POINT(-122.421167619534 37.777089328486),POINT(-122.421440773772 37.7770296073313),"POLYGON((-122.4230182 37.7770217, -122.4229484 37.7767334, -122.421323 37.7769666, -122.4213874 37.7772422, -122.4230182 37.7770217))",polygon4
Pickup,7,19,POINT(-122.421342521285 37.7772425193096),POINT(-122.421672189555 37.7771324114415),"POLYGON((-122.4230182 37.7770217, -122.4229484 37.7767334, -122.421323 37.7769666, -122.4213874 37.7772422, -122.4230182 37.7770217))",polygon4
Dropoff,5,14,POINT(-122.42483021221 37.7766853906467),POINT(-122.424799709135 37.7767751050329),"POLYGON((-122.4263119 37.7766275, -122.4262636 37.7763518, -122.4246221 37.7765172, -122.4246758 37.7768055, -122.4263119 37.7766275))",polygon2
Pickup,5,22,POINT(-122.423001999489 37.7767477208701),POINT(-122.422740342202 37.7771040893142),"POLYGON((-122.4246758 37.7768055, -122.4246221 37.7765172, -122.4229484 37.7767334, -122.4230182 37.7770217, -122.4246758 37.7768055))",polygon3
Pickup,4,7,POINT(-122.42354501405 37.7768050670672),POINT(-122.423447714067 37.7764475016884),"POLYGON((-122.4246758 37.7768055, -122.4246221 37.7765172, -122.4229484 37.7767334, -122.4230182 37.7770217, -122.4246758 37.7768055))",polygon3
Pickup,2,21,POINT(-122.421677806436 37.7770888813592),POINT(-122.422493288041 37.7769778185279),"POLYGON((-122.4230182 37.7770217, -122.4229484 37.7767334, -122.421323 37.7769666, -122.4213874 37.7772422, -122.4230182 37.7770217))",polygon4
Dropoff,1,14,POINT(-122.425648520864 37.7765348959759),POINT(-122.425618709309 37.7763708237297),"POLYGON((-122.4263119 37.7766275, -122.4262636 37.7763518, -122.4246221 37.7765172, -122.4246758 37.7768055, -122.4263119 37.7766275))",polygon2
Dropoff,4,18,POINT(-122.42332198438 37.7768290232458),POINT(-122.422814397848 37.776811887749),"POLYGON((-122.4230182 37.7770217, -122.4229484 37.7767334, -122.421323 37.7769666, -122.4213874 37.7772422, -122.4230182 37.7770217))",polygon4
Dropoff,4,18,POINT(-122.42332198438 37.7768290232458),POINT(-122.422814397848 37.776811887749),"POLYGON((-122.4246758 37.7768055, -122.4246221 37.7765172, -122.4229484 37.7767334, -122.4230182 37.7770217, -122.4246758 37.7768055))",polygon3
Dropoff,5,14,POINT(-122.425135069654 37.7766015119388),POINT(-122.425113639795 37.7764600877054),"POLYGON((-122.4263119 37.7766275, -122.4262636 37.7763518, -122.4246221 37.7765172, -122.4246758 37.7768055, -122.4263119 37.7766275))",polygon2
Pickup,2,16,POINT(-122.421163385249 37.7770887404333),POINT(-122.42147862299 37.777017894791),"POLYGON((-122.4230182 37.7770217, -122.4229484 37.7767334, -122.421323 37.7769666, -122.4213874 37.7772422, -122.4230182 37.7770217))",polygon4
Dropoff,3,13,POINT(-122.421342521285 37.7772425193096),POINT(-122.422266021896 37.7768752677252),"POLYGON((-122.4230182 37.7770217, -122.4229484 37.7767334, -122.421323 37.7769666, -122.4213874 37.7772422, -122.4230182 37.7770217))",polygon4
Pickup,7,22,POINT(-122.424655057037 37.7768302824437),POINT(-122.424308807149 37.7768506290156),"POLYGON((-122.4246758 37.7768055, -122.4246221 37.7765172, -122.4229484 37.7767334, -122.4230182 37.7770217, -122.4246758 37.7768055))",polygon3
Pickup,7,19,POINT(-122.426457490898 37.7764721777419),POINT(-122.426137774796 37.7765553245145),"POLYGON((-122.4279642 37.7763815, -122.4279159 37.7761441, -122.4262636 37.7763518, -122.4263119 37.7766275, -122.4279642 37.7763815))",polygon1
Pickup,7,19,POINT(-122.426457490898 37.7764721777419),POINT(-122.426137774796 37.7765553245145),"POLYGON((-122.4263119 37.7766275, -122.4262636 37.7763518, -122.4246221 37.7765172, -122.4246758 37.7768055, -122.4263119 37.7766275))",polygon2
Dropoff,6,23,POINT(-122.422732219409 37.7768991019104),POINT(-122.423206883257 37.7765015045614),"POLYGON((-122.4230182 37.7770217, -122.4229484 37.7767334, -122.421323 37.7769666, -122.4213874 37.7772422, -122.4230182 37.7770217))",polygon4
Pickup,2,11,POINT(-122.423864133169 37.7767650064983),POINT(-122.423887291518 37.7764478922996),"POLYGON((-122.4246758 37.7768055, -122.4246221 37.7765172, -122.4229484 37.7767334, -122.4230182 37.7770217, -122.4246758 37.7768055))",polygon3
Pickup,1,18,POINT(-122.426240775333 37.7763211770386),POINT(-122.425974114339 37.7765698235913),"POLYGON((-122.4263119 37.7766275, -122.4262636 37.7763518, -122.4246221 37.7765172, -122.4246758 37.7768055, -122.4263119 37.7766275))",polygon2
Pickup,1,21,POINT(-122.421342521285 37.7772425193096),POINT(-122.422169239206 37.7770470885587),"POLYGON((-122.4230182 37.7770217, -122.4229484 37.7767334, -122.421323 37.7769666, -122.4213874 37.7772422, -122.4230182 37.7770217))",polygon4
Pickup,7,22,POINT(-122.425942661086 37.7765363877665),POINT(-122.426048513343 37.7765619882325),"POLYGON((-122.4263119 37.7766275, -122.4262636 37.7763518, -122.4246221 37.7765172, -122.4246758 37.7768055, -122.4263119 37.7766275))",polygon2
Pickup,2,23,POINT(-122.426457490898 37.7764721777419),POINT(-122.42627508002 37.7762619171583),"POLYGON((-122.4279642 37.7763815, -122.4279159 37.7761441, -122.4262636 37.7763518, -122.4263119 37.7766275, -122.4279642 37.7763815))",polygon1
Dropoff,4,20,POINT(-122.425113207741 37.7766043103469),POINT(-122.425002774767 37.7765249385779),"POLYGON((-122.4263119 37.7766275, -122.4262636 37.7763518, -122.4246221 37.7765172, -122.4246758 37.7768055, -122.4263119 37.7766275))",polygon2
Pickup,3,18,POINT(-122.424849741087 37.7766378002019),POINT(-122.424737579614 37.7763838266664),"POLYGON((-122.4263119 37.7766275, -122.4262636 37.7763518, -122.4246221 37.7765172, -122.4246758 37.7768055, -122.4263119 37.7766275))",polygon2
Dropoff,7,22,POINT(-122.425212839269 37.776634806121),POINT(-122.425217419033 37.7768120914548),"POLYGON((-122.4263119 37.7766275, -122.4262636 37.7763518, -122.4246221 37.7765172, -122.4246758 37.7768055, -122.4263119 37.7766275))",polygon2
Pickup,2,22,POINT(-122.424387700723 37.7766938332243),POINT(-122.424401440123 37.7767647785693),"POLYGON((-122.4246758 37.7768055, -122.4246221 37.7765172, -122.4229484 37.7767334, -122.4230182 37.7770217, -122.4246758 37.7768055))",polygon3
Dropoff,6,22,POINT(-122.424973567904 37.7766673974795),POINT(-122.425036129339 37.7768229963837),"POLYGON((-122.4263119 37.7766275, -122.4262636 37.7763518, -122.4246221 37.7765172, -122.4246758 37.7768055, -122.4263119 37.7766275))",polygon2
Dropoff,1,9,POINT(-122.424890094992 37.7766780953956),POINT(-122.424859764756 37.7767995260997),"POLYGON((-122.4263119 37.7766275, -122.4262636 37.7763518, -122.4246221 37.7765172, -122.4246758 37.7768055, -122.4263119 37.7766275))",polygon2
Pickup,6,21,POINT(-122.424655057037 37.7768302824437),POINT(-122.423871737404 37.7767612137508),"POLYGON((-122.4246758 37.7768055, -122.4246221 37.7765172, -122.4229484 37.7767334, -122.4230182 37.7770217, -122.4246758 37.7768055))",polygon3
Dropoff,7,18,POINT(-122.424200015146 37.7762641074496),POINT(-122.42392038721 37.776622080057),"POLYGON((-122.4246758 37.7768055, -122.4246221 37.7765172, -122.4229484 37.7767334, -122.4230182 37.7770217, -122.4246758 37.7768055))",polygon3
Pickup,3,16,POINT(-122.421342521285 37.7772425193096),POINT(-122.422447402787 37.7770681198802),"POLYGON((-122.4230182 37.7770217, -122.4229484 37.7767334, -122.421323 37.7769666, -122.4213874 37.7772422, -122.4230182 37.7770217))",polygon4
Dropoff,3,19,POINT(-122.423864133169 37.7767650064983),POINT(-122.424029697972 37.7768991780854),"POLYGON((-122.4246758 37.7768055, -122.4246221 37.7765172, -122.4229484 37.7767334, -122.4230182 37.7770217, -122.4246758 37.7768055))",polygon3
Pickup,1,16,POINT(-122.423001999489 37.7767477208701),POINT(-122.422059926506 37.776998991512),"POLYGON((-122.4230182 37.7770217, -122.4229484 37.7767334, -122.421323 37.7769666, -122.4213874 37.7772422, -122.4230182 37.7770217))",polygon4
Pickup,1,16,POINT(-122.423001999489 37.7767477208701),POINT(-122.422059926506 37.776998991512),"POLYGON((-122.4246758 37.7768055, -122.4246221 37.7765172, -122.4229484 37.7767334, -122.4230182 37.7770217, -122.4246758 37.7768055))",polygon3
Pickup,7,17,POINT(-122.422733688425 37.7764490718287),POINT(-122.423049439925 37.7768061940651),"POLYGON((-122.4246758 37.7768055, -122.4246221 37.7765172, -122.4229484 37.7767334, -122.4230182 37.7770217, -122.4246758 37.7768055))",polygon3
Pickup,2,20,POINT(-122.424463224198 37.7766844176431),POINT(-122.424575299552 37.7765368994072),"POLYGON((-122.4246758 37.7768055, -122.4246221 37.7765172, -122.4229484 37.7767334, -122.4230182 37.7770217, -122.4246758 37.7768055))",polygon3
Pickup,6,21,POINT(-122.424655057037 37.7768302824437),POINT(-122.424251429967 37.7768274192174),"POLYGON((-122.4246758 37.7768055, -122.4246221 37.7765172, -122.4229484 37.7767334, -122.4230182 37.7770217, -122.4246758 37.7768055))",polygon3
Pickup,1,14,POINT(-122.42483021221 37.7766853906467),POINT(-122.424791932146 37.7767359131177),"POLYGON((-122.4263119 37.7766275, -122.4262636 37.7763518, -122.4246221 37.7765172, -122.4246758 37.7768055, -122.4263119 37.7766275))",polygon2
Dropoff,5,20,POINT(-122.425942661086 37.7765363877665),POINT(-122.426045402584 37.7766179779217),"POLYGON((-122.4263119 37.7766275, -122.4262636 37.7763518, -122.4246221 37.7765172, -122.4246758 37.7768055, -122.4263119 37.7766275))",polygon2
Pickup,1,14,POINT(-122.424849741087 37.7766378002019),POINT(-122.424776896631 37.7765500656232),"POLYGON((-122.4263119 37.7766275, -122.4262636 37.7763518, -122.4246221 37.7765172, -122.4246758 37.7768055, -122.4263119 37.7766275))",polygon2
Pickup,4,22,POINT(-122.425942661086 37.7765363877665),POINT(-122.426144428357 37.7765691262695),"POLYGON((-122.4263119 37.7766275, -122.4262636 37.7763518, -122.4246221 37.7765172, -122.4246758 37.7768055, -122.4263119 37.7766275))",polygon2
Pickup,1,14,POINT(-122.424655057037 37.7768302824437),POINT(-122.424477914112 37.7766969111606),"POLYGON((-122.4246758 37.7768055, -122.4246221 37.7765172, -122.4229484 37.7767334, -122.4230182 37.7770217, -122.4246758 37.7768055))",polygon3
Dropoff,7,15,POINT(-122.426284066636 37.776333305778),POINT(-122.426150563459 37.7765657125264),"POLYGON((-122.4263119 37.7766275, -122.4262636 37.7763518, -122.4246221 37.7765172, -122.4246758 37.7768055, -122.4263119 37.7766275))",polygon2
Pickup,5,22,POINT(-122.422644164838 37.7769104795419),POINT(-122.422547468909 37.7767722078427),"POLYGON((-122.4230182 37.7770217, -122.4229484 37.7767334, -122.421323 37.7769666, -122.4213874 37.7772422, -122.4230182 37.7770217))",polygon4
Dropoff,4,17,POINT(-122.42332198438 37.7768290232458),POINT(-122.423176811772 37.7770403719393),"POLYGON((-122.4246758 37.7768055, -122.4246221 37.7765172, -122.4229484 37.7767334, -122.4230182 37.7770217, -122.4246758 37.7768055))",polygon3
Pickup,3,22,POINT(-122.423209475626 37.776820223827),POINT(-122.422582034041 37.7768435106485),"POLYGON((-122.4230182 37.7770217, -122.4229484 37.7767334, -122.421323 37.7769666, -122.4213874 37.7772422, -122.4230182 37.7770217))",polygon4
Pickup,3,22,POINT(-122.423209475626 37.776820223827),POINT(-122.422582034041 37.7768435106485),"POLYGON((-122.4246758 37.7768055, -122.4246221 37.7765172, -122.4229484 37.7767334, -122.4230182 37.7770217, -122.4246758 37.7768055))",polygon3
Dropoff,7,11,POINT(-122.421342521285 37.7772425193096),POINT(-122.422310697447 37.7770826093285),"POLYGON((-122.4230182 37.7770217, -122.4229484 37.7767334, -122.421323 37.7769666, -122.4213874 37.7772422, -122.4230182 37.7770217))",polygon4
Pickup,7,12,POINT(-122.422837470016 37.7779050262455),POINT(-122.423875539521 37.7768656767732),"POLYGON((-122.4246758 37.7768055, -122.4246221 37.7765172, -122.4229484 37.7767334, -122.4230182 37.7770217, -122.4246758 37.7768055))",polygon3
Pickup,6,20,POINT(-122.423001999489 37.7767477208701),POINT(-122.422516101042 37.776969130423),"POLYGON((-122.4230182 37.7770217, -122.4229484 37.7767334, -122.421323 37.7769666, -122.4213874 37.7772422, -122.4230182 37.7770217))",polygon4
Pickup,6,20,POINT(-122.423001999489 37.7767477208701),POINT(-122.422516101042 37.776969130423),"POLYGON((-122.4246758 37.7768055, -122.4246221 37.7765172, -122.4229484 37.7767334, -122.4230182 37.7770217, -122.4246758 37.7768055))",polygon3
Pickup,2,18,POINT(-122.426457490898 37.7764721777419),POINT(-122.426280437426 37.7764676061046),"POLYGON((-122.4279642 37.7763815, -122.4279159 37.7761441, -122.4262636 37.7763518, -122.4263119 37.7766275, -122.4279642 37.7763815))",polygon1
Pickup,2,18,POINT(-122.426457490898 37.7764721777419),POINT(-122.426280437426 37.7764676061046),"POLYGON((-122.4263119 37.7766275, -122.4262636 37.7763518, -122.4246221 37.7765172, -122.4246758 37.7768055, -122.4263119 37.7766275))",polygon2
Pickup,1,13,POINT(-122.423001999489 37.7767477208701),POINT(-122.423507511226 37.7767407754475),"POLYGON((-122.4246758 37.7768055, -122.4246221 37.7765172, -122.4229484 37.7767334, -122.4230182 37.7770217, -122.4246758 37.7768055))",polygon3
Dropoff,4,22,POINT(-122.426457490898 37.7764721777419),POINT(-122.425663815485 37.7767082310155),"POLYGON((-122.4279642 37.7763815, -122.4279159 37.7761441, -122.4262636 37.7763518, -122.4263119 37.7766275, -122.4279642 37.7763815))",polygon1
Pickup,3,20,POINT(-122.423001999489 37.7767477208701),POINT(-122.423525398519 37.7767663169103),"POLYGON((-122.4246758 37.7768055, -122.4246221 37.7765172, -122.4229484 37.7767334, -122.4230182 37.7770217, -122.4246758 37.7768055))",polygon3
Dropoff,3,12,POINT(-122.425178879877 37.7765960339293),POINT(-122.425153734367 37.7765027162634),"POLYGON((-122.4263119 37.7766275, -122.4262636 37.7763518, -122.4246221 37.7765172, -122.4246758 37.7768055, -122.4263119 37.7766275))",polygon2
Pickup,4,18,POINT(-122.425860917147 37.7765480088597),POINT(-122.425915614736 37.7767721807995),"POLYGON((-122.4263119 37.7766275, -122.4262636 37.7763518, -122.4246221 37.7765172, -122.4246758 37.7768055, -122.4263119 37.7766275))",polygon2
Dropoff,5,14,POINT(-122.424446028354 37.7766867258339),POINT(-122.424484135723 37.7768766729888),"POLYGON((-122.4246758 37.7768055, -122.4246221 37.7765172, -122.4229484 37.7767334, -122.4230182 37.7770217, -122.4246758 37.7768055))",polygon3
Dropoff,1,14,POINT(-122.421342521285 37.7772425193096),POINT(-122.422322017555 37.7770461947908),"POLYGON((-122.4230182 37.7770217, -122.4229484 37.7767334, -122.421323 37.7769666, -122.4213874 37.7772422, -122.4230182 37.7770217))",polygon4
Dropoff,6,21,POINT(-122.422512212463 37.7769275059873),POINT(-122.42254081512 37.7768266710287),"POLYGON((-122.4230182 37.7770217, -122.4229484 37.7767334, -122.421323 37.7769666, -122.4213874 37.7772422, -122.4230182 37.7770217))",polygon4
Pickup,6,23,POINT(-122.424726778234 37.7769542755059),POINT(-122.424723321791 37.7767259730771),"POLYGON((-122.4263119 37.7766275, -122.4262636 37.7763518, -122.4246221 37.7765172, -122.4246758 37.7768055, -122.4263119 37.7766275))",polygon2
Pickup,7,22,POINT(-122.424655057037 37.7768302824437),POINT(-122.424552832644 37.7765929543011),"POLYGON((-122.4246758 37.7768055, -122.4246221 37.7765172, -122.4229484 37.7767334, -122.4230182 37.7770217, -122.4246758 37.7768055))",polygon3
Dropoff,5,15,POINT(-122.42401846446 37.7767878407125),POINT(-122.423954260597 37.7769130015034),"POLYGON((-122.4246758 37.7768055, -122.4246221 37.7765172, -122.4229484 37.7767334, -122.4230182 37.7770217, -122.4246758 37.7768055))",polygon3
Pickup,6,21,POINT(-122.425113207741 37.7766043103469),POINT(-122.424962766548 37.7764915888587),"POLYGON((-122.4263119 37.7766275, -122.4262636 37.7763518, -122.4246221 37.7765172, -122.4246758 37.7768055, -122.4263119 37.7766275))",polygon2
Pickup,7,0,POINT(-122.424261972162 37.776248177885),POINT(-122.424600013146 37.7765362047529),"POLYGON((-122.4246758 37.7768055, -122.4246221 37.7765172, -122.4229484 37.7767334, -122.4230182 37.7770217, -122.4246758 37.7768055))",polygon3
Pickup,7,20,POINT(-122.42483021221 37.7766853906467),POINT(-122.42366849676 37.7768418970608),"POLYGON((-122.4246758 37.7768055, -122.4246221 37.7765172, -122.4229484 37.7767334, -122.4230182 37.7770217, -122.4246758 37.7768055))",polygon3
Pickup,7,20,POINT(-122.42483021221 37.7766853906467),POINT(-122.42366849676 37.7768418970608),"POLYGON((-122.4263119 37.7766275, -122.4262636 37.7763518, -122.4246221 37.7765172, -122.4246758 37.7768055, -122.4263119 37.7766275))",polygon2
Pickup,7,18,POINT(-122.426284066636 37.776333305778),POINT(-122.426288991993 37.776405798112),"POLYGON((-122.4279642 37.7763815, -122.4279159 37.7761441, -122.4262636 37.7763518, -122.4263119 37.7766275, -122.4279642 37.7763815))",polygon1
Pickup,6,23,POINT(-122.422803509856 37.7769471141156),POINT(-122.423042786167 37.7769170721692),"POLYGON((-122.4230182 37.7770217, -122.4229484 37.7767334, -122.421323 37.7769666, -122.4213874 37.7772422, -122.4230182 37.7770217))",polygon4
Pickup,6,23,POINT(-122.422803509856 37.7769471141156),POINT(-122.423042786167 37.7769170721692),"POLYGON((-122.4246758 37.7768055, -122.4246221 37.7765172, -122.4229484 37.7767334, -122.4230182 37.7770217, -122.4246758 37.7768055))",polygon3
Pickup,6,20,POINT(-122.426115740272 37.777481661115),POINT(-122.426223234142 37.7766135868026),"POLYGON((-122.4263119 37.7766275, -122.4262636 37.7763518, -122.4246221 37.7765172, -122.4246758 37.7768055, -122.4263119 37.7766275))",polygon2
Dropoff,5,20,POINT(-122.425860917147 37.7765480088597),POINT(-122.425889432481 37.7766751845954),"POLYGON((-122.4263119 37.7766275, -122.4262636 37.7763518, -122.4246221 37.7765172, -122.4246758 37.7768055, -122.4263119 37.7766275))",polygon2
Pickup,5,22,POINT(-122.426284066636 37.776333305778),POINT(-122.426052401791 37.7763965657421),"POLYGON((-122.4263119 37.7766275, -122.4262636 37.7763518, -122.4246221 37.7765172, -122.4246758 37.7768055, -122.4263119 37.7766275))",polygon2
Pickup,3,6,POINT(-122.425730092148 37.7765665113315),POINT(-122.425745386757 37.7767164372137),"POLYGON((-122.4263119 37.7766275, -122.4262636 37.7763518, -122.4246221 37.7765172, -122.4246758 37.7768055, -122.4263119 37.7766275))",polygon2
Pickup,1,16,POINT(-122.427932492842 37.7761363142782),POINT(-122.427889461445 37.7762495108603),"POLYGON((-122.4279642 37.7763815, -122.4279159 37.7761441, -122.4262636 37.7763518, -122.4263119 37.7766275, -122.4279642 37.7763815))",polygon1
Pickup,7,21,POINT(-122.425664679588 37.7765755807601),POINT(-122.425675308051 37.7765843069595),"POLYGON((-122.4263119 37.7766275, -122.4262636 37.7763518, -122.4246221 37.7765172, -122.4246758 37.7768055, -122.4263119 37.7766275))",polygon2
Pickup,7,13,POINT(-122.42483021221 37.7766853906467),POINT(-122.424363505548 37.7765323939649),"POLYGON((-122.4263119 37.7766275, -122.4262636 37.7763518, -122.4246221 37.7765172, -122.4246758 37.7768055, -122.4263119 37.7766275))",polygon2
Dropoff,7,14,POINT(-122.425860917147 37.7765480088597),POINT(-122.425889432481 37.7766751845954),"POLYGON((-122.4263119 37.7766275, -122.4262636 37.7763518, -122.4246221 37.7765172, -122.4246758 37.7768055, -122.4263119 37.7766275))",polygon2
Pickup,7,19,POINT(-122.424849741087 37.7766378002019),POINT(-122.426826804989 37.7764850023475),"POLYGON((-122.4279642 37.7763815, -122.4279159 37.7761441, -122.4262636 37.7763518, -122.4263119 37.7766275, -122.4279642 37.7763815))",polygon1
Pickup,7,19,POINT(-122.424849741087 37.7766378002019),POINT(-122.426826804989 37.7764850023475),"POLYGON((-122.4263119 37.7766275, -122.4262636 37.7763518, -122.4246221 37.7765172, -122.4246758 37.7768055, -122.4263119 37.7766275))",polygon2
Dropoff,6,17,POINT(-122.424655057037 37.7768302824437),POINT(-122.424319867807 37.7768448280664),"POLYGON((-122.4246758 37.7768055, -122.4246221 37.7765172, -122.4229484 37.7767334, -122.4230182 37.7770217, -122.4246758 37.7768055))",polygon3
Pickup,1,16,POINT(-122.425942661086 37.7765363877665),POINT(-122.426136737878 37.7767219777149),"POLYGON((-122.4263119 37.7766275, -122.4262636 37.7763518, -122.4246221 37.7765172, -122.4246758 37.7768055, -122.4263119 37.7766275))",polygon2
Pickup,4,22,POINT(-122.423425333329 37.7768612136313),POINT(-122.423029824301 37.7769936129998),"POLYGON((-122.4246758 37.7768055, -122.4246221 37.7765172, -122.4229484 37.7767334, -122.4230182 37.7770217, -122.4246758 37.7768055))",polygon3
Dropoff,6,16,POINT(-122.424726778234 37.7769542755059),POINT(-122.424319867807 37.7768448280664),"POLYGON((-122.4246758 37.7768055, -122.4246221 37.7765172, -122.4229484 37.7767334, -122.4230182 37.7770217, -122.4246758 37.7768055))",polygon3
Pickup,2,0,POINT(-122.423001999489 37.7767477208701),POINT(-122.422649695255 37.7768296082912),"POLYGON((-122.4230182 37.7770217, -122.4229484 37.7767334, -122.421323 37.7769666, -122.4213874 37.7772422, -122.4230182 37.7770217))",polygon4
Pickup,2,0,POINT(-122.423001999489 37.7767477208701),POINT(-122.422649695255 37.7768296082912),"POLYGON((-122.4246758 37.7768055, -122.4246221 37.7765172, -122.4229484 37.7767334, -122.4230182 37.7770217, -122.4246758 37.7768055))",polygon3
Pickup,7,19,POINT(-122.423001999489 37.7767477208701),POINT(-122.423638079759 37.7768796048725),"POLYGON((-122.4246758 37.7768055, -122.4246221 37.7765172, -122.4229484 37.7767334, -122.4230182 37.7770217, -122.4246758 37.7768055))",polygon3
Pickup,4,19,POINT(-122.424446028354 37.7766867258339),POINT(-122.424440411621 37.7769189826404),"POLYGON((-122.4246758 37.7768055, -122.4246221 37.7765172, -122.4229484 37.7767334, -122.4230182 37.7770217, -122.4246758 37.7768055))",polygon3
Dropoff,7,12,POINT(-122.425942661086 37.7765363877665),POINT(-122.426150563459 37.7765657125264),"POLYGON((-122.4263119 37.7766275, -122.4262636 37.7763518, -122.4246221 37.7765172, -122.4246758 37.7768055, -122.4263119 37.7766275))",polygon2
Dropoff,6,15,POINT(-122.424655057037 37.7768302824437),POINT(-122.424319867807 37.7768448280664),"POLYGON((-122.4246758 37.7768055, -122.4246221 37.7765172, -122.4229484 37.7767334, -122.4230182 37.7770217, -122.4246758 37.7768055))",polygon3
Dropoff,7,11,POINT(-122.421342521285 37.7772425193096),POINT(-122.422266021896 37.7768752677252),"POLYGON((-122.4230182 37.7770217, -122.4229484 37.7767334, -122.421323 37.7769666, -122.4213874 37.7772422, -122.4230182 37.7770217))",polygon4
Pickup,7,23,POINT(-122.423350413993 37.77682922169),POINT(-122.423475970821 37.7768705758077),"POLYGON((-122.4246758 37.7768055, -122.4246221 37.7765172, -122.4229484 37.7767334, -122.4230182 37.7770217, -122.4246758 37.7768055))",polygon3
Pickup,6,19,POINT(-122.423001999489 37.7767477208701),POINT(-122.423112088919 37.7766778036556),"POLYGON((-122.4246758 37.7768055, -122.4246221 37.7765172, -122.4229484 37.7767334, -122.4230182 37.7770217, -122.4246758 37.7768055))",polygon3
Dropoff,4,18,POINT(-122.42401846446 37.7767878407125),POINT(-122.424029697972 37.7768991780854),"POLYGON((-122.4246758 37.7768055, -122.4246221 37.7765172, -122.4229484 37.7767334, -122.4230182 37.7770217, -122.4246758 37.7768055))",polygon3
Dropoff,2,11,POINT(-122.421342521285 37.7772425193096),POINT(-122.42143913191 37.7770535218268),"POLYGON((-122.4230182 37.7770217, -122.4229484 37.7767334, -122.421323 37.7769666, -122.4213874 37.7772422, -122.4230182 37.7770217))",polygon4
Pickup,5,22,POINT(-122.424387700723 37.7766938332243),POINT(-122.424345618397 37.7765530896288),"POLYGON((-122.4246758 37.7768055, -122.4246221 37.7765172, -122.4229484 37.7767334, -122.4230182 37.7770217, -122.4246758 37.7768055))",polygon3
Dropoff,1,19,POINT(-122.423001999489 37.7767477208701),POINT(-122.422814397848 37.776811887749),"POLYGON((-122.4230182 37.7770217, -122.4229484 37.7767334, -122.421323 37.7769666, -122.4213874 37.7772422, -122.4230182 37.7770217))",polygon4
Dropoff,1,19,POINT(-122.423001999489 37.7767477208701),POINT(-122.422814397848 37.776811887749),"POLYGON((-122.4246758 37.7768055, -122.4246221 37.7765172, -122.4229484 37.7767334, -122.4230182 37.7770217, -122.4246758 37.7768055))",polygon3
Dropoff,7,18,POINT(-122.424726778234 37.7769542755059),POINT(-122.424777760741 37.7765553976966),"POLYGON((-122.4263119 37.7766275, -122.4262636 37.7763518, -122.4246221 37.7765172, -122.4246758 37.7768055, -122.4263119 37.7766275))",polygon2
Dropoff,7,19,POINT(-122.423001999489 37.7767477208701),POINT(-122.423408482964 37.7767098007088),"POLYGON((-122.4246758 37.7768055, -122.4246221 37.7765172, -122.4229484 37.7767334, -122.4230182 37.7770217, -122.4246758 37.7768055))",polygon3
Pickup,3,20,POINT(-122.423209475626 37.776820223827),POINT(-122.423070438144 37.7770437166544),"POLYGON((-122.4246758 37.7768055, -122.4246221 37.7765172, -122.4229484 37.7767334, -122.4230182 37.7770217, -122.4246758 37.7768055))",polygon3
Pickup,5,21,POINT(-122.424261972162 37.776248177885),POINT(-122.42494202794 37.7766031632672),"POLYGON((-122.4263119 37.7766275, -122.4262636 37.7763518, -122.4246221 37.7765172, -122.4246758 37.7768055, -122.4263119 37.7766275))",polygon2
Pickup,6,16,POINT(-122.426284066636 37.776333305778),POINT(-122.426215111618 37.7765771187679),"POLYGON((-122.4263119 37.7766275, -122.4262636 37.7763518, -122.4246221 37.7765172, -122.4246758 37.7768055, -122.4263119 37.7766275))",polygon2
Pickup,7,15,POINT(-122.426284066636 37.776333305778),POINT(-122.426244404545 37.7766070023563),"POLYGON((-122.4263119 37.7766275, -122.4262636 37.7763518, -122.4246221 37.7765172, -122.4246758 37.7768055, -122.4263119 37.7766275))",polygon2
Dropoff,5,15,POINT(-122.423209475626 37.776820223827),POINT(-122.422740342202 37.7771040893142),"POLYGON((-122.4246758 37.7768055, -122.4246221 37.7765172, -122.4229484 37.7767334, -122.4230182 37.7770217, -122.4246758 37.7768055))",polygon3
Pickup,2,15,POINT(-122.42487022048 37.7766805005723),POINT(-122.424868492261 37.77671948996),"POLYGON((-122.4263119 37.7766275, -122.4262636 37.7763518, -122.4246221 37.7765172, -122.4246758 37.7768055, -122.4263119 37.7766275))",polygon2
Pickup,7,12,POINT(-122.421403875091 37.7775425868939),POINT(-122.421770009665 37.7771844796087),"POLYGON((-122.4230182 37.7770217, -122.4229484 37.7767334, -122.421323 37.7769666, -122.4213874 37.7772422, -122.4230182 37.7770217))",polygon4
Pickup,6,19,POINT(-122.425860917147 37.7765480088597),POINT(-122.425956573103 37.7766846304495),"POLYGON((-122.4263119 37.7766275, -122.4262636 37.7763518, -122.4246221 37.7765172, -122.4246758 37.7768055, -122.4263119 37.7766275))",polygon2
Pickup,2,17,POINT(-122.42401846446 37.7767878407125),POINT(-122.423924016502 37.7768438607284),"POLYGON((-122.4246758 37.7768055, -122.4246221 37.7765172, -122.4229484 37.7767334, -122.4230182 37.7770217, -122.4246758 37.7768055))",polygon3
Dropoff,6,18,POINT(-122.424655057037 37.7768302824437),POINT(-122.423637993347 37.7766909758119),"POLYGON((-122.4246758 37.7768055, -122.4246221 37.7765172, -122.4229484 37.7767334, -122.4230182 37.7770217, -122.4246758 37.7768055))",polygon3
Dropoff,3,0,POINT(-122.424849741087 37.7766378002019),POINT(-122.424776896631 37.7765500656232),"POLYGON((-122.4263119 37.7766275, -122.4262636 37.7763518, -122.4246221 37.7765172, -122.4246758 37.7768055, -122.4263119 37.7766275))",polygon2
Pickup,5,20,POINT(-122.422282094727 37.7770130351663),POINT(-122.422293933316 37.7770658095848),"POLYGON((-122.4230182 37.7770217, -122.4229484 37.7767334, -122.421323 37.7769666, -122.4213874 37.7772422, -122.4230182 37.7770217))",polygon4
Pickup,5,21,POINT(-122.425942661086 37.7765363877665),POINT(-122.426103038015 37.7765774227405),"POLYGON((-122.4263119 37.7766275, -122.4262636 37.7763518, -122.4246221 37.7765172, -122.4246758 37.7768055, -122.4263119 37.7766275))",polygon2
Dropoff,2,17,POINT(-122.423001999489 37.7767477208701),POINT(-122.423176811772 37.7770403719393),"POLYGON((-122.4246758 37.7768055, -122.4246221 37.7765172, -122.4229484 37.7767334, -122.4230182 37.7770217, -122.4246758 37.7768055))",polygon3
Pickup,6,19,POINT(-122.424200015146 37.7762641074496),POINT(-122.423855405581 37.7766725996461),"POLYGON((-122.4246758 37.7768055, -122.4246221 37.7765172, -122.4229484 37.7767334, -122.4230182 37.7770217, -122.4246758 37.7768055))",polygon3
Pickup,4,23,POINT(-122.424387700723 37.7766938332243),POINT(-122.42434268041 37.7767704194581),"POLYGON((-122.4246758 37.7768055, -122.4246221 37.7765172, -122.4229484 37.7767334, -122.4230182 37.7770217, -122.4246758 37.7768055))",polygon3
Dropoff,3,22,POINT(-122.422803509856 37.7769471141156),POINT(-122.423206883257 37.7765015045614),"POLYGON((-122.4230182 37.7770217, -122.4229484 37.7767334, -122.421323 37.7769666, -122.4213874 37.7772422, -122.4230182 37.7770217))",polygon4
Pickup,6,15,POINT(-122.424287636355 37.7761765994006),POINT(-122.424172190645 37.7766498313628),"POLYGON((-122.4246758 37.7768055, -122.4246221 37.7765172, -122.4229484 37.7767334, -122.4230182 37.7770217, -122.4246758 37.7768055))",polygon3
Dropoff,4,19,POINT(-122.425844758454 37.7765086327269),POINT(-122.425845795375 37.7764093706272),"POLYGON((-122.4263119 37.7766275, -122.4262636 37.7763518, -122.4246221 37.7765172, -122.4246758 37.7768055, -122.4263119 37.7766275))",polygon2
Dropoff,6,17,POINT(-122.42483021221 37.7766853906467),POINT(-122.424319867807 37.7768448280664),"POLYGON((-122.4246758 37.7768055, -122.4246221 37.7765172, -122.4229484 37.7767334, -122.4230182 37.7770217, -122.4246758 37.7768055))",polygon3
Dropoff,6,17,POINT(-122.42483021221 37.7766853906467),POINT(-122.424319867807 37.7768448280664),"POLYGON((-122.4263119 37.7766275, -122.4262636 37.7763518, -122.4246221 37.7765172, -122.4246758 37.7768055, -122.4263119 37.7766275))",polygon2
Dropoff,2,12,POINT(-122.426492832429 37.7764272114263),POINT(-122.426045402584 37.7766179779217),"POLYGON((-122.4279642 37.7763815, -122.4279159 37.7761441, -122.4262636 37.7763518, -122.4263119 37.7766275, -122.4279642 37.7763815))",polygon1
Dropoff,2,12,POINT(-122.426492832429 37.7764272114263),POINT(-122.426045402584 37.7766179779217),"POLYGON((-122.4263119 37.7766275, -122.4262636 37.7763518, -122.4246221 37.7765172, -122.4246758 37.7768055, -122.4263119 37.7766275))",polygon2
Dropoff,4,21,POINT(-122.425942661086 37.7765363877665),POINT(-122.426045402584 37.7766179779217),"POLYGON((-122.4263119 37.7766275, -122.4262636 37.7763518, -122.4246221 37.7765172, -122.4246758 37.7768055, -122.4263119 37.7766275))",polygon2
Pickup,6,23,POINT(-122.424655057037 37.7768302824437),POINT(-122.424319867807 37.7768448280664),"POLYGON((-122.4246758 37.7768055, -122.4246221 37.7765172, -122.4229484 37.7767334, -122.4230182 37.7770217, -122.4246758 37.7768055))",polygon3
Pickup,1,2,POINT(-122.42483021221 37.7766853906467),POINT(-122.4242910064 37.7765802823736),"POLYGON((-122.4246758 37.7768055, -122.4246221 37.7765172, -122.4229484 37.7767334, -122.4230182 37.7770217, -122.4246758 37.7768055))",polygon3
Pickup,1,2,POINT(-122.42483021221 37.7766853906467),POINT(-122.4242910064 37.7765802823736),"POLYGON((-122.4263119 37.7766275, -122.4262636 37.7763518, -122.4246221 37.7765172, -122.4246758 37.7768055, -122.4263119 37.7766275))",polygon2
Dropoff,4,21,POINT(-122.424446028354 37.7766867258339),POINT(-122.424380614993 37.7768528249401),"POLYGON((-122.4246758 37.7768055, -122.4246221 37.7765172, -122.4229484 37.7767334, -122.4230182 37.7770217, -122.4246758 37.7768055))",polygon3
Dropoff,7,12,POINT(-122.426457490898 37.7764721777419),POINT(-122.426165858006 37.7766273092287),"POLYGON((-122.4279642 37.7763815, -122.4279159 37.7761441, -122.4262636 37.7763518, -122.4263119 37.7766275, -122.4279642 37.7763815))",polygon1
Dropoff,7,12,POINT(-122.426457490898 37.7764721777419),POINT(-122.426165858006 37.7766273092287),"POLYGON((-122.4263119 37.7766275, -122.4262636 37.7763518, -122.4246221 37.7765172, -122.4246758 37.7768055, -122.4263119 37.7766275))",polygon2
Pickup,4,6,POINT(-122.425642817785 37.7765785973798),POINT(-122.425703909847 37.7767027324272),"POLYGON((-122.4263119 37.7766275, -122.4262636 37.7763518, -122.4246221 37.7765172, -122.4246758 37.7768055, -122.4263119 37.7766275))",polygon2
Dropoff,7,17,POINT(-122.423115718239 37.776394319937),POINT(-122.422814397848 37.776811887749),"POLYGON((-122.4230182 37.7770217, -122.4229484 37.7767334, -122.421323 37.7769666, -122.4213874 37.7772422, -122.4230182 37.7770217))",polygon4
Pickup,4,21,POINT(-122.424655057037 37.7768302824437),POINT(-122.424567436135 37.7767249920708),"POLYGON((-122.4246758 37.7768055, -122.4246221 37.7765172, -122.4229484 37.7767334, -122.4230182 37.7770217, -122.4246758 37.7768055))",polygon3
Dropoff,4,16,POINT(-122.42332198438 37.7768290232458),POINT(-122.422656262624 37.7769228983289),"POLYGON((-122.4230182 37.7770217, -122.4229484 37.7767334, -122.421323 37.7769666, -122.4213874 37.7772422, -122.4230182 37.7770217))",polygon4
Dropoff,4,16,POINT(-122.42332198438 37.7768290232458),POINT(-122.422656262624 37.7769228983289),"POLYGON((-122.4246758 37.7768055, -122.4246221 37.7765172, -122.4229484 37.7767334, -122.4230182 37.7770217, -122.4246758 37.7768055))",polygon3
Pickup,2,22,POINT(-122.426240775333 37.7763211770386),POINT(-122.425844931274 37.7766315131697),"POLYGON((-122.4263119 37.7766275, -122.4262636 37.7763518, -122.4246221 37.7765172, -122.4246758 37.7768055, -122.4263119 37.7766275))",polygon2
Pickup,7,21,POINT(-122.426284066636 37.776333305778),POINT(-122.426045402584 37.7766179779217),"POLYGON((-122.4263119 37.7766275, -122.4262636 37.7763518, -122.4246221 37.7765172, -122.4246758 37.7768055, -122.4263119 37.7766275))",polygon2
Dropoff,7,21,POINT(-122.426284066636 37.776333305778),POINT(-122.426045402584 37.7766179779217),"POLYGON((-122.4263119 37.7766275, -122.4262636 37.7763518, -122.4246221 37.7765172, -122.4246758 37.7768055, -122.4263119 37.7766275))",polygon2
Pickup,3,16,POINT(-122.422282094727 37.7770130351663),POINT(-122.422308277882 37.7770736843398),"POLYGON((-122.4230182 37.7770217, -122.4229484 37.7767334, -122.421323 37.7769666, -122.4213874 37.7772422, -122.4230182 37.7770217))",polygon4
Dropoff,7,15,POINT(-122.425942661086 37.7765363877665),POINT(-122.426045402584 37.7766179779217),"POLYGON((-122.4263119 37.7766275, -122.4262636 37.7763518, -122.4246221 37.7765172, -122.4246758 37.7768055, -122.4263119 37.7766275))",polygon2
Pickup,7,16,POINT(-122.427459837769 37.7763064947503),POINT(-122.427507103372 37.7765022713449),"POLYGON((-122.4279642 37.7763815, -122.4279159 37.7761441, -122.4262636 37.7763518, -122.4263119 37.7766275, -122.4279642 37.7763815))",polygon1
Dropoff,6,16,POINT(-122.424726778234 37.7769542755059),POINT(-122.424319867807 37.7768448280664),"POLYGON((-122.4246758 37.7768055, -122.4246221 37.7765172, -122.4229484 37.7767334, -122.4230182 37.7770217, -122.4246758 37.7768055))",polygon3
Pickup,5,15,POINT(-122.42332198438 37.7768290232458),POINT(-122.422740342202 37.7771040893142),"POLYGON((-122.4246758 37.7768055, -122.4246221 37.7765172, -122.4229484 37.7767334, -122.4230182 37.7770217, -122.4246758 37.7768055))",polygon3
Pickup,4,15,POINT(-122.425384277859 37.7766123184562),POINT(-122.425375118345 37.776616662392),"POLYGON((-122.4263119 37.7766275, -122.4262636 37.7763518, -122.4246221 37.7765172, -122.4246758 37.7768055, -122.4263119 37.7766275))",polygon2
Pickup,7,17,POINT(-122.424200015146 37.7762641074496),POINT(-122.423637993347 37.7766909758119),"POLYGON((-122.4246758 37.7768055, -122.4246221 37.7765172, -122.4229484 37.7767334, -122.4230182 37.7770217, -122.4246758 37.7768055))",polygon3
Pickup,6,16,POINT(-122.424287636355 37.7761765994006),POINT(-122.424319867807 37.7768448280664),"POLYGON((-122.4246758 37.7768055, -122.4246221 37.7765172, -122.4229484 37.7767334, -122.4230182 37.7770217, -122.4246758 37.7768055))",polygon3
Pickup,4,23,POINT(-122.424196126629 37.7767185859009),POINT(-122.424258602116 37.7766146758089),"POLYGON((-122.4246758 37.7768055, -122.4246221 37.7765172, -122.4229484 37.7767334, -122.4230182 37.7770217, -122.4246758 37.7768055))",polygon3
Dropoff,4,19,POINT(-122.423367091543 37.7768286725309),POINT(-122.423408482964 37.7767098007088),"POLYGON((-122.4246758 37.7768055, -122.4246221 37.7765172, -122.4229484 37.7767334, -122.4230182 37.7770217, -122.4246758 37.7768055))",polygon3
Pickup,6,16,POINT(-122.425942661086 37.7765363877665),POINT(-122.425965905386 37.7766140775726),"POLYGON((-122.4263119 37.7766275, -122.4262636 37.7763518, -122.4246221 37.7765172, -122.4246758 37.7768055, -122.4263119 37.7766275))",polygon2
Dropoff,1,21,POINT(-122.425942661086 37.7765363877665),POINT(-122.426045402584 37.7766179779217),"POLYGON((-122.4263119 37.7766275, -122.4262636 37.7763518, -122.4246221 37.7765172, -122.4246758 37.7768055, -122.4263119 37.7766275))",polygon2
Pickup,1,0,POINT(-122.422644164838 37.7769104795419),POINT(-122.422618759482 37.7768630407811),"POLYGON((-122.4230182 37.7770217, -122.4229484 37.7767334, -122.421323 37.7769666, -122.4213874 37.7772422, -122.4230182 37.7770217))",polygon4
Pickup,4,0,POINT(-122.424655057037 37.7768302824437),POINT(-122.424394440806 37.7766921964021),"POLYGON((-122.4246758 37.7768055, -122.4246221 37.7765172, -122.4229484 37.7767334, -122.4230182 37.7770217, -122.4246758 37.7768055))",polygon3
Pickup,6,22,POINT(-122.426457490898 37.7764721777419),POINT(-122.426163092891 37.7762466368129),"POLYGON((-122.4279642 37.7763815, -122.4279159 37.7761441, -122.4262636 37.7763518, -122.4263119 37.7766275, -122.4279642 37.7763815))",polygon1
Pickup,2,23,POINT(-122.423209475626 37.776820223827),POINT(-122.422599403016 37.7769419846432),"POLYGON((-122.4230182 37.7770217, -122.4229484 37.7767334, -122.421323 37.7769666, -122.4213874 37.7772422, -122.4230182 37.7770217))",polygon4
Pickup,2,23,POINT(-122.423209475626 37.776820223827),POINT(-122.422599403016 37.7769419846432),"POLYGON((-122.4246758 37.7768055, -122.4246221 37.7765172, -122.4229484 37.7767334, -122.4230182 37.7770217, -122.4246758 37.7768055))",polygon3
Dropoff,2,14,POINT(-122.425533595113 37.7765932903383),POINT(-122.425557703608 37.7766774756103),"POLYGON((-122.4263119 37.7766275, -122.4262636 37.7763518, -122.4246221 37.7765172, -122.4246758 37.7768055, -122.4263119 37.7766275))",polygon2
Pickup,1,15,POINT(-122.427521274408 37.7762985741817),POINT(-122.427629717333 37.7760243675025),"POLYGON((-122.4279642 37.7763815, -122.4279159 37.7761441, -122.4262636 37.7763518, -122.4263119 37.7766275, -122.4279642 37.7763815))",polygon1
Dropoff,1,16,POINT(-122.425113207741 37.7766043103469),POINT(-122.425002774767 37.7765249385779),"POLYGON((-122.4263119 37.7766275, -122.4262636 37.7763518, -122.4246221 37.7765172, -122.4246758 37.7768055, -122.4263119 37.7766275))",polygon2
Pickup,7,0,POINT(-122.424850173142 37.7766830315993),POINT(-122.424851987771 37.7766685879323),"POLYGON((-122.4263119 37.7766275, -122.4262636 37.7763518, -122.4246221 37.7765172, -122.4246758 37.7768055, -122.4263119 37.7766275))",polygon2
Dropoff,2,20,POINT(-122.424387700723 37.7766938332243),POINT(-122.424380614993 37.7768528249401),"POLYGON((-122.4246758 37.7768055, -122.4246221 37.7765172, -122.4229484 37.7767334, -122.4230182 37.7770217, -122.4246758 37.7768055))",polygon3
Pickup,7,21,POINT(-122.424655057037 37.7768302824437),POINT(-122.424330409995 37.7767656875899),"POLYGON((-122.4246758 37.7768055, -122.4246221 37.7765172, -122.4229484 37.7767334, -122.4230182 37.7770217, -122.4246758 37.7768055))",polygon3
Pickup,3,21,POINT(-122.423001999489 37.7767477208701),POINT(-122.423062315376 37.7769825298549),"POLYGON((-122.4246758 37.7768055, -122.4246221 37.7765172, -122.4229484 37.7767334, -122.4230182 37.7770217, -122.4246758 37.7768055))",polygon3
Pickup,7,22,POINT(-122.426284066636 37.776333305778),POINT(-122.425341677469 37.776678927771),"POLYGON((-122.4263119 37.7766275, -122.4262636 37.7763518, -122.4246221 37.7765172, -122.4246758 37.7768055, -122.4263119 37.7766275))",polygon2
Pickup,7,21,POINT(-122.426492832429 37.7764272114263),POINT(-122.426079707335 37.7765513756422),"POLYGON((-122.4279642 37.7763815, -122.4279159 37.7761441, -122.4262636 37.7763518, -122.4263119 37.7766275, -122.4279642 37.7763815))",polygon1
Pickup,7,21,POINT(-122.426492832429 37.7764272114263),POINT(-122.426079707335 37.7765513756422),"POLYGON((-122.4263119 37.7766275, -122.4262636 37.7763518, -122.4246221 37.7765172, -122.4246758 37.7768055, -122.4263119 37.7766275))",polygon2
Pickup,6,13,POINT(-122.424655057037 37.7768302824437),POINT(-122.425025587222 37.7767139916443),"POLYGON((-122.4263119 37.7766275, -122.4262636 37.7763518, -122.4246221 37.7765172, -122.4246758 37.7768055, -122.4263119 37.7766275))",polygon2
Dropoff,7,12,POINT(-122.425942661086 37.7765363877665),POINT(-122.425997185813 37.7766754827454),"POLYGON((-122.4263119 37.7766275, -122.4262636 37.7763518, -122.4246221 37.7765172, -122.4246758 37.7768055, -122.4263119 37.7766275))",polygon2
Pickup,6,2,POINT(-122.426457490898 37.7764721777419),POINT(-122.425849511011 37.7764929946527),"POLYGON((-122.4279642 37.7763815, -122.4279159 37.7761441, -122.4262636 37.7763518, -122.4263119 37.7766275, -122.4279642 37.7763815))",polygon1
Pickup,6,2,POINT(-122.426457490898 37.7764721777419),POINT(-122.425849511011 37.7764929946527),"POLYGON((-122.4263119 37.7766275, -122.4262636 37.7763518, -122.4246221 37.7765172, -122.4246758 37.7768055, -122.4263119 37.7766275))",polygon2
Dropoff,4,12,POINT(-122.421763269413 37.7770782290683),POINT(-122.42178876139 37.7772069931554),"POLYGON((-122.4230182 37.7770217, -122.4229484 37.7767334, -122.421323 37.7769666, -122.4213874 37.7772422, -122.4230182 37.7770217))",polygon4
Pickup,6,22,POINT(-122.423001999489 37.7767477208701),POINT(-122.422586873159 37.7768687033526),"POLYGON((-122.4230182 37.7770217, -122.4229484 37.7767334, -122.421323 37.7769666, -122.4213874 37.7772422, -122.4230182 37.7770217))",polygon4
Pickup,6,22,POINT(-122.423001999489 37.7767477208701),POINT(-122.422586873159 37.7768687033526),"POLYGON((-122.4246758 37.7768055, -122.4246221 37.7765172, -122.4229484 37.7767334, -122.4230182 37.7770217, -122.4246758 37.7768055))",polygon3
Pickup,7,18,POINT(-122.424287636355 37.7761765994006),POINT(-122.424753738478 37.7765182942199),"POLYGON((-122.4263119 37.7766275, -122.4262636 37.7763518, -122.4246221 37.7765172, -122.4246758 37.7768055, -122.4263119 37.7766275))",polygon2
Dropoff,3,20,POINT(-122.424146440012 37.7767715986847),POINT(-122.424534772703 37.7768546284718),"POLYGON((-122.4246758 37.7768055, -122.4246221 37.7765172, -122.4229484 37.7767334, -122.4230182 37.7770217, -122.4246758 37.7768055))",polygon3
Pickup,7,14,POINT(-122.424285130424 37.7761645022402),POINT(-122.423802435153 37.7768862705407),"POLYGON((-122.4246758 37.7768055, -122.4246221 37.7765172, -122.4229484 37.7767334, -122.4230182 37.7770217, -122.4246758 37.7768055))",polygon3
Dropoff,3,11,POINT(-122.424655057037 37.7768302824437),POINT(-122.424799709135 37.7767751050329),"POLYGON((-122.4263119 37.7766275, -122.4262636 37.7763518, -122.4246221 37.7765172, -122.4246758 37.7768055, -122.4263119 37.7766275))",polygon2
Pickup,5,18,POINT(-122.425942661086 37.7765363877665),POINT(-122.425934711361 37.7765183319232),"POLYGON((-122.4263119 37.7766275, -122.4262636 37.7763518, -122.4246221 37.7765172, -122.4246758 37.7768055, -122.4263119 37.7766275))",polygon2
Dropoff,3,17,POINT(-122.42332198438 37.7768290232458),POINT(-122.423176811772 37.7770403719393),"POLYGON((-122.4246758 37.7768055, -122.4246221 37.7765172, -122.4229484 37.7767334, -122.4230182 37.7770217, -122.4246758 37.7768055))",polygon3
Dropoff,2,17,POINT(-122.42401846446 37.7767878407125),POINT(-122.424029697972 37.7768991780854),"POLYGON((-122.4246758 37.7768055, -122.4246221 37.7765172, -122.4229484 37.7767334, -122.4230182 37.7770217, -122.4246758 37.7768055))",polygon3
Pickup,4,17,POINT(-122.423425333329 37.7768612136313),POINT(-122.423188736672 37.7769445939009),"POLYGON((-122.4246758 37.7768055, -122.4246221 37.7765172, -122.4229484 37.7767334, -122.4230182 37.7770217, -122.4246758 37.7768055))",polygon3
Dropoff,3,18,POINT(-122.425113207741 37.7766043103469),POINT(-122.42500208348 37.7765258781909),"POLYGON((-122.4263119 37.7766275, -122.4262636 37.7763518, -122.4246221 37.7765172, -122.4246758 37.7768055, -122.4263119 37.7766275))",polygon2
Pickup,7,1,POINT(-122.425178879877 37.7765960339293),POINT(-122.425184237339 37.7765965670811),"POLYGON((-122.4263119 37.7766275, -122.4262636 37.7763518, -122.4246221 37.7765172, -122.4246758 37.7768055, -122.4263119 37.7766275))",polygon2
Pickup,1,22,POINT(-122.421763269413 37.7770782290683),POINT(-122.421574196526 37.7769286702654),"POLYGON((-122.4230182 37.7770217, -122.4229484 37.7767334, -122.421323 37.7769666, -122.4213874 37.7772422, -122.4230182 37.7770217))",polygon4
Pickup,2,22,POINT(-122.423209475626 37.776820223827),POINT(-122.42252629776 37.7769039086086),"POLYGON((-122.4230182 37.7770217, -122.4229484 37.7767334, -122.421323 37.7769666, -122.4213874 37.7772422, -122.4230182 37.7770217))",polygon4
Pickup,2,22,POINT(-122.423209475626 37.776820223827),POINT(-122.42252629776 37.7769039086086),"POLYGON((-122.4246758 37.7768055, -122.4246221 37.7765172, -122.4229484 37.7767334, -122.4230182 37.7770217, -122.4246758 37.7768055))",polygon3
Pickup,3,18,POINT(-122.425502228138 37.7765543025746),POINT(-122.425508276867 37.7765442271341),"POLYGON((-122.4263119 37.7766275, -122.4262636 37.7763518, -122.4246221 37.7765172, -122.4246758 37.7768055, -122.4263119 37.7766275))",polygon2
Pickup,4,21,POINT(-122.423209475626 37.776820223827),POINT(-122.422978668119 37.776897097543),"POLYGON((-122.4246758 37.7768055, -122.4246221 37.7765172, -122.4229484 37.7767334, -122.4230182 37.7770217, -122.4246758 37.7768055))",polygon3
Dropoff,4,21,POINT(-122.426240775333 37.7763211770386),POINT(-122.426045402584 37.7766179779217),"POLYGON((-122.4263119 37.7766275, -122.4262636 37.7763518, -122.4246221 37.7765172, -122.4246758 37.7768055, -122.4263119 37.7766275))",polygon2
Pickup,1,16,POINT(-122.422968557858 37.7765832347175),POINT(-122.422947732443 37.7767982888608),"POLYGON((-122.4230182 37.7770217, -122.4229484 37.7767334, -122.421323 37.7769666, -122.4213874 37.7772422, -122.4230182 37.7770217))",polygon4
Pickup,2,21,POINT(-122.42332198438 37.7768290232458),POINT(-122.423155986399 37.7769090835579),"POLYGON((-122.4246758 37.7768055, -122.4246221 37.7765172, -122.4229484 37.7767334, -122.4230182 37.7770217, -122.4246758 37.7768055))",polygon3
Pickup,5,22,POINT(-122.424387700723 37.7766938332243),POINT(-122.424363591959 37.7767336721659),"POLYGON((-122.4246758 37.7768055, -122.4246221 37.7765172, -122.4229484 37.7767334, -122.4230182 37.7770217, -122.4246758 37.7768055))",polygon3
Pickup,6,20,POINT(-122.426284066636 37.776333305778),POINT(-122.426150304229 37.7765686275074),"POLYGON((-122.4263119 37.7766275, -122.4262636 37.7763518, -122.4246221 37.7765172, -122.4246758 37.7768055, -122.4263119 37.7766275))",polygon2
Dropoff,3,0,POINT(-122.425942661086 37.7765363877665),POINT(-122.426076682987 37.776588800604),"POLYGON((-122.4263119 37.7766275, -122.4262636 37.7763518, -122.4246221 37.7765172, -122.4246758 37.7768055, -122.4263119 37.7766275))",polygon2
Dropoff,7,1,POINT(-122.421342521285 37.7772425193096),POINT(-122.422101836922 37.77709966012),"POLYGON((-122.4230182 37.7770217, -122.4229484 37.7767334, -122.421323 37.7769666, -122.4213874 37.7772422, -122.4230182 37.7770217))",polygon4
Pickup,1,8,POINT(-122.424881713133 37.7771319882572),POINT(-122.424767132187 37.7767551000131),"POLYGON((-122.4263119 37.7766275, -122.4262636 37.7763518, -122.4246221 37.7765172, -122.4246758 37.7768055, -122.4263119 37.7766275))",polygon2
Pickup,1,16,POINT(-122.42668129159 37.7764457219144),POINT(-122.425803627224 37.776537059605),"POLYGON((-122.4279642 37.7763815, -122.4279159 37.7761441, -122.4262636 37.7763518, -122.4263119 37.7766275, -122.4279642 37.7763815))",polygon1
Pickup,1,16,POINT(-122.42668129159 37.7764457219144),POINT(-122.425803627224 37.776537059605),"POLYGON((-122.4263119 37.7766275, -122.4262636 37.7763518, -122.4246221 37.7765172, -122.4246758 37.7768055, -122.4263119 37.7766275))",polygon2
Pickup,1,22,POINT(-122.422805238109 37.7773888149194),POINT(-122.422638980072 37.7769510413098),"POLYGON((-122.4230182 37.7770217, -122.4229484 37.7767334, -122.421323 37.7769666, -122.4213874 37.7772422, -122.4230182 37.7770217))",polygon4
Dropoff,6,16,POINT(-122.425942661086 37.7765363877665),POINT(-122.426143218619 37.776627293737),"POLYGON((-122.4263119 37.7766275, -122.4262636 37.7763518, -122.4246221 37.7765172, -122.4246758 37.7768055, -122.4263119 37.7766275))",polygon2
Pickup,6,17,POINT(-122.426240775333 37.7763211770386),POINT(-122.425700367027 37.7766359942163),"POLYGON((-122.4263119 37.7766275, -122.4262636 37.7763518, -122.4246221 37.7765172, -122.4246758 37.7768055, -122.4263119 37.7766275))",polygon2
Pickup,5,22,POINT(-122.426284066636 37.776333305778),POINT(-122.426068041993 37.7765842612833),"POLYGON((-122.4263119 37.7766275, -122.4262636 37.7763518, -122.4246221 37.7765172, -122.4246758 37.7768055, -122.4263119 37.7766275))",polygon2
Dropoff,1,20,POINT(-122.42483021221 37.7766853906467),POINT(-122.423867330404 37.7766016121317),"POLYGON((-122.4263119 37.7766275, -122.4262636 37.7763518, -122.4246221 37.7765172, -122.4246758 37.7768055, -122.4263119 37.7766275))",polygon2
Dropoff,1,16,POINT(-122.425942661086 37.7765363877665),POINT(-122.426045402584 37.7766179779217),"POLYGON((-122.4263119 37.7766275, -122.4262636 37.7763518, -122.4246221 37.7765172, -122.4246758 37.7768055, -122.4263119 37.7766275))",polygon2
Pickup,4,21,POINT(-122.423864133169 37.7767650064983),POINT(-122.423989170912 37.7768726757909),"POLYGON((-122.4246758 37.7768055, -122.4246221 37.7765172, -122.4229484 37.7767334, -122.4230182 37.7770217, -122.4246758 37.7768055))",polygon3
Dropoff,4,9,POINT(-122.426284066636 37.776333305778),POINT(-122.426088434738 37.7763879543159),"POLYGON((-122.4263119 37.7766275, -122.4262636 37.7763518, -122.4246221 37.7765172, -122.4246758 37.7768055, -122.4263119 37.7766275))",polygon2
Pickup,6,18,POINT(-122.425817280029 37.7765540882959),POINT(-122.425803108763 37.7766451767296),"POLYGON((-122.4263119 37.7766275, -122.4262636 37.7763518, -122.4246221 37.7765172, -122.4246758 37.7768055, -122.4263119 37.7766275))",polygon2
Pickup,1,18,POINT(-122.424726778234 37.7769542755059),POINT(-122.42477421789 37.776629695547),"POLYGON((-122.4263119 37.7766275, -122.4262636 37.7763518, -122.4246221 37.7765172, -122.4246758 37.7768055, -122.4263119 37.7766275))",polygon2
Pickup,1,13,POINT(-122.426492832429 37.7764272114263),POINT(-122.426150563459 37.7765657125264),"POLYGON((-122.4279642 37.7763815, -122.4279159 37.7761441, -122.4262636 37.7763518, -122.4263119 37.7766275, -122.4279642 37.7763815))",polygon1
Pickup,1,13,POINT(-122.426492832429 37.7764272114263),POINT(-122.426150563459 37.7765657125264),"POLYGON((-122.4263119 37.7766275, -122.4262636 37.7763518, -122.4246221 37.7765172, -122.4246758 37.7768055, -122.4263119 37.7766275))",polygon2
Pickup,5,21,POINT(-122.423209475626 37.776820223827),POINT(-122.423079511447 37.7770761854942),"POLYGON((-122.4246758 37.7768055, -122.4246221 37.7765172, -122.4229484 37.7767334, -122.4230182 37.7770217, -122.4246758 37.7768055))",polygon3
Pickup,4,14,POINT(-122.423209475626 37.776820223827),POINT(-122.423161084727 37.7766660064594),"POLYGON((-122.4246758 37.7768055, -122.4246221 37.7765172, -122.4229484 37.7767334, -122.4230182 37.7770217, -122.4246758 37.7768055))",polygon3
Pickup,1,19,POINT(-122.424849741087 37.7766378002019),POINT(-122.424074113538 37.7766339773667),"POLYGON((-122.4246758 37.7768055, -122.4246221 37.7765172, -122.4229484 37.7767334, -122.4230182 37.7770217, -122.4246758 37.7768055))",polygon3
Pickup,1,19,POINT(-122.424849741087 37.7766378002019),POINT(-122.424074113538 37.7766339773667),"POLYGON((-122.4263119 37.7766275, -122.4262636 37.7763518, -122.4246221 37.7765172, -122.4246758 37.7768055, -122.4263119 37.7766275))",polygon2
Dropoff,4,10,POINT(-122.421342521285 37.7772425193096),POINT(-122.422115663035 37.776883123342),"POLYGON((-122.4230182 37.7770217, -122.4229484 37.7767334, -122.421323 37.7769666, -122.4213874 37.7772422, -122.4230182 37.7770217))",polygon4
Pickup,4,22,POINT(-122.423403039 37.7768640718708),POINT(-122.423129284981 37.7770200930552),"POLYGON((-122.4246758 37.7768055, -122.4246221 37.7765172, -122.4229484 37.7767334, -122.4230182 37.7770217, -122.4246758 37.7768055))",polygon3
Pickup,1,17,POINT(-122.426457490898 37.7764721777419),POINT(-122.425773038021 37.7765925593245),"POLYGON((-122.4279642 37.7763815, -122.4279159 37.7761441, -122.4262636 37.7763518, -122.4263119 37.7766275, -122.4279642 37.7763815))",polygon1
Pickup,1,17,POINT(-122.426457490898 37.7764721777419),POINT(-122.425773038021 37.7765925593245),"POLYGON((-122.4263119 37.7766275, -122.4262636 37.7763518, -122.4246221 37.7765172, -122.4246758 37.7768055, -122.4263119 37.7766275))",polygon2
Dropoff,3,18,POINT(-122.421741838865 37.7770808939039),POINT(-122.421857892142 37.777198600846),"POLYGON((-122.4230182 37.7770217, -122.4229484 37.7767334, -122.421323 37.7769666, -122.4213874 37.7772422, -122.4230182 37.7770217))",polygon4
Dropoff,2,17,POINT(-122.423864133169 37.7767650064983),POINT(-122.424029697972 37.7768991780854),"POLYGON((-122.4246758 37.7768055, -122.4246221 37.7765172, -122.4229484 37.7767334, -122.4230182 37.7770217, -122.4246758 37.7768055))",polygon3
Pickup,2,14,POINT(-122.423209475626 37.776820223827),POINT(-122.422869961151 37.7770035209289),"POLYGON((-122.4230182 37.7770217, -122.4229484 37.7767334, -122.421323 37.7769666, -122.4213874 37.7772422, -122.4230182 37.7770217))",polygon4
Pickup,2,14,POINT(-122.423209475626 37.776820223827),POINT(-122.422869961151 37.7770035209289),"POLYGON((-122.4246758 37.7768055, -122.4246221 37.7765172, -122.4229484 37.7767334, -122.4230182 37.7770217, -122.4246758 37.7768055))",polygon3
Dropoff,7,17,POINT(-122.422733688425 37.7764490718287),POINT(-122.422814397848 37.776811887749),"POLYGON((-122.4230182 37.7770217, -122.4229484 37.7767334, -122.421323 37.7769666, -122.4213874 37.7772422, -122.4230182 37.7770217))",polygon4
Pickup,1,21,POINT(-122.424146440012 37.7767715986847),POINT(-122.424349334085 37.7767448911334),"POLYGON((-122.4246758 37.7768055, -122.4246221 37.7765172, -122.4229484 37.7767334, -122.4230182 37.7770217, -122.4246758 37.7768055))",polygon3
Pickup,1,15,POINT(-122.424655057037 37.7768302824437),POINT(-122.423889192577 37.7767913953215),"POLYGON((-122.4246758 37.7768055, -122.4246221 37.7765172, -122.4229484 37.7767334, -122.4230182 37.7770217, -122.4246758 37.7768055))",polygon3
Pickup,6,20,POINT(-122.424736888326 37.7772412341288),POINT(-122.424633022202 37.7766106016026),"POLYGON((-122.4246758 37.7768055, -122.4246221 37.7765172, -122.4229484 37.7767334, -122.4230182 37.7770217, -122.4246758 37.7768055))",polygon3
Pickup,7,22,POINT(-122.422805238109 37.7773888149194),POINT(-122.42243158922 37.7769640785685),"POLYGON((-122.4230182 37.7770217, -122.4229484 37.7767334, -122.421323 37.7769666, -122.4213874 37.7772422, -122.4230182 37.7770217))",polygon4
Dropoff,2,12,POINT(-122.425113207741 37.7766043103469),POINT(-122.425002774767 37.7765249385779),"POLYGON((-122.4263119 37.7766275, -122.4262636 37.7763518, -122.4246221 37.7765172, -122.4246758 37.7768055, -122.4263119 37.7766275))",polygon2
Dropoff,1,11,POINT(-122.426284066636 37.776333305778),POINT(-122.426150563459 37.7765657125264),"POLYGON((-122.4263119 37.7766275, -122.4262636 37.7763518, -122.4246221 37.7765172, -122.4246758 37.7768055, -122.4263119 37.7766275))",polygon2
Dropoff,5,18,POINT(-122.423367091543 37.7768286725309),POINT(-122.423408482964 37.7767098007088),"POLYGON((-122.4246758 37.7768055, -122.4246221 37.7765172, -122.4229484 37.7767334, -122.4230182 37.7770217, -122.4246758 37.7768055))",polygon3
Pickup,6,10,POINT(-122.424655057037 37.7768302824437),POINT(-122.424711569888 37.7765833894161),"POLYGON((-122.4263119 37.7766275, -122.4262636 37.7763518, -122.4246221 37.7765172, -122.4246758 37.7768055, -122.4263119 37.7766275))",polygon2
Dropoff,7,12,POINT(-122.424655057037 37.7768302824437),POINT(-122.424319867807 37.7768448280664),"POLYGON((-122.4246758 37.7768055, -122.4246221 37.7765172, -122.4229484 37.7767334, -122.4230182 37.7770217, -122.4246758 37.7768055))",polygon3
Dropoff,2,16,POINT(-122.424726778234 37.7769542755059),POINT(-122.425094024557 37.7764978903963),"POLYGON((-122.4263119 37.7766275, -122.4262636 37.7763518, -122.4246221 37.7765172, -122.4246758 37.7768055, -122.4263119 37.7766275))",polygon2
Pickup,2,20,POINT(-122.426501300569 37.7764672080604),POINT(-122.426497239319 37.7764534813628),"POLYGON((-122.4279642 37.7763815, -122.4279159 37.7761441, -122.4262636 37.7763518, -122.4263119 37.7766275, -122.4279642 37.7763815))",polygon1
Pickup,6,18,POINT(-122.423001999489 37.7767477208701),POINT(-122.424158105568 37.7767072340502),"POLYGON((-122.4246758 37.7768055, -122.4246221 37.7765172, -122.4229484 37.7767334, -122.4230182 37.7770217, -122.4246758 37.7768055))",polygon3
Dropoff,5,12,POINT(-122.423864133169 37.7767650064983),POINT(-122.424029697972 37.7768991780854),"POLYGON((-122.4246758 37.7768055, -122.4246221 37.7765172, -122.4229484 37.7767334, -122.4230182 37.7770217, -122.4246758 37.7768055))",polygon3
Dropoff,7,0,POINT(-122.421342521285 37.7772425193096),POINT(-122.422101836922 37.77709966012),"POLYGON((-122.4230182 37.7770217, -122.4229484 37.7767334, -122.421323 37.7769666, -122.4213874 37.7772422, -122.4230182 37.7770217))",polygon4
Pickup,7,22,POINT(-122.425113207741 37.7766043103469),POINT(-122.425002774767 37.7765249385779),"POLYGON((-122.4263119 37.7766275, -122.4262636 37.7763518, -122.4246221 37.7765172, -122.4246758 37.7768055, -122.4263119 37.7766275))",polygon2
Dropoff,7,15,POINT(-122.424726778234 37.7769542755059),POINT(-122.424319867807 37.7768448280664),"POLYGON((-122.4246758 37.7768055, -122.4246221 37.7765172, -122.4229484 37.7767334, -122.4230182 37.7770217, -122.4246758 37.7768055))",polygon3
Dropoff,5,21,POINT(-122.426240775333 37.7763211770386),POINT(-122.426045402584 37.7766179779217),"POLYGON((-122.4263119 37.7766275, -122.4262636 37.7763518, -122.4246221 37.7765172, -122.4246758 37.7768055, -122.4263119 37.7766275))",polygon2
Pickup,7,21,POINT(-122.424726778234 37.7769542755059),POINT(-122.424178498684 37.7767567950568),"POLYGON((-122.4246758 37.7768055, -122.4246221 37.7765172, -122.4229484 37.7767334, -122.4230182 37.7770217, -122.4246758 37.7768055))",polygon3
Pickup,3,22,POINT(-122.426457490898 37.7764721777419),POINT(-122.426171474647 37.7762471120604),"POLYGON((-122.4279642 37.7763815, -122.4279159 37.7761441, -122.4262636 37.7763518, -122.4263119 37.7766275, -122.4279642 37.7763815))",polygon1
Pickup,7,21,POINT(-122.424726778234 37.7769542755059),POINT(-122.424273896939 37.7768466082202),"POLYGON((-122.4246758 37.7768055, -122.4246221 37.7765172, -122.4229484 37.7767334, -122.4230182 37.7770217, -122.4246758 37.7768055))",polygon3
Pickup,5,18,POINT(-122.424726778234 37.7769542755059),POINT(-122.424765836021 37.7765191534434),"POLYGON((-122.4263119 37.7766275, -122.4262636 37.7763518, -122.4246221 37.7765172, -122.4246758 37.7768055, -122.4263119 37.7766275))",polygon2
Pickup,3,22,POINT(-122.424849741087 37.7766378002019),POINT(-122.424839631005 37.7765565059492),"POLYGON((-122.4263119 37.7766275, -122.4262636 37.7763518, -122.4246221 37.7765172, -122.4246758 37.7768055, -122.4263119 37.7766275))",polygon2
Pickup,4,20,POINT(-122.423737712686 37.776821917747),POINT(-122.423838468873 37.7768376750912),"POLYGON((-122.4246758 37.7768055, -122.4246221 37.7765172, -122.4229484 37.7767334, -122.4230182 37.7770217, -122.4246758 37.7768055))",polygon3
Dropoff,7,17,POINT(-122.424726778234 37.7769542755059),POINT(-122.425002774767 37.7765249385779),"POLYGON((-122.4263119 37.7766275, -122.4262636 37.7763518, -122.4246221 37.7765172, -122.4246758 37.7768055, -122.4263119 37.7766275))",polygon2
Dropoff,7,14,POINT(-122.425860917147 37.7765480088597),POINT(-122.425889432481 37.7766751845954),"POLYGON((-122.4263119 37.7766275, -122.4262636 37.7763518, -122.4246221 37.7765172, -122.4246758 37.7768055, -122.4263119 37.7766275))",polygon2
Pickup,7,18,POINT(-122.424726778234 37.7769542755059),POINT(-122.424693337152 37.7765892153401),"POLYGON((-122.4263119 37.7766275, -122.4262636 37.7763518, -122.4246221 37.7765172, -122.4246758 37.7768055, -122.4263119 37.7766275))",polygon2
Pickup,7,22,POINT(-122.422889922455 37.7773778190985),POINT(-122.422932005365 37.7768356226019),"POLYGON((-122.4230182 37.7770217, -122.4229484 37.7767334, -122.421323 37.7769666, -122.4213874 37.7772422, -122.4230182 37.7770217))",polygon4
Dropoff,5,17,POINT(-122.422610463854 37.7769710798452),POINT(-122.422740342202 37.7771040893142),"POLYGON((-122.4230182 37.7770217, -122.4229484 37.7767334, -122.421323 37.7769666, -122.4213874 37.7772422, -122.4230182 37.7770217))",polygon4
Dropoff,1,13,POINT(-122.423001999489 37.7767477208701),POINT(-122.422310697447 37.7770826093285),"POLYGON((-122.4230182 37.7770217, -122.4229484 37.7767334, -122.421323 37.7769666, -122.4213874 37.7772422, -122.4230182 37.7770217))",polygon4
Dropoff,1,13,POINT(-122.423001999489 37.7767477208701),POINT(-122.422310697447 37.7770826093285),"POLYGON((-122.4246758 37.7768055, -122.4246221 37.7765172, -122.4229484 37.7767334, -122.4230182 37.7770217, -122.4246758 37.7768055))",polygon3
Pickup,2,15,POINT(-122.424655057037 37.7768302824437),POINT(-122.424513342721 37.7766131697361),"POLYGON((-122.4246758 37.7768055, -122.4246221 37.7765172, -122.4229484 37.7767334, -122.4230182 37.7770217, -122.4246758 37.7768055))",polygon3
Dropoff,3,17,POINT(-122.423864133169 37.7767650064983),POINT(-122.424029697972 37.7768991780854),"POLYGON((-122.4246758 37.7768055, -122.4246221 37.7765172, -122.4229484 37.7767334, -122.4230182 37.7770217, -122.4246758 37.7768055))",polygon3
Pickup,5,20,POINT(-122.421560543169 37.77704846295),POINT(-122.42147793168 37.7770143996635),"POLYGON((-122.4230182 37.7770217, -122.4229484 37.7767334, -122.421323 37.7769666, -122.4213874 37.7772422, -122.4230182 37.7770217))",polygon4
Dropoff,5,18,POINT(-122.424387700723 37.7766938332243),POINT(-122.424319867807 37.7768448280664),"POLYGON((-122.4246758 37.7768055, -122.4246221 37.7765172, -122.4229484 37.7767334, -122.4230182 37.7770217, -122.4246758 37.7768055))",polygon3
Dropoff,3,19,POINT(-122.423330798425 37.7768281299506),POINT(-122.423166960766 37.7770716090959),"POLYGON((-122.4246758 37.7768055, -122.4246221 37.7765172, -122.4229484 37.7767334, -122.4230182 37.7770217, -122.4246758 37.7768055))",polygon3
Dropoff,1,17,POINT(-122.426457490898 37.7764721777419),POINT(-122.425810972087 37.7767072418296),"POLYGON((-122.4279642 37.7763815, -122.4279159 37.7761441, -122.4262636 37.7763518, -122.4263119 37.7766275, -122.4279642 37.7763815))",polygon1
Pickup,7,21,POINT(-122.425942661086 37.7765363877665),POINT(-122.426045402584 37.7766179779217),"POLYGON((-122.4263119 37.7766275, -122.4262636 37.7763518, -122.4246221 37.7765172, -122.4246758 37.7768055, -122.4263119 37.7766275))",polygon2
Pickup,1,17,POINT(-122.426457490898 37.7764721777419),POINT(-122.426208458062 37.7763750274622),"POLYGON((-122.4279642 37.7763815, -122.4279159 37.7761441, -122.4262636 37.7763518, -122.4263119 37.7766275, -122.4279642 37.7763815))",polygon1
Pickup,1,17,POINT(-122.426457490898 37.7764721777419),POINT(-122.426208458062 37.7763750274622),"POLYGON((-122.4263119 37.7766275, -122.4262636 37.7763518, -122.4246221 37.7765172, -122.4246758 37.7768055, -122.4263119 37.7766275))",polygon2
Pickup,3,22,POINT(-122.424387700723 37.7766938332243),POINT(-122.424369381519 37.7767758018897),"POLYGON((-122.4246758 37.7768055, -122.4246221 37.7765172, -122.4229484 37.7767334, -122.4230182 37.7770217, -122.4246758 37.7768055))",polygon3
Dropoff,2,17,POINT(-122.422733688425 37.7764490718287),POINT(-122.422814397848 37.776811887749),"POLYGON((-122.4230182 37.7770217, -122.4229484 37.7767334, -122.421323 37.7769666, -122.4213874 37.7772422, -122.4230182 37.7770217))",polygon4
Dropoff,1,10,POINT(-122.424650218015 37.7757651216524),POINT(-122.424799709135 37.7767751050329),"POLYGON((-122.4263119 37.7766275, -122.4262636 37.7763518, -122.4246221 37.7765172, -122.4246758 37.7768055, -122.4263119 37.7766275))",polygon2
Pickup,2,9,POINT(-122.422754168231 37.7768962774229),POINT(-122.423078388085 37.7766644681366),"POLYGON((-122.4230182 37.7770217, -122.4229484 37.7767334, -122.421323 37.7769666, -122.4213874 37.7772422, -122.4230182 37.7770217))",polygon4
Dropoff,6,9,POINT(-122.425942661086 37.7765363877665),POINT(-122.426143218619 37.776627293737),"POLYGON((-122.4263119 37.7766275, -122.4262636 37.7763518, -122.4246221 37.7765172, -122.4246758 37.7768055, -122.4263119 37.7766275))",polygon2
Pickup,3,21,POINT(-122.425942661086 37.7765363877665),POINT(-122.426181584601 37.7764525752666),"POLYGON((-122.4263119 37.7766275, -122.4262636 37.7763518, -122.4246221 37.7765172, -122.4246758 37.7768055, -122.4263119 37.7766275))",polygon2
Dropoff,7,17,POINT(-122.421163385249 37.7770887404333),POINT(-122.421749616081 37.7769419707743),"POLYGON((-122.4230182 37.7770217, -122.4229484 37.7767334, -122.421323 37.7769666, -122.4213874 37.7772422, -122.4230182 37.7770217))",polygon4
Dropoff,6,19,POINT(-122.42655893575 37.7764185104574),POINT(-122.426529383682 37.7762606843251),"POLYGON((-122.4279642 37.7763815, -122.4279159 37.7761441, -122.4262636 37.7763518, -122.4263119 37.7766275, -122.4279642 37.7763815))",polygon1
Pickup,1,18,POINT(-122.426240775333 37.7763211770386),POINT(-122.42624647838 37.7763564265398),"POLYGON((-122.4263119 37.7766275, -122.4262636 37.7763518, -122.4246221 37.7765172, -122.4246758 37.7768055, -122.4263119 37.7766275))",polygon2
Dropoff,4,16,POINT(-122.425942661086 37.7765363877665),POINT(-122.426045402584 37.7766179779217),"POLYGON((-122.4263119 37.7766275, -122.4262636 37.7763518, -122.4246221 37.7765172, -122.4246758 37.7768055, -122.4263119 37.7766275))",polygon2
Pickup,4,22,POINT(-122.426457490898 37.7764721777419),POINT(-122.425940414424 37.7765325714807),"POLYGON((-122.4279642 37.7763815, -122.4279159 37.7761441, -122.4262636 37.7763518, -122.4263119 37.7766275, -122.4279642 37.7763815))",polygon1
Pickup,4,22,POINT(-122.426457490898 37.7764721777419),POINT(-122.425940414424 37.7765325714807),"POLYGON((-122.4263119 37.7766275, -122.4262636 37.7763518, -122.4246221 37.7765172, -122.4246758 37.7768055, -122.4263119 37.7766275))",polygon2
Pickup,3,21,POINT(-122.423209475626 37.776820223827),POINT(-122.423129803455 37.7764600711099),"POLYGON((-122.4246758 37.7768055, -122.4246221 37.7765172, -122.4229484 37.7767334, -122.4230182 37.7770217, -122.4246758 37.7768055))",polygon3
Pickup,7,12,POINT(-122.423001999489 37.7767477208701),POINT(-122.423057476281 37.7764799889017),"POLYGON((-122.4246758 37.7768055, -122.4246221 37.7765172, -122.4229484 37.7767334, -122.4230182 37.7770217, -122.4246758 37.7768055))",polygon3
Pickup,6,0,POINT(-122.424655057037 37.7768302824437),POINT(-122.424432116137 37.7766998740835),"POLYGON((-122.4246758 37.7768055, -122.4246221 37.7765172, -122.4229484 37.7767334, -122.4230182 37.7770217, -122.4246758 37.7768055))",polygon3
Pickup,6,23,POINT(-122.425866706624 37.7765055894921),POINT(-122.425921663441 37.776473346262),"POLYGON((-122.4263119 37.7766275, -122.4262636 37.7763518, -122.4246221 37.7765172, -122.4246758 37.7768055, -122.4263119 37.7766275))",polygon2
Dropoff,1,16,POINT(-122.422889922455 37.7773778190985),POINT(-122.422814397848 37.776811887749),"POLYGON((-122.4230182 37.7770217, -122.4229484 37.7767334, -122.421323 37.7769666, -122.4213874 37.7772422, -122.4230182 37.7770217))",polygon4
Pickup,7,0,POINT(-122.426284066636 37.776333305778),POINT(-122.426000728623 37.7765785035494),"POLYGON((-122.4263119 37.7766275, -122.4262636 37.7763518, -122.4246221 37.7765172, -122.4246758 37.7768055, -122.4263119 37.7766275))",polygon2
Pickup,1,22,POINT(-122.424146440012 37.7767715986847),POINT(-122.424399971131 37.776693112641),"POLYGON((-122.4246758 37.7768055, -122.4246221 37.7765172, -122.4229484 37.7767334, -122.4230182 37.7770217, -122.4246758 37.7768055))",polygon3
Pickup,2,10,POINT(-122.427521274408 37.7762985741817),POINT(-122.427608633618 37.7763119770636),"POLYGON((-122.4279642 37.7763815, -122.4279159 37.7761441, -122.4262636 37.7763518, -122.4263119 37.7766275, -122.4279642 37.7763815))",polygon1
Dropoff,6,18,POINT(-122.425866706624 37.7765055894921),POINT(-122.426005394763 37.7763402883653),"POLYGON((-122.4263119 37.7766275, -122.4262636 37.7763518, -122.4246221 37.7765172, -122.4246758 37.7768055, -122.4263119 37.7766275))",polygon2
Pickup,1,11,POINT(-122.42483021221 37.7766853906467),POINT(-122.424818805962 37.7767040202999),"POLYGON((-122.4263119 37.7766275, -122.4262636 37.7763518, -122.4246221 37.7765172, -122.4246758 37.7768055, -122.4263119 37.7766275))",polygon2
Pickup,1,20,POINT(-122.425795504668 37.7765572237663),POINT(-122.425810972087 37.7767072418296),"POLYGON((-122.4263119 37.7766275, -122.4262636 37.7763518, -122.4246221 37.7765172, -122.4246758 37.7768055, -122.4263119 37.7766275))",polygon2
Pickup,1,21,POINT(-122.426284066636 37.776333305778),POINT(-122.426056635879 37.776544586635),"POLYGON((-122.4263119 37.7766275, -122.4262636 37.7763518, -122.4246221 37.7765172, -122.4246758 37.7768055, -122.4263119 37.7766275))",polygon2
Pickup,7,0,POINT(-122.424221704427 37.776261289738),POINT(-122.424353136185 37.7767962833461),"POLYGON((-122.4246758 37.7768055, -122.4246221 37.7765172, -122.4229484 37.7767334, -122.4230182 37.7770217, -122.4246758 37.7768055))",polygon3
Pickup,4,6,POINT(-122.425708316769 37.7765695013865),POINT(-122.425721883176 37.7765952078277),"POLYGON((-122.4263119 37.7766275, -122.4262636 37.7763518, -122.4246221 37.7765172, -122.4246758 37.7768055, -122.4263119 37.7766275))",polygon2
Dropoff,3,19,POINT(-122.42332198438 37.7768290232458),POINT(-122.423166960766 37.7770716090959),"POLYGON((-122.4246758 37.7768055, -122.4246221 37.7765172, -122.4229484 37.7767334, -122.4230182 37.7770217, -122.4246758 37.7768055))",polygon3
Pickup,4,18,POINT(-122.424146440012 37.7767715986847),POINT(-122.424380614993 37.7768528249401),"POLYGON((-122.4246758 37.7768055, -122.4246221 37.7765172, -122.4229484 37.7767334, -122.4230182 37.7770217, -122.4246758 37.7768055))",polygon3
Dropoff,6,16,POINT(-122.425866706624 37.7765055894921),POINT(-122.426005394763 37.7763402883653),"POLYGON((-122.4263119 37.7766275, -122.4262636 37.7763518, -122.4246221 37.7765172, -122.4246758 37.7768055, -122.4263119 37.7766275))",polygon2
Pickup,1,12,POINT(-122.426724323483 37.7763980265585),POINT(-122.426566021332 37.7762380012494),"POLYGON((-122.4279642 37.7763815, -122.4279159 37.7761441, -122.4262636 37.7763518, -122.4263119 37.7766275, -122.4279642 37.7763815))",polygon1
Dropoff,3,20,POINT(-122.424726778234 37.7769542755059),POINT(-122.424776896631 37.7765500656232),"POLYGON((-122.4263119 37.7766275, -122.4262636 37.7763518, -122.4246221 37.7765172, -122.4246758 37.7768055, -122.4263119 37.7766275))",polygon2
Pickup,6,23,POINT(-122.426240775333 37.7763211770386),POINT(-122.426111506187 37.7766070962305),"POLYGON((-122.4263119 37.7766275, -122.4262636 37.7763518, -122.4246221 37.7765172, -122.4246758 37.7768055, -122.4263119 37.7766275))",polygon2
Pickup,1,0,POINT(-122.424146440012 37.7767715986847),POINT(-122.424380614993 37.7768528249401),"POLYGON((-122.4246758 37.7768055, -122.4246221 37.7765172, -122.4229484 37.7767334, -122.4230182 37.7770217, -122.4246758 37.7768055))",polygon3
Pickup,6,20,POINT(-122.426284066636 37.776333305778),POINT(-122.426156180101 37.7766062955003),"POLYGON((-122.4263119 37.7766275, -122.4262636 37.7763518, -122.4246221 37.7765172, -122.4246758 37.7768055, -122.4263119 37.7766275))",polygon2
Pickup,3,6,POINT(-122.425642817785 37.7765785973798),POINT(-122.425704428308 37.7767184212722),"POLYGON((-122.4263119 37.7766275, -122.4262636 37.7763518, -122.4246221 37.7765172, -122.4246758 37.7768055, -122.4263119 37.7766275))",polygon2
Pickup,7,10,POINT(-122.42483021221 37.7766853906467),POINT(-122.424420709846 37.7765665619654),"POLYGON((-122.4246758 37.7768055, -122.4246221 37.7765172, -122.4229484 37.7767334, -122.4230182 37.7770217, -122.4246758 37.7768055))",polygon3
Pickup,7,10,POINT(-122.42483021221 37.7766853906467),POINT(-122.424420709846 37.7765665619654),"POLYGON((-122.4263119 37.7766275, -122.4262636 37.7763518, -122.4246221 37.7765172, -122.4246758 37.7768055, -122.4263119 37.7766275))",polygon2
Dropoff,1,14,POINT(-122.421167619534 37.777089328486),POINT(-122.422174337582 37.7771009907977),"POLYGON((-122.4230182 37.7770217, -122.4229484 37.7767334, -122.421323 37.7769666, -122.4213874 37.7772422, -122.4230182 37.7770217))",polygon4
Pickup,7,23,POINT(-122.42363591946 37.7772833145981),POINT(-122.424519996385 37.7767016339759),"POLYGON((-122.4246758 37.7768055, -122.4246221 37.7765172, -122.4229484 37.7767334, -122.4230182 37.7770217, -122.4246758 37.7768055))",polygon3
Pickup,5,23,POINT(-122.425866706624 37.7765055894921),POINT(-122.425881914803 37.7765014206101),"POLYGON((-122.4263119 37.7766275, -122.4262636 37.7763518, -122.4246221 37.7765172, -122.4246758 37.7768055, -122.4263119 37.7766275))",polygon2
Pickup,3,15,POINT(-122.424890094992 37.7766780953956),POINT(-122.424698694638 37.7769783980584),"POLYGON((-122.4263119 37.7766275, -122.4262636 37.7763518, -122.4246221 37.7765172, -122.4246758 37.7768055, -122.4263119 37.7766275))",polygon2
Pickup,7,0,POINT(-122.425113207741 37.7766043103469),POINT(-122.424976678695 37.776541107322),"POLYGON((-122.4263119 37.7766275, -122.4262636 37.7763518, -122.4246221 37.7765172, -122.4246758 37.7768055, -122.4263119 37.7766275))",polygon2
Pickup,6,20,POINT(-122.424261972162 37.776248177885),POINT(-122.424519305096 37.7766013760893),"POLYGON((-122.4246758 37.7768055, -122.4246221 37.7765172, -122.4229484 37.7767334, -122.4230182 37.7770217, -122.4246758 37.7768055))",polygon3
Dropoff,1,17,POINT(-122.424726778234 37.7769542755059),POINT(-122.423940693961 37.7766223047836),"POLYGON((-122.4246758 37.7768055, -122.4246221 37.7765172, -122.4229484 37.7767334, -122.4230182 37.7770217, -122.4246758 37.7768055))",polygon3
Dropoff,4,14,POINT(-122.423425333329 37.7768612136313),POINT(-122.423176811772 37.7770403719393),"POLYGON((-122.4246758 37.7768055, -122.4246221 37.7765172, -122.4229484 37.7767334, -122.4230182 37.7770217, -122.4246758 37.7768055))",polygon3
Dropoff,4,21,POINT(-122.425860917147 37.7765480088597),POINT(-122.425889432481 37.7766751845954),"POLYGON((-122.4263119 37.7766275, -122.4262636 37.7763518, -122.4246221 37.7765172, -122.4246758 37.7768055, -122.4263119 37.7766275))",polygon2
Dropoff,6,12,POINT(-122.425648520864 37.7765348959759),POINT(-122.425618709309 37.7763708237297),"POLYGON((-122.4263119 37.7766275, -122.4262636 37.7763518, -122.4246221 37.7765172, -122.4246758 37.7768055, -122.4263119 37.7766275))",polygon2
Pickup,6,20,POINT(-122.426284066636 37.776333305778),POINT(-122.426002629643 37.776542878058),"POLYGON((-122.4263119 37.7766275, -122.4262636 37.7763518, -122.4246221 37.7765172, -122.4246758 37.7768055, -122.4263119 37.7766275))",polygon2
Pickup,4,18,POINT(-122.422805238109 37.7773888149194),POINT(-122.422674236476 37.7769937782329),"POLYGON((-122.4230182 37.7770217, -122.4229484 37.7767334, -122.421323 37.7769666, -122.4213874 37.7772422, -122.4230182 37.7770217))",polygon4
Dropoff,5,21,POINT(-122.421647302445 37.7770384299589),POINT(-122.421530039143 37.776830509218),"POLYGON((-122.4230182 37.7770217, -122.4229484 37.7767334, -122.421323 37.7769666, -122.4213874 37.7772422, -122.4230182 37.7770217))",polygon4
Pickup,6,21,POINT(-122.425942661086 37.7765363877665),POINT(-122.426068474042 37.7765673350058),"POLYGON((-122.4263119 37.7766275, -122.4262636 37.7763518, -122.4246221 37.7765172, -122.4246758 37.7768055, -122.4263119 37.7766275))",polygon2
Pickup,7,20,POINT(-122.424655057037 37.7768302824437),POINT(-122.42398329492 37.7767983667059),"POLYGON((-122.4246758 37.7768055, -122.4246221 37.7765172, -122.4229484 37.7767334, -122.4230182 37.7770217, -122.4246758 37.7768055))",polygon3
Pickup,6,22,POINT(-122.42483021221 37.7766853906467),POINT(-122.423936459788 37.7767314932879),"POLYGON((-122.4246758 37.7768055, -122.4246221 37.7765172, -122.4229484 37.7767334, -122.4230182 37.7770217, -122.4246758 37.7768055))",polygon3
Pickup,6,22,POINT(-122.42483021221 37.7766853906467),POINT(-122.423936459788 37.7767314932879),"POLYGON((-122.4263119 37.7766275, -122.4262636 37.7763518, -122.4246221 37.7765172, -122.4246758 37.7768055, -122.4263119 37.7766275))",polygon2
Pickup,1,19,POINT(-122.423001999489 37.7767477208701),POINT(-122.423771672544 37.7766998064742),"POLYGON((-122.4246758 37.7768055, -122.4246221 37.7765172, -122.4229484 37.7767334, -122.4230182 37.7770217, -122.4246758 37.7768055))",polygon3
Pickup,4,20,POINT(-122.423864133169 37.7767650064983),POINT(-122.423965062057 37.7766933257281),"POLYGON((-122.4246758 37.7768055, -122.4246221 37.7765172, -122.4229484 37.7767334, -122.4230182 37.7770217, -122.4246758 37.7768055))",polygon3
Dropoff,7,18,POINT(-122.423001999489 37.7767477208701),POINT(-122.423604119858 37.7766909977582),"POLYGON((-122.4246758 37.7768055, -122.4246221 37.7765172, -122.4229484 37.7767334, -122.4230182 37.7770217, -122.4246758 37.7768055))",polygon3
Pickup,1,17,POINT(-122.426457490898 37.7764721777419),POINT(-122.425982582521 37.7764732194449),"POLYGON((-122.4279642 37.7763815, -122.4279159 37.7761441, -122.4262636 37.7763518, -122.4263119 37.7766275, -122.4279642 37.7763815))",polygon1
Pickup,1,17,POINT(-122.426457490898 37.7764721777419),POINT(-122.425982582521 37.7764732194449),"POLYGON((-122.4263119 37.7766275, -122.4262636 37.7763518, -122.4246221 37.7765172, -122.4246758 37.7768055, -122.4263119 37.7766275))",polygon2
Pickup,3,20,POINT(-122.42332198438 37.7768290232458),POINT(-122.423176206886 37.7769607337175),"POLYGON((-122.4246758 37.7768055, -122.4246221 37.7765172, -122.4229484 37.7767334, -122.4230182 37.7770217, -122.4246758 37.7768055))",polygon3
Dropoff,4,13,POINT(-122.42410383912 37.7767769949933),POINT(-122.424574694674 37.7772528078835),"POLYGON((-122.4246758 37.7768055, -122.4246221 37.7765172, -122.4229484 37.7767334, -122.4230182 37.7770217, -122.4246758 37.7768055))",polygon3
Dropoff,5,19,POINT(-122.423864133169 37.7767650064983),POINT(-122.424029697972 37.7768991780854),"POLYGON((-122.4246758 37.7768055, -122.4246221 37.7765172, -122.4229484 37.7767334, -122.4230182 37.7770217, -122.4246758 37.7768055))",polygon3
Dropoff,7,18,POINT(-122.425942661086 37.7765363877665),POINT(-122.426045402584 37.7766179779217),"POLYGON((-122.4263119 37.7766275, -122.4262636 37.7763518, -122.4246221 37.7765172, -122.4246758 37.7768055, -122.4263119 37.7766275))",polygon2
Pickup,6,9,POINT(-122.425627609572 37.7765376929275),POINT(-122.425634868037 37.7765480372774),"POLYGON((-122.4263119 37.7766275, -122.4262636 37.7763518, -122.4246221 37.7765172, -122.4246758 37.7768055, -122.4263119 37.7766275))",polygon2
Pickup,5,18,POINT(-122.42332198438 37.7768290232458),POINT(-122.423138185455 37.7769557790366),"POLYGON((-122.4246758 37.7768055, -122.4246221 37.7765172, -122.4229484 37.7767334, -122.4230182 37.7770217, -122.4246758 37.7768055))",polygon3
Pickup,7,15,POINT(-122.421148608457 37.7771766722894),POINT(-122.422126896751 37.7771062751495),"POLYGON((-122.4230182 37.7770217, -122.4229484 37.7767334, -122.421323 37.7769666, -122.4213874 37.7772422, -122.4230182 37.7770217))",polygon4
Pickup,1,15,POINT(-122.424242788822 37.7762566951634),POINT(-122.424395736976 37.7766154633608),"POLYGON((-122.4246758 37.7768055, -122.4246221 37.7765172, -122.4229484 37.7767334, -122.4230182 37.7770217, -122.4246758 37.7768055))",polygon3
Dropoff,1,12,POINT(-122.423001999489 37.7767477208701),POINT(-122.422570281898 37.7770844905576),"POLYGON((-122.4246758 37.7768055, -122.4246221 37.7765172, -122.4229484 37.7767334, -122.4230182 37.7770217, -122.4246758 37.7768055))",polygon3
Pickup,6,22,POINT(-122.425866706624 37.7765055894921),POINT(-122.425973768699 37.7764250412663),"POLYGON((-122.4263119 37.7766275, -122.4262636 37.7763518, -122.4246221 37.7765172, -122.4246758 37.7768055, -122.4263119 37.7766275))",polygon2
Pickup,5,20,POINT(-122.42354501405 37.7768050670672),POINT(-122.423529719121 37.7768017741455),"POLYGON((-122.4246758 37.7768055, -122.4246221 37.7765172, -122.4229484 37.7767334, -122.4230182 37.7770217, -122.4246758 37.7768055))",polygon3
Pickup,6,20,POINT(-122.424849741087 37.7766378002019),POINT(-122.424737579614 37.7763838266664),"POLYGON((-122.4263119 37.7766275, -122.4262636 37.7763518, -122.4246221 37.7765172, -122.4246758 37.7768055, -122.4263119 37.7766275))",polygon2
Dropoff,1,15,POINT(-122.426284066636 37.776333305778),POINT(-122.426150563459 37.7765657125264),"POLYGON((-122.4263119 37.7766275, -122.4262636 37.7763518, -122.4246221 37.7765172, -122.4246758 37.7768055, -122.4263119 37.7766275))",polygon2
Dropoff,7,17,POINT(-122.424726778234 37.7769542755059),POINT(-122.425094024557 37.7764978903963),"POLYGON((-122.4263119 37.7766275, -122.4262636 37.7763518, -122.4246221 37.7765172, -122.4246758 37.7768055, -122.4263119 37.7766275))",polygon2
Dropoff,4,17,POINT(-122.42332198438 37.7768290232458),POINT(-122.422994740841 37.7768869199917),"POLYGON((-122.4246758 37.7768055, -122.4246221 37.7765172, -122.4229484 37.7767334, -122.4230182 37.7770217, -122.4246758 37.7768055))",polygon3
Pickup,1,16,POINT(-122.426457490898 37.7764721777419),POINT(-122.426329431755 37.7765379568873),"POLYGON((-122.4279642 37.7763815, -122.4279159 37.7761441, -122.4262636 37.7763518, -122.4263119 37.7766275, -122.4279642 37.7763815))",polygon1
Dropoff,3,18,POINT(-122.424849741087 37.7766378002019),POINT(-122.424737579614 37.7763838266664),"POLYGON((-122.4263119 37.7766275, -122.4262636 37.7763518, -122.4246221 37.7765172, -122.4246758 37.7768055, -122.4263119 37.7766275))",polygon2
Pickup,5,12,POINT(-122.423330798425 37.7768281299506),POINT(-122.423143024547 37.7769880961421),"POLYGON((-122.4246758 37.7768055, -122.4246221 37.7765172, -122.4229484 37.7767334, -122.4230182 37.7770217, -122.4246758 37.7768055))",polygon3
Dropoff,1,1,POINT(-122.423001999489 37.7767477208701),POINT(-122.423742638163 37.7766047756034),"POLYGON((-122.4246758 37.7768055, -122.4246221 37.7765172, -122.4229484 37.7767334, -122.4230182 37.7770217, -122.4246758 37.7768055))",polygon3
Pickup,7,13,POINT(-122.421163385249 37.7770887404333),POINT(-122.421985697502 37.7769100793819),"POLYGON((-122.4230182 37.7770217, -122.4229484 37.7767334, -122.421323 37.7769666, -122.4213874 37.7772422, -122.4230182 37.7770217))",polygon4
Pickup,1,19,POINT(-122.42718367488 37.7763414259019),POINT(-122.427148679218 37.7762064302243),"POLYGON((-122.4279642 37.7763815, -122.4279159 37.7761441, -122.4262636 37.7763518, -122.4263119 37.7766275, -122.4279642 37.7763815))",polygon1
Pickup,3,21,POINT(-122.42487022048 37.7766805005723),POINT(-122.424865899933 37.7766472973464),"POLYGON((-122.4263119 37.7766275, -122.4262636 37.7763518, -122.4246221 37.7765172, -122.4246758 37.7768055, -122.4263119 37.7766275))",polygon2
Dropoff,1,11,POINT(-122.424726778234 37.7769542755059),POINT(-122.424799709135 37.7767751050329),"POLYGON((-122.4263119 37.7766275, -122.4262636 37.7763518, -122.4246221 37.7765172, -122.4246758 37.7768055, -122.4263119 37.7766275))",polygon2
Dropoff,6,22,POINT(-122.425866706624 37.7765055894921),POINT(-122.425907492189 37.7763879947026),"POLYGON((-122.4263119 37.7766275, -122.4262636 37.7763518, -122.4246221 37.7765172, -122.4246758 37.7768055, -122.4263119 37.7766275))",polygon2
Dropoff,3,12,POINT(-122.42332198438 37.7768290232458),POINT(-122.422742416106 37.7768000018691),"POLYGON((-122.4230182 37.7770217, -122.4229484 37.7767334, -122.421323 37.7769666, -122.4213874 37.7772422, -122.4230182 37.7770217))",polygon4
Dropoff,3,12,POINT(-122.42332198438 37.7768290232458),POINT(-122.422742416106 37.7768000018691),"POLYGON((-122.4246758 37.7768055, -122.4246221 37.7765172, -122.4229484 37.7767334, -122.4230182 37.7770217, -122.4246758 37.7768055))",polygon3
Pickup,6,15,POINT(-122.424655057037 37.7768302824437),POINT(-122.424800659656 37.7767673246743),"POLYGON((-122.4263119 37.7766275, -122.4262636 37.7763518, -122.4246221 37.7765172, -122.4246758 37.7768055, -122.4263119 37.7766275))",polygon2
Dropoff,7,17,POINT(-122.422733688425 37.7764490718287),POINT(-122.42254081512 37.7768266710287),"POLYGON((-122.4230182 37.7770217, -122.4229484 37.7767334, -122.421323 37.7769666, -122.4213874 37.7772422, -122.4230182 37.7770217))",polygon4
Pickup,7,15,POINT(-122.426240775333 37.7763211770386),POINT(-122.425848560499 37.7766599852453),"POLYGON((-122.4263119 37.7766275, -122.4262636 37.7763518, -122.4246221 37.7765172, -122.4246758 37.7768055, -122.4263119 37.7766275))",polygon2
Pickup,6,15,POINT(-122.425866706624 37.7765055894921),POINT(-122.426119542308 37.7764026674878),"POLYGON((-122.4263119 37.7766275, -122.4262636 37.7763518, -122.4246221 37.7765172, -122.4246758 37.7768055, -122.4263119 37.7766275))",polygon2
Dropoff,4,17,POINT(-122.422803509856 37.7769471141156),POINT(-122.422740342202 37.7771040893142),"POLYGON((-122.4230182 37.7770217, -122.4229484 37.7767334, -122.421323 37.7769666, -122.4213874 37.7772422, -122.4230182 37.7770217))",polygon4
Pickup,3,20,POINT(-122.42332198438 37.7768290232458),POINT(-122.422387518611 37.7770179807251),"POLYGON((-122.4230182 37.7770217, -122.4229484 37.7767334, -122.421323 37.7769666, -122.4213874 37.7772422, -122.4230182 37.7770217))",polygon4
Pickup,3,20,POINT(-122.42332198438 37.7768290232458),POINT(-122.422387518611 37.7770179807251),"POLYGON((-122.4246758 37.7768055, -122.4246221 37.7765172, -122.4229484 37.7767334, -122.4230182 37.7770217, -122.4246758 37.7768055))",polygon3
Pickup,2,15,POINT(-122.425942661086 37.7765363877665),POINT(-122.426078497596 37.7768732204864),"POLYGON((-122.4263119 37.7766275, -122.4262636 37.7763518, -122.4246221 37.7765172, -122.4246758 37.7768055, -122.4263119 37.7766275))",polygon2
Pickup,7,20,POINT(-122.421148608457 37.7771766722894),POINT(-122.421719198524 37.7770560865497),"POLYGON((-122.4230182 37.7770217, -122.4229484 37.7767334, -122.421323 37.7769666, -122.4213874 37.7772422, -122.4230182 37.7770217))",polygon4
Pickup,1,14,POINT(-122.426724323483 37.7763980265585),POINT(-122.425896258879 37.776550514918),"POLYGON((-122.4279642 37.7763815, -122.4279159 37.7761441, -122.4262636 37.7763518, -122.4263119 37.7766275, -122.4279642 37.7763815))",polygon1
Pickup,1,14,POINT(-122.426724323483 37.7763980265585),POINT(-122.425896258879 37.776550514918),"POLYGON((-122.4263119 37.7766275, -122.4262636 37.7763518, -122.4246221 37.7765172, -122.4246758 37.7768055, -122.4263119 37.7766275))",polygon2
Pickup,4,22,POINT(-122.426284066636 37.776333305778),POINT(-122.426076769397 37.7765327233674),"POLYGON((-122.4263119 37.7766275, -122.4262636 37.7763518, -122.4246221 37.7765172, -122.4246758 37.7768055, -122.4263119 37.7766275))",polygon2
Pickup,2,20,POINT(-122.42354501405 37.7768050670672),POINT(-122.423450392842 37.7766868785646),"POLYGON((-122.4246758 37.7768055, -122.4246221 37.7765172, -122.4229484 37.7767334, -122.4230182 37.7770217, -122.4246758 37.7768055))",polygon3
Dropoff,6,10,POINT(-122.421163385249 37.7770887404333),POINT(-122.422115663035 37.776883123342),"POLYGON((-122.4230182 37.7770217, -122.4229484 37.7767334, -122.421323 37.7769666, -122.4213874 37.7772422, -122.4230182 37.7770217))",polygon4
Pickup,4,21,POINT(-122.426457490898 37.7764721777419),POINT(-122.426328222019 37.7763659605372),"POLYGON((-122.4279642 37.7763815, -122.4279159 37.7761441, -122.4262636 37.7763518, -122.4263119 37.7766275, -122.4279642 37.7763815))",polygon1
Pickup,5,17,POINT(-122.426284066636 37.776333305778),POINT(-122.425737437017 37.7766091073445),"POLYGON((-122.4263119 37.7766275, -122.4262636 37.7763518, -122.4246221 37.7765172, -122.4246758 37.7768055, -122.4263119 37.7766275))",polygon2
Pickup,1,13,POINT(-122.424726778234 37.7769542755059),POINT(-122.424949718508 37.7765619037901),"POLYGON((-122.4263119 37.7766275, -122.4262636 37.7763518, -122.4246221 37.7765172, -122.4246758 37.7768055, -122.4263119 37.7766275))",polygon2
Pickup,6,21,POINT(-122.42483021221 37.7766853906467),POINT(-122.424667500236 37.7765765880568),"POLYGON((-122.4263119 37.7766275, -122.4262636 37.7763518, -122.4246221 37.7765172, -122.4246758 37.7768055, -122.4263119 37.7766275))",polygon2
Pickup,1,19,POINT(-122.426457490898 37.7764721777419),POINT(-122.426231443074 37.7762237957907),"POLYGON((-122.4279642 37.7763815, -122.4279159 37.7761441, -122.4262636 37.7763518, -122.4263119 37.7766275, -122.4279642 37.7763815))",polygon1
Pickup,3,17,POINT(-122.421163385249 37.7770887404333),POINT(-122.422059408027 37.7771473139388),"POLYGON((-122.4230182 37.7770217, -122.4229484 37.7767334, -122.421323 37.7769666, -122.4213874 37.7772422, -122.4230182 37.7770217))",polygon4
Pickup,3,15,POINT(-122.426333493012 37.7767963137192),POINT(-122.426217790323 37.7766090818768),"POLYGON((-122.4263119 37.7766275, -122.4262636 37.7763518, -122.4246221 37.7765172, -122.4246758 37.7768055, -122.4263119 37.7766275))",polygon2
Dropoff,7,22,POINT(-122.421148608457 37.7771766722894),POINT(-122.422101836922 37.77709966012),"POLYGON((-122.4230182 37.7770217, -122.4229484 37.7767334, -122.421323 37.7769666, -122.4213874 37.7772422, -122.4230182 37.7770217))",polygon4
Pickup,2,7,POINT(-122.423367091543 37.7768286725309),POINT(-122.423456009628 37.7764056922902),"POLYGON((-122.4246758 37.7768055, -122.4246221 37.7765172, -122.4229484 37.7767334, -122.4230182 37.7770217, -122.4246758 37.7768055))",polygon3
Dropoff,6,1,POINT(-122.426724323483 37.7763980265585),POINT(-122.426692006361 37.7762220040867),"POLYGON((-122.4279642 37.7763815, -122.4279159 37.7761441, -122.4262636 37.7763518, -122.4263119 37.7766275, -122.4279642 37.7763815))",polygon1
Pickup,5,19,POINT(-122.42655893575 37.7764185104574),POINT(-122.426554874501 37.7763868272104),"POLYGON((-122.4279642 37.7763815, -122.4279159 37.7761441, -122.4262636 37.7763518, -122.4263119 37.7766275, -122.4279642 37.7763815))",polygon1
Dropoff,1,11,POINT(-122.422733688425 37.7764490718287),POINT(-122.423735206742 37.776654534146),"POLYGON((-122.4246758 37.7768055, -122.4246221 37.7765172, -122.4229484 37.7767334, -122.4230182 37.7770217, -122.4246758 37.7768055))",polygon3
Pickup,6,19,POINT(-122.424890094992 37.7766780953956),POINT(-122.424333002337 37.7763126263085),"POLYGON((-122.4263119 37.7766275, -122.4262636 37.7763518, -122.4246221 37.7765172, -122.4246758 37.7768055, -122.4263119 37.7766275))",polygon2
Dropoff,3,11,POINT(-122.423864133169 37.7767650064983),POINT(-122.423895068575 37.7766462971795),"POLYGON((-122.4246758 37.7768055, -122.4246221 37.7765172, -122.4229484 37.7767334, -122.4230182 37.7770217, -122.4246758 37.7768055))",polygon3
Dropoff,3,18,POINT(-122.426284066636 37.776333305778),POINT(-122.426119110258 37.776367177966),"POLYGON((-122.4263119 37.7766275, -122.4262636 37.7763518, -122.4246221 37.7765172, -122.4246758 37.7768055, -122.4263119 37.7766275))",polygon2
Pickup,5,23,POINT(-122.423209475626 37.776820223827),POINT(-122.422734725377 37.7769644881916),"POLYGON((-122.4230182 37.7770217, -122.4229484 37.7767334, -122.421323 37.7769666, -122.4213874 37.7772422, -122.4230182 37.7770217))",polygon4
Pickup,5,23,POINT(-122.423209475626 37.776820223827),POINT(-122.422734725377 37.7769644881916),"POLYGON((-122.4246758 37.7768055, -122.4246221 37.7765172, -122.4229484 37.7767334, -122.4230182 37.7770217, -122.4246758 37.7768055))",polygon3
Dropoff,5,16,POINT(-122.42655893575 37.7764185104574),POINT(-122.426529383682 37.7762606843251),"POLYGON((-122.4279642 37.7763815, -122.4279159 37.7761441, -122.4262636 37.7763518, -122.4263119 37.7766275, -122.4279642 37.7763815))",polygon1
Pickup,6,18,POINT(-122.426457490898 37.7764721777419),POINT(-122.426334961978 37.7762693063181),"POLYGON((-122.4279642 37.7763815, -122.4279159 37.7761441, -122.4262636 37.7763518, -122.4263119 37.7766275, -122.4279642 37.7763815))",polygon1
Dropoff,2,20,POINT(-122.425942661086 37.7765363877665),POINT(-122.426045402584 37.7766179779217),"POLYGON((-122.4263119 37.7766275, -122.4262636 37.7763518, -122.4246221 37.7765172, -122.4246758 37.7768055, -122.4263119 37.7766275))",polygon2
Dropoff,1,12,POINT(-122.425648520864 37.7765348959759),POINT(-122.425618709309 37.7763708237297),"POLYGON((-122.4263119 37.7766275, -122.4262636 37.7763518, -122.4246221 37.7765172, -122.4246758 37.7768055, -122.4263119 37.7766275))",polygon2
Pickup,7,14,POINT(-122.426345331144 37.7766305550962),POINT(-122.426361316941 37.7766114618475),"POLYGON((-122.4279642 37.7763815, -122.4279159 37.7761441, -122.4262636 37.7763518, -122.4263119 37.7766275, -122.4279642 37.7763815))",polygon1
Pickup,7,16,POINT(-122.425751867522 37.7765633758744),POINT(-122.425765779565 37.7766131846806),"POLYGON((-122.4263119 37.7766275, -122.4262636 37.7763518, -122.4246221 37.7765172, -122.4246758 37.7768055, -122.4263119 37.7766275))",polygon2
Pickup,2,18,POINT(-122.424726778234 37.7769542755059),POINT(-122.425045720937 37.7765632732389),"POLYGON((-122.4263119 37.7766275, -122.4262636 37.7763518, -122.4246221 37.7765172, -122.4246758 37.7768055, -122.4263119 37.7766275))",polygon2
Pickup,5,22,POINT(-122.424146440012 37.7767715986847),POINT(-122.424433930774 37.776793897752),"POLYGON((-122.4246758 37.7768055, -122.4246221 37.7765172, -122.4229484 37.7767334, -122.4230182 37.7770217, -122.4246758 37.7768055))",polygon3
Dropoff,2,17,POINT(-122.423864133169 37.7767650064983),POINT(-122.423991590439 37.7768653886916),"POLYGON((-122.4246758 37.7768055, -122.4246221 37.7765172, -122.4229484 37.7767334, -122.4230182 37.7770217, -122.4246758 37.7768055))",polygon3
Pickup,6,18,POINT(-122.426284066636 37.776333305778),POINT(-122.426131898924 37.7766437158602),"POLYGON((-122.4263119 37.7766275, -122.4262636 37.7763518, -122.4246221 37.7765172, -122.4246758 37.7768055, -122.4263119 37.7766275))",polygon2
Pickup,5,22,POINT(-122.423864133169 37.7767650064983),POINT(-122.423915375331 37.7767900309057),"POLYGON((-122.4246758 37.7768055, -122.4246221 37.7765172, -122.4229484 37.7767334, -122.4230182 37.7770217, -122.4246758 37.7768055))",polygon3
Pickup,2,19,POINT(-122.42332198438 37.7768290232458),POINT(-122.423292258577 37.7769871272306),"POLYGON((-122.4246758 37.7768055, -122.4246221 37.7765172, -122.4229484 37.7767334, -122.4230182 37.7770217, -122.4246758 37.7768055))",polygon3
Pickup,3,22,POINT(-122.423209475626 37.776820223827),POINT(-122.422686161434 37.7769568141736),"POLYGON((-122.4230182 37.7770217, -122.4229484 37.7767334, -122.421323 37.7769666, -122.4213874 37.7772422, -122.4230182 37.7770217))",polygon4
Pickup,3,22,POINT(-122.423209475626 37.776820223827),POINT(-122.422686161434 37.7769568141736),"POLYGON((-122.4246758 37.7768055, -122.4246221 37.7765172, -122.4229484 37.7767334, -122.4230182 37.7770217, -122.4246758 37.7768055))",polygon3
Pickup,5,21,POINT(-122.423864133169 37.7767650064983),POINT(-122.424029697972 37.7768991780854),"POLYGON((-122.4246758 37.7768055, -122.4246221 37.7765172, -122.4229484 37.7767334, -122.4230182 37.7770217, -122.4246758 37.7768055))",polygon3
Pickup,2,14,POINT(-122.426284066636 37.776333305778),POINT(-122.426178819485 37.776586973175),"POLYGON((-122.4263119 37.7766275, -122.4262636 37.7763518, -122.4246221 37.7765172, -122.4246758 37.7768055, -122.4263119 37.7766275))",polygon2
Dropoff,7,14,POINT(-122.425730092148 37.7765665113315),POINT(-122.425780987758 37.7767240251403),"POLYGON((-122.4263119 37.7766275, -122.4262636 37.7763518, -122.4246221 37.7765172, -122.4246758 37.7768055, -122.4263119 37.7766275))",polygon2
Pickup,6,20,POINT(-122.426457490898 37.7764721777419),POINT(-122.426211741635 37.7765315555374),"POLYGON((-122.4279642 37.7763815, -122.4279159 37.7761441, -122.4262636 37.7763518, -122.4263119 37.7766275, -122.4279642 37.7763815))",polygon1
Pickup,6,20,POINT(-122.426457490898 37.7764721777419),POINT(-122.426211741635 37.7765315555374),"POLYGON((-122.4263119 37.7766275, -122.4262636 37.7763518, -122.4246221 37.7765172, -122.4246758 37.7768055, -122.4263119 37.7766275))",polygon2
Pickup,6,20,POINT(-122.425942661086 37.7765363877665),POINT(-122.426120492817 37.7765721265903),"POLYGON((-122.4263119 37.7766275, -122.4262636 37.7763518, -122.4246221 37.7765172, -122.4246758 37.7768055, -122.4263119 37.7766275))",polygon2
Pickup,7,16,POINT(-122.423001999489 37.7767477208701),POINT(-122.424472729437 37.7767031585511),"POLYGON((-122.4246758 37.7768055, -122.4246221 37.7765172, -122.4229484 37.7767334, -122.4230182 37.7770217, -122.4246758 37.7768055))",polygon3
Pickup,7,0,POINT(-122.426240775333 37.7763211770386),POINT(-122.426258662161 37.7763810314819),"POLYGON((-122.4263119 37.7766275, -122.4262636 37.7763518, -122.4246221 37.7765172, -122.4246758 37.7768055, -122.4263119 37.7766275))",polygon2
Pickup,7,21,POINT(-122.425113207741 37.7766043103469),POINT(-122.425015477157 37.7764950053421),"POLYGON((-122.4263119 37.7766275, -122.4262636 37.7763518, -122.4246221 37.7765172, -122.4246758 37.7768055, -122.4263119 37.7766275))",polygon2
Pickup,6,20,POINT(-122.424849741087 37.7766378002019),POINT(-122.424972617385 37.7765609674687),"POLYGON((-122.4263119 37.7766275, -122.4262636 37.7763518, -122.4246221 37.7765172, -122.4246758 37.7768055, -122.4263119 37.7766275))",polygon2
Dropoff,6,17,POINT(-122.426268599287 37.7762551139851),POINT(-122.426258662161 37.7763810314819),"POLYGON((-122.4263119 37.7766275, -122.4262636 37.7763518, -122.4246221 37.7765172, -122.4246758 37.7768055, -122.4263119 37.7766275))",polygon2
Dropoff,4,20,POINT(-122.424387700723 37.7766938332243),POINT(-122.424380614993 37.7768528249401),"POLYGON((-122.4246758 37.7768055, -122.4246221 37.7765172, -122.4229484 37.7767334, -122.4230182 37.7770217, -122.4246758 37.7768055))",polygon3
Pickup,5,18,POINT(-122.426457490898 37.7764721777419),POINT(-122.426208285242 37.7764916166508),"POLYGON((-122.4279642 37.7763815, -122.4279159 37.7761441, -122.4262636 37.7763518, -122.4263119 37.7766275, -122.4279642 37.7763815))",polygon1
Pickup,5,18,POINT(-122.426457490898 37.7764721777419),POINT(-122.426208285242 37.7764916166508),"POLYGON((-122.4263119 37.7766275, -122.4262636 37.7763518, -122.4246221 37.7765172, -122.4246758 37.7768055, -122.4263119 37.7766275))",polygon2
Pickup,5,19,POINT(-122.424849741087 37.7766378002019),POINT(-122.424776896631 37.7765500656232),"POLYGON((-122.4263119 37.7766275, -122.4262636 37.7763518, -122.4246221 37.7765172, -122.4246758 37.7768055, -122.4263119 37.7766275))",polygon2
Pickup,7,19,POINT(-122.426240775333 37.7763211770386),POINT(-122.426051710511 37.7766022976592),"POLYGON((-122.4263119 37.7766275, -122.4262636 37.7763518, -122.4246221 37.7765172, -122.4246758 37.7768055, -122.4263119 37.7766275))",polygon2
Dropoff,1,16,POINT(-122.426284066636 37.776333305778),POINT(-122.426045402584 37.7766179779217),"POLYGON((-122.4263119 37.7766275, -122.4262636 37.7763518, -122.4246221 37.7765172, -122.4246758 37.7768055, -122.4263119 37.7766275))",polygon2
Pickup,3,19,POINT(-122.423330798425 37.7768281299506),POINT(-122.423220277163 37.7771167153471),"POLYGON((-122.4246758 37.7768055, -122.4246221 37.7765172, -122.4229484 37.7767334, -122.4230182 37.7770217, -122.4246758 37.7768055))",polygon3
Pickup,4,15,POINT(-122.42401846446 37.7767878407125),POINT(-122.423958494769 37.7769513930853),"POLYGON((-122.4246758 37.7768055, -122.4246221 37.7765172, -122.4229484 37.7767334, -122.4230182 37.7770217, -122.4246758 37.7768055))",polygon3
Dropoff,1,10,POINT(-122.423001999489 37.7767477208701),POINT(-122.42182228981 37.7768783998537),"POLYGON((-122.4246758 37.7768055, -122.4246221 37.7765172, -122.4229484 37.7767334, -122.4230182 37.7770217, -122.4246758 37.7768055))",polygon3
Pickup,2,6,POINT(-122.425642817785 37.7765785973798),POINT(-122.425717821895 37.7767180092861),"POLYGON((-122.4263119 37.7766275, -122.4262636 37.7763518, -122.4246221 37.7765172, -122.4246758 37.7768055, -122.4263119 37.7766275))",polygon2
Dropoff,1,11,POINT(-122.425178879877 37.7765960339293),POINT(-122.425153734367 37.7765027162634),"POLYGON((-122.4263119 37.7766275, -122.4262636 37.7763518, -122.4246221 37.7765172, -122.4246758 37.7768055, -122.4263119 37.7766275))",polygon2
Pickup,1,14,POINT(-122.423115718239 37.776394319937),POINT(-122.423031811787 37.7769523625658),"POLYGON((-122.4246758 37.7768055, -122.4246221 37.7765172, -122.4229484 37.7767334, -122.4230182 37.7770217, -122.4246758 37.7768055))",polygon3
Dropoff,7,0,POINT(-122.422042211789 37.7770437703056),POINT(-122.421991227953 37.7772396007505),"POLYGON((-122.4230182 37.7770217, -122.4229484 37.7767334, -122.421323 37.7769666, -122.4213874 37.7772422, -122.4230182 37.7770217))",polygon4
Pickup,4,12,POINT(-122.423864133169 37.7767650064983),POINT(-122.423875366697 37.7765955055084),"POLYGON((-122.4246758 37.7768055, -122.4246221 37.7765172, -122.4229484 37.7767334, -122.4230182 37.7770217, -122.4246758 37.7768055))",polygon3
Pickup,4,18,POINT(-122.424655057037 37.7768302824437),POINT(-122.424389083304 37.7767544027411),"POLYGON((-122.4246758 37.7768055, -122.4246221 37.7765172, -122.4229484 37.7767334, -122.4230182 37.7770217, -122.4246758 37.7768055))",polygon3
Pickup,1,21,POINT(-122.423115718239 37.776394319937),POINT(-122.423160998315 37.776955814778),"POLYGON((-122.4246758 37.7768055, -122.4246221 37.7765172, -122.4229484 37.7767334, -122.4230182 37.7770217, -122.4246758 37.7768055))",polygon3
Dropoff,6,20,POINT(-122.426457490898 37.7764721777419),POINT(-122.426080139384 37.7761801151558),"POLYGON((-122.4279642 37.7763815, -122.4279159 37.7761441, -122.4262636 37.7763518, -122.4263119 37.7766275, -122.4279642 37.7763815))",polygon1
Dropoff,7,18,POINT(-122.423001999489 37.7767477208701),POINT(-122.423078474498 37.7766632056592),"POLYGON((-122.4246758 37.7768055, -122.4246221 37.7765172, -122.4229484 37.7767334, -122.4230182 37.7770217, -122.4246758 37.7768055))",polygon3
Pickup,1,1,POINT(-122.424196126629 37.7767185859009),POINT(-122.424313473364 37.7767636267722),"POLYGON((-122.4246758 37.7768055, -122.4246221 37.7765172, -122.4229484 37.7767334, -122.4230182 37.7770217, -122.4246758 37.7768055))",polygon3
Pickup,7,0,POINT(-122.424655057037 37.7768302824437),POINT(-122.424278735979 37.7768212018349),"POLYGON((-122.4246758 37.7768055, -122.4246221 37.7765172, -122.4229484 37.7767334, -122.4230182 37.7770217, -122.4246758 37.7768055))",polygon3
Dropoff,3,21,POINT(-122.423581825566 37.7768412183388),POINT(-122.42365372032 37.7769591986537),"POLYGON((-122.4246758 37.7768055, -122.4246221 37.7765172, -122.4229484 37.7767334, -122.4230182 37.7770217, -122.4246758 37.7768055))",polygon3
Pickup,1,21,POINT(-122.426284066636 37.776333305778),POINT(-122.426103988524 37.7765665163785),"POLYGON((-122.4263119 37.7766275, -122.4262636 37.7763518, -122.4246221 37.7765172, -122.4246758 37.7768055, -122.4263119 37.7766275))",polygon2
Dropoff,5,20,POINT(-122.421528829352 37.7771072160929),POINT(-122.421552765939 37.7774195905215),"POLYGON((-122.4230182 37.7770217, -122.4229484 37.7767334, -122.421323 37.7769666, -122.4213874 37.7772422, -122.4230182 37.7770217))",polygon4
Pickup,5,22,POINT(-122.424387700723 37.7766938332243),POINT(-122.424360826796 37.7766842873665),"POLYGON((-122.4246758 37.7768055, -122.4246221 37.7765172, -122.4229484 37.7767334, -122.4230182 37.7770217, -122.4246758 37.7768055))",polygon3
Pickup,1,17,POINT(-122.422998629403 37.7767313820286),POINT(-122.423035181873 37.7767343168418),"POLYGON((-122.4246758 37.7768055, -122.4246221 37.7765172, -122.4229484 37.7767334, -122.4230182 37.7770217, -122.4246758 37.7768055))",polygon3
Dropoff,7,23,POINT(-122.424726778234 37.7769542755059),POINT(-122.424319867807 37.7768448280664),"POLYGON((-122.4246758 37.7768055, -122.4246221 37.7765172, -122.4229484 37.7767334, -122.4230182 37.7770217, -122.4246758 37.7768055))",polygon3
Pickup,2,21,POINT(-122.424261972162 37.776248177885),POINT(-122.424474716896 37.7765565668854),"POLYGON((-122.4246758 37.7768055, -122.4246221 37.7765172, -122.4229484 37.7767334, -122.4230182 37.7770217, -122.4246758 37.7768055))",polygon3
Pickup,6,0,POINT(-122.422610463854 37.7769710798452),POINT(-122.422663521296 37.77693949526),"POLYGON((-122.4230182 37.7770217, -122.4229484 37.7767334, -122.421323 37.7769666, -122.4213874 37.7772422, -122.4230182 37.7770217))",polygon4
Dropoff,1,14,POINT(-122.421163385249 37.7770887404333),POINT(-122.422115663035 37.776883123342),"POLYGON((-122.4230182 37.7770217, -122.4229484 37.7767334, -122.421323 37.7769666, -122.4213874 37.7772422, -122.4230182 37.7770217))",polygon4
Pickup,4,20,POINT(-122.424655057037 37.7768302824437),POINT(-122.424731962896 37.7767529038912),"POLYGON((-122.4263119 37.7766275, -122.4262636 37.7763518, -122.4246221 37.7765172, -122.4246758 37.7768055, -122.4263119 37.7766275))",polygon2
Pickup,7,16,POINT(-122.425190977372 37.7766378226474),POINT(-122.42517792936 37.7766166820217),"POLYGON((-122.4263119 37.7766275, -122.4262636 37.7763518, -122.4246221 37.7765172, -122.4246758 37.7768055, -122.4263119 37.7766275))",polygon2
Pickup,6,21,POINT(-122.426333493012 37.7767963137192),POINT(-122.426177609747 37.7766404879097),"POLYGON((-122.4263119 37.7766275, -122.4262636 37.7763518, -122.4246221 37.7765172, -122.4246758 37.7768055, -122.4263119 37.7766275))",polygon2
Pickup,7,22,POINT(-122.424287636355 37.7761765994006),POINT(-122.42413952709 37.7767504610245),"POLYGON((-122.4246758 37.7768055, -122.4246221 37.7765172, -122.4229484 37.7767334, -122.4230182 37.7770217, -122.4246758 37.7768055))",polygon3
Pickup,2,23,POINT(-122.424557326026 37.7771704025349),POINT(-122.424375084668 37.776762779404),"POLYGON((-122.4246758 37.7768055, -122.4246221 37.7765172, -122.4229484 37.7767334, -122.4230182 37.7770217, -122.4246758 37.7768055))",polygon3
Pickup,6,14,POINT(-122.423001999489 37.7767477208701),POINT(-122.423236695497 37.77692700876),"POLYGON((-122.4246758 37.7768055, -122.4246221 37.7765172, -122.4229484 37.7767334, -122.4230182 37.7770217, -122.4246758 37.7768055))",polygon3
Dropoff,2,20,POINT(-122.424387700723 37.7766938332243),POINT(-122.424319867807 37.7768448280664),"POLYGON((-122.4246758 37.7768055, -122.4246221 37.7765172, -122.4229484 37.7767334, -122.4230182 37.7770217, -122.4246758 37.7768055))",polygon3
Dropoff,5,22,POINT(-122.423864133169 37.7767650064983),POINT(-122.423954260597 37.7769130015034),"POLYGON((-122.4246758 37.7768055, -122.4246221 37.7765172, -122.4229484 37.7767334, -122.4230182 37.7770217, -122.4246758 37.7768055))",polygon3
Pickup,6,21,POINT(-122.426621582649 37.7764530377299),POINT(-122.426612336833 37.7764346537042),"POLYGON((-122.4279642 37.7763815, -122.4279159 37.7761441, -122.4262636 37.7763518, -122.4263119 37.7766275, -122.4279642 37.7763815))",polygon1
Pickup,7,20,POINT(-122.426457490898 37.7764721777419),POINT(-122.426167413384 37.7765164016549),"POLYGON((-122.4279642 37.7763815, -122.4279159 37.7761441, -122.4262636 37.7763518, -122.4263119 37.7766275, -122.4279642 37.7763815))",polygon1
Pickup,7,20,POINT(-122.426457490898 37.7764721777419),POINT(-122.426167413384 37.7765164016549),"POLYGON((-122.4263119 37.7766275, -122.4262636 37.7763518, -122.4246221 37.7765172, -122.4246758 37.7768055, -122.4263119 37.7766275))",polygon2
Pickup,3,11,POINT(-122.424387700723 37.7766938332243),POINT(-122.424380614993 37.7768528249401),"POLYGON((-122.4246758 37.7768055, -122.4246221 37.7765172, -122.4229484 37.7767334, -122.4230182 37.7770217, -122.4246758 37.7768055))",polygon3
Pickup,3,13,POINT(-122.421288080554 37.7769366891584),POINT(-122.422266021896 37.7768752677252),"POLYGON((-122.4230182 37.7770217, -122.4229484 37.7767334, -122.421323 37.7769666, -122.4213874 37.7772422, -122.4230182 37.7770217))",polygon4
Dropoff,2,15,POINT(-122.42249026359 37.7769304031244),POINT(-122.422449131046 37.7767711898968),"POLYGON((-122.4230182 37.7770217, -122.4229484 37.7767334, -122.421323 37.7769666, -122.4213874 37.7772422, -122.4230182 37.7770217))",polygon4
Pickup,7,11,POINT(-122.424726778234 37.7769542755059),POINT(-122.424742159399 37.7767347917288),"POLYGON((-122.4263119 37.7766275, -122.4262636 37.7763518, -122.4246221 37.7765172, -122.4246758 37.7768055, -122.4263119 37.7766275))",polygon2
Pickup,5,21,POINT(-122.424387700723 37.7766938332243),POINT(-122.424382256809 37.776727422605),"POLYGON((-122.4246758 37.7768055, -122.4246221 37.7765172, -122.4229484 37.7767334, -122.4230182 37.7770217, -122.4246758 37.7768055))",polygon3
Pickup,6,20,POINT(-122.424849741087 37.7766378002019),POINT(-122.424725309246 37.7765729114699),"POLYGON((-122.4263119 37.7766275, -122.4262636 37.7763518, -122.4246221 37.7765172, -122.4246758 37.7768055, -122.4263119 37.7766275))",polygon2
Pickup,1,13,POINT(-122.424726778234 37.7769542755059),POINT(-122.425076310352 37.7764800750613),"POLYGON((-122.4263119 37.7766275, -122.4262636 37.7763518, -122.4246221 37.7765172, -122.4246758 37.7768055, -122.4263119 37.7766275))",polygon2
Pickup,3,20,POINT(-122.423209475626 37.776820223827),POINT(-122.423069314782 37.7768631123717),"POLYGON((-122.4246758 37.7768055, -122.4246221 37.7765172, -122.4229484 37.7767334, -122.4230182 37.7770217, -122.4246758 37.7768055))",polygon3
Dropoff,5,21,POINT(-122.424387700723 37.7766938332243),POINT(-122.424319867807 37.7768448280664),"POLYGON((-122.4246758 37.7768055, -122.4246221 37.7765172, -122.4229484 37.7767334, -122.4230182 37.7770217, -122.4246758 37.7768055))",polygon3
Pickup,6,21,POINT(-122.422733688425 37.7764490718287),POINT(-122.42263206705 37.7768960978472),"POLYGON((-122.4230182 37.7770217, -122.4229484 37.7767334, -122.421323 37.7769666, -122.4213874 37.7772422, -122.4230182 37.7770217))",polygon4
Pickup,5,21,POINT(-122.424446028354 37.7766867258339),POINT(-122.424404637342 37.7766384615152),"POLYGON((-122.4246758 37.7768055, -122.4246221 37.7765172, -122.4229484 37.7767334, -122.4230182 37.7770217, -122.4246758 37.7768055))",polygon3
Pickup,5,20,POINT(-122.424849741087 37.7766378002019),POINT(-122.424722284859 37.7765214254449),"POLYGON((-122.4263119 37.7766275, -122.4262636 37.7763518, -122.4246221 37.7765172, -122.4246758 37.7768055, -122.4263119 37.7766275))",polygon2
Pickup,2,17,POINT(-122.424655057037 37.7768302824437),POINT(-122.424718742006 37.7767584969204),"POLYGON((-122.4263119 37.7766275, -122.4262636 37.7763518, -122.4246221 37.7765172, -122.4246758 37.7768055, -122.4263119 37.7766275))",polygon2
Pickup,5,8,POINT(-122.423209475626 37.776820223827),POINT(-122.4231336056 37.7765720959656),"POLYGON((-122.4246758 37.7768055, -122.4246221 37.7765172, -122.4229484 37.7767334, -122.4230182 37.7770217, -122.4246758 37.7768055))",polygon3
Dropoff,5,22,POINT(-122.426457490898 37.7764721777419),POINT(-122.426045402584 37.7766179779217),"POLYGON((-122.4279642 37.7763815, -122.4279159 37.7761441, -122.4262636 37.7763518, -122.4263119 37.7766275, -122.4279642 37.7763815))",polygon1
Dropoff,5,22,POINT(-122.426457490898 37.7764721777419),POINT(-122.426045402584 37.7766179779217),"POLYGON((-122.4263119 37.7766275, -122.4262636 37.7763518, -122.4246221 37.7765172, -122.4246758 37.7768055, -122.4263119 37.7766275))",polygon2
Pickup,7,13,POINT(-122.424655057037 37.7768302824437),POINT(-122.423863269051 37.7767612737894),"POLYGON((-122.4246758 37.7768055, -122.4246221 37.7765172, -122.4229484 37.7767334, -122.4230182 37.7770217, -122.4246758 37.7768055))",polygon3
Dropoff,3,16,POINT(-122.42332198438 37.7768290232458),POINT(-122.422449131046 37.7767711898968),"POLYGON((-122.4246758 37.7768055, -122.4246221 37.7765172, -122.4229484 37.7767334, -122.4230182 37.7770217, -122.4246758 37.7768055))",polygon3
Pickup,4,20,POINT(-122.424849741087 37.7766378002019),POINT(-122.424716495318 37.776538036801),"POLYGON((-122.4263119 37.7766275, -122.4262636 37.7763518, -122.4246221 37.7765172, -122.4246758 37.7768055, -122.4263119 37.7766275))",polygon2
Dropoff,7,11,POINT(-122.424973567904 37.7766673974795),POINT(-122.424998713458 37.7767812888855),"POLYGON((-122.4263119 37.7766275, -122.4262636 37.7763518, -122.4246221 37.7765172, -122.4246758 37.7768055, -122.4263119 37.7766275))",polygon2
Pickup,7,16,POINT(-122.424726778234 37.7769542755059),POINT(-122.424736024216 37.7766905147481),"POLYGON((-122.4263119 37.7766275, -122.4262636 37.7763518, -122.4246221 37.7765172, -122.4246758 37.7768055, -122.4263119 37.7766275))",polygon2
Dropoff,6,20,POINT(-122.426457490898 37.7764721777419),POINT(-122.425845795375 37.7764093706272),"POLYGON((-122.4279642 37.7763815, -122.4279159 37.7761441, -122.4262636 37.7763518, -122.4263119 37.7766275, -122.4279642 37.7763815))",polygon1
Dropoff,6,20,POINT(-122.426457490898 37.7764721777419),POINT(-122.425845795375 37.7764093706272),"POLYGON((-122.4263119 37.7766275, -122.4262636 37.7763518, -122.4246221 37.7765172, -122.4246758 37.7768055, -122.4263119 37.7766275))",polygon2
Pickup,4,20,POINT(-122.423447627655 37.7768582826874),POINT(-122.423268668035 37.7770909276458),"POLYGON((-122.4246758 37.7768055, -122.4246221 37.7765172, -122.4229484 37.7767334, -122.4230182 37.7770217, -122.4246758 37.7768055))",polygon3
Dropoff,6,15,POINT(-122.423209475626 37.776820223827),POINT(-122.422654707195 37.7771086888349),"POLYGON((-122.4246758 37.7768055, -122.4246221 37.7765172, -122.4229484 37.7767334, -122.4230182 37.7770217, -122.4246758 37.7768055))",polygon3
Pickup,4,16,POINT(-122.42332198438 37.7768290232458),POINT(-122.422958879657 37.7769097264629),"POLYGON((-122.4230182 37.7770217, -122.4229484 37.7767334, -122.421323 37.7769666, -122.4213874 37.7772422, -122.4230182 37.7770217))",polygon4
Pickup,4,16,POINT(-122.42332198438 37.7768290232458),POINT(-122.422958879657 37.7769097264629),"POLYGON((-122.4246758 37.7768055, -122.4246221 37.7765172, -122.4229484 37.7767334, -122.4230182 37.7770217, -122.4246758 37.7768055))",polygon3
Pickup,4,21,POINT(-122.425866706624 37.7765055894921),POINT(-122.425899024001 37.7764651884153),"POLYGON((-122.4263119 37.7766275, -122.4262636 37.7763518, -122.4246221 37.7765172, -122.4246758 37.7768055, -122.4263119 37.7766275))",polygon2
Pickup,2,21,POINT(-122.423001999489 37.7767477208701),POINT(-122.423020491756 37.7769236380204),"POLYGON((-122.4246758 37.7768055, -122.4246221 37.7765172, -122.4229484 37.7767334, -122.4230182 37.7770217, -122.4246758 37.7768055))",polygon3
Pickup,5,19,POINT(-122.423425333329 37.7768612136313),POINT(-122.423101892258 37.7769824261056),"POLYGON((-122.4246758 37.7768055, -122.4246221 37.7765172, -122.4229484 37.7767334, -122.4230182 37.7770217, -122.4246758 37.7768055))",polygon3
Dropoff,5,19,POINT(-122.42332198438 37.7768290232458),POINT(-122.422814397848 37.776811887749),"POLYGON((-122.4230182 37.7770217, -122.4229484 37.7767334, -122.421323 37.7769666, -122.4213874 37.7772422, -122.4230182 37.7770217))",polygon4
Dropoff,5,19,POINT(-122.42332198438 37.7768290232458),POINT(-122.422814397848 37.776811887749),"POLYGON((-122.4246758 37.7768055, -122.4246221 37.7765172, -122.4229484 37.7767334, -122.4230182 37.7770217, -122.4246758 37.7768055))",polygon3
Pickup,1,1,POINT(-122.422631894225 37.7769684875319),POINT(-122.422646325157 37.7769974913505),"POLYGON((-122.4230182 37.7770217, -122.4229484 37.7767334, -122.421323 37.7769666, -122.4213874 37.7772422, -122.4230182 37.7770217))",polygon4
Dropoff,4,20,POINT(-122.423608786105 37.7767970128174),POINT(-122.423604119858 37.7766909977582),"POLYGON((-122.4246758 37.7768055, -122.4246221 37.7765172, -122.4229484 37.7767334, -122.4230182 37.7770217, -122.4246758 37.7768055))",polygon3
Pickup,2,11,POINT(-122.421234331106 37.7766728114458),POINT(-122.422342238202 37.7768844704649),"POLYGON((-122.4230182 37.7770217, -122.4229484 37.7767334, -122.421323 37.7769666, -122.4213874 37.7772422, -122.4230182 37.7770217))",polygon4
Pickup,7,20,POINT(-122.426457490898 37.7764721777419),POINT(-122.424673462602 37.7768403244607),"POLYGON((-122.4279642 37.7763815, -122.4279159 37.7761441, -122.4262636 37.7763518, -122.4263119 37.7766275, -122.4279642 37.7763815))",polygon1
Pickup,6,18,POINT(-122.423001999489 37.7767477208701),POINT(-122.423538533149 37.7765907056868),"POLYGON((-122.4246758 37.7768055, -122.4246221 37.7765172, -122.4229484 37.7767334, -122.4230182 37.7770217, -122.4246758 37.7768055))",polygon3
Pickup,7,20,POINT(-122.425866706624 37.7765055894921),POINT(-122.426070288651 37.7764682701264),"POLYGON((-122.4263119 37.7766275, -122.4262636 37.7763518, -122.4246221 37.7765172, -122.4246758 37.7768055, -122.4263119 37.7766275))",polygon2
Pickup,7,20,POINT(-122.423001999489 37.7767477208701),POINT(-122.422556715083 37.7769259603738),"POLYGON((-122.4230182 37.7770217, -122.4229484 37.7767334, -122.421323 37.7769666, -122.4213874 37.7772422, -122.4230182 37.7770217))",polygon4
Pickup,7,20,POINT(-122.423001999489 37.7767477208701),POINT(-122.422556715083 37.7769259603738),"POLYGON((-122.4246758 37.7768055, -122.4246221 37.7765172, -122.4229484 37.7767334, -122.4230182 37.7770217, -122.4246758 37.7768055))",polygon3
Dropoff,5,21,POINT(-122.424387700723 37.7766938332243),POINT(-122.424380614993 37.7768528249401),"POLYGON((-122.4246758 37.7768055, -122.4246221 37.7765172, -122.4229484 37.7767334, -122.4230182 37.7770217, -122.4246758 37.7768055))",polygon3
Pickup,1,18,POINT(-122.421163385249 37.7770887404333),POINT(-122.421784872783 37.7771064814082),"POLYGON((-122.4230182 37.7770217, -122.4229484 37.7767334, -122.421323 37.7769666, -122.4213874 37.7772422, -122.4230182 37.7770217))",polygon4
Dropoff,7,12,POINT(-122.425860917147 37.7765480088597),POINT(-122.425889432481 37.7766751845954),"POLYGON((-122.4263119 37.7766275, -122.4262636 37.7763518, -122.4246221 37.7765172, -122.4246758 37.7768055, -122.4263119 37.7766275))",polygon2
Pickup,7,18,POINT(-122.425844758454 37.7765086327269),POINT(-122.425845795375 37.7764093706272),"POLYGON((-122.4263119 37.7766275, -122.4262636 37.7763518, -122.4246221 37.7765172, -122.4246758 37.7768055, -122.4263119 37.7766275))",polygon2
Dropoff,7,19,POINT(-122.42483021221 37.7766853906467),POINT(-122.424380614993 37.7768528249401),"POLYGON((-122.4263119 37.7766275, -122.4262636 37.7763518, -122.4246221 37.7765172, -122.4246758 37.7768055, -122.4263119 37.7766275))",polygon2
Pickup,5,21,POINT(-122.426457490898 37.7764721777419),POINT(-122.42635872465 37.7762228852444),"POLYGON((-122.4279642 37.7763815, -122.4279159 37.7761441, -122.4262636 37.7763518, -122.4263119 37.7766275, -122.4279642 37.7763815))",polygon1
Pickup,4,18,POINT(-122.423864133169 37.7767650064983),POINT(-122.423913042214 37.7768481810791),"POLYGON((-122.4246758 37.7768055, -122.4246221 37.7765172, -122.4229484 37.7767334, -122.4230182 37.7770217, -122.4246758 37.7768055))",polygon3
Pickup,6,14,POINT(-122.421167619534 37.777089328486),POINT(-122.421821425676 37.7769853171618),"POLYGON((-122.4230182 37.7770217, -122.4229484 37.7767334, -122.421323 37.7769666, -122.4213874 37.7772422, -122.4230182 37.7770217))",polygon4
Dropoff,1,9,POINT(-122.425212839269 37.776634806121),POINT(-122.425217419033 37.7768120914548),"POLYGON((-122.4263119 37.7766275, -122.4262636 37.7763518, -122.4246221 37.7765172, -122.4246758 37.7768055, -122.4263119 37.7766275))",polygon2
Dropoff,7,15,POINT(-122.421163385249 37.7770887404333),POINT(-122.422266021896 37.7768752677252),"POLYGON((-122.4230182 37.7770217, -122.4229484 37.7767334, -122.421323 37.7769666, -122.4213874 37.7772422, -122.4230182 37.7770217))",polygon4
Dropoff,3,23,POINT(-122.422085072758 37.7770384405069),POINT(-122.422110737483 37.7771039747568),"POLYGON((-122.4230182 37.7770217, -122.4229484 37.7767334, -122.421323 37.7769666, -122.4213874 37.7772422, -122.4230182 37.7770217))",polygon4
Pickup,7,23,POINT(-122.424242788822 37.7762566951634),POINT(-122.424485691125 37.7765819078658),"POLYGON((-122.4246758 37.7768055, -122.4246221 37.7765172, -122.4229484 37.7767334, -122.4230182 37.7770217, -122.4246758 37.7768055))",polygon3
Pickup,1,20,POINT(-122.423115718239 37.776394319937),POINT(-122.423037428596 37.7768780806699),"POLYGON((-122.4246758 37.7768055, -122.4246221 37.7765172, -122.4229484 37.7767334, -122.4230182 37.7770217, -122.4246758 37.7768055))",polygon3
Pickup,4,17,POINT(-122.421163385249 37.7770887404333),POINT(-122.422007041586 37.7770204900856),"POLYGON((-122.4230182 37.7770217, -122.4229484 37.7767334, -122.421323 37.7769666, -122.4213874 37.7772422, -122.4230182 37.7770217))",polygon4
Pickup,1,14,POINT(-122.422889922455 37.7773778190985),POINT(-122.423047366026 37.7769666262003),"POLYGON((-122.4246758 37.7768055, -122.4246221 37.7765172, -122.4229484 37.7767334, -122.4230182 37.7770217, -122.4246758 37.7768055))",polygon3
Pickup,4,19,POINT(-122.424196126629 37.7767185859009),POINT(-122.42428487119 37.7767737323829),"POLYGON((-122.4246758 37.7768055, -122.4246221 37.7765172, -122.4229484 37.7767334, -122.4230182 37.7770217, -122.4246758 37.7768055))",polygon3
Pickup,1,19,POINT(-122.423001999489 37.7767477208701),POINT(-122.423198933325 37.7769520720585),"POLYGON((-122.4246758 37.7768055, -122.4246221 37.7765172, -122.4229484 37.7767334, -122.4230182 37.7770217, -122.4246758 37.7768055))",polygon3
Pickup,5,13,POINT(-122.423864133169 37.7767650064983),POINT(-122.424029697972 37.7768991780854),"POLYGON((-122.4246758 37.7768055, -122.4246221 37.7765172, -122.4229484 37.7767334, -122.4230182 37.7770217, -122.4246758 37.7768055))",polygon3
Dropoff,2,14,POINT(-122.426284066636 37.776333305778),POINT(-122.426165858006 37.7766273092287),"POLYGON((-122.4263119 37.7766275, -122.4262636 37.7763518, -122.4246221 37.7765172, -122.4246758 37.7768055, -122.4263119 37.7766275))",polygon2
Pickup,4,12,POINT(-122.424655057037 37.7768302824437),POINT(-122.424710360133 37.7766214197389),"POLYGON((-122.4263119 37.7766275, -122.4262636 37.7763518, -122.4246221 37.7765172, -122.4246758 37.7768055, -122.4263119 37.7766275))",polygon2
Pickup,1,16,POINT(-122.42569129395 37.7765292277975),POINT(-122.425685504463 37.7765068725001),"POLYGON((-122.4263119 37.7766275, -122.4262636 37.7763518, -122.4246221 37.7765172, -122.4246758 37.7768055, -122.4263119 37.7766275))",polygon2
Pickup,7,1,POINT(-122.42483021221 37.7766853906467),POINT(-122.424371541803 37.776768594523),"POLYGON((-122.4246758 37.7768055, -122.4246221 37.7765172, -122.4229484 37.7767334, -122.4230182 37.7770217, -122.4246758 37.7768055))",polygon3
Pickup,7,1,POINT(-122.42483021221 37.7766853906467),POINT(-122.424371541803 37.776768594523),"POLYGON((-122.4263119 37.7766275, -122.4262636 37.7763518, -122.4246221 37.7765172, -122.4246758 37.7768055, -122.4263119 37.7766275))",polygon2
Pickup,4,20,POINT(-122.424387700723 37.7766938332243),POINT(-122.42425523207 37.7766929918651),"POLYGON((-122.4246758 37.7768055, -122.4246221 37.7765172, -122.4229484 37.7767334, -122.4230182 37.7770217, -122.4246758 37.7768055))",polygon3
Dropoff,5,13,POINT(-122.426284066636 37.776333305778),POINT(-122.426143218619 37.776627293737),"POLYGON((-122.4263119 37.7766275, -122.4262636 37.7763518, -122.4246221 37.7765172, -122.4246758 37.7768055, -122.4263119 37.7766275))",polygon2
Pickup,2,20,POINT(-122.422985062644 37.776666198593),POINT(-122.423896710398 37.7767221995399),"POLYGON((-122.4246758 37.7768055, -122.4246221 37.7765172, -122.4229484 37.7767334, -122.4230182 37.7770217, -122.4246758 37.7768055))",polygon3
Dropoff,6,17,POINT(-122.423001999489 37.7767477208701),POINT(-122.423176811772 37.7770403719393),"POLYGON((-122.4246758 37.7768055, -122.4246221 37.7765172, -122.4229484 37.7767334, -122.4230182 37.7770217, -122.4246758 37.7768055))",polygon3
Dropoff,5,17,POINT(-122.424849741087 37.7766378002019),POINT(-122.424776896631 37.7765500656232),"POLYGON((-122.4263119 37.7766275, -122.4262636 37.7763518, -122.4246221 37.7765172, -122.4246758 37.7768055, -122.4263119 37.7766275))",polygon2
Pickup,2,23,POINT(-122.421677806436 37.7770888813592),POINT(-122.422606056802 37.7769528062093),"POLYGON((-122.4230182 37.7770217, -122.4229484 37.7767334, -122.421323 37.7769666, -122.4213874 37.7772422, -122.4230182 37.7770217))",polygon4
Pickup,4,21,POINT(-122.421342521285 37.7772425193096),POINT(-122.421855126913 37.7770715715602),"POLYGON((-122.4230182 37.7770217, -122.4229484 37.7767334, -122.421323 37.7769666, -122.4213874 37.7772422, -122.4230182 37.7770217))",polygon4
Pickup,7,15,POINT(-122.423001999489 37.7767477208701),POINT(-122.423529719121 37.7768693848407),"POLYGON((-122.4246758 37.7768055, -122.4246221 37.7765172, -122.4229484 37.7767334, -122.4230182 37.7770217, -122.4246758 37.7768055))",polygon3
Pickup,2,21,POINT(-122.426284066636 37.776333305778),POINT(-122.426019911641 37.7764578845631),"POLYGON((-122.4263119 37.7766275, -122.4262636 37.7763518, -122.4246221 37.7765172, -122.4246758 37.7768055, -122.4263119 37.7766275))",polygon2
Dropoff,5,23,POINT(-122.424387700723 37.7766938332243),POINT(-122.424380614993 37.7768528249401),"POLYGON((-122.4246758 37.7768055, -122.4246221 37.7765172, -122.4229484 37.7767334, -122.4230182 37.7770217, -122.4246758 37.7768055))",polygon3
Dropoff,4,16,POINT(-122.423330798425 37.7768281299506),POINT(-122.422740342202 37.7771040893142),"POLYGON((-122.4246758 37.7768055, -122.4246221 37.7765172, -122.4229484 37.7767334, -122.4230182 37.7770217, -122.4246758 37.7768055))",polygon3
Pickup,4,21,POINT(-122.425113207741 37.7766043103469),POINT(-122.424955594447 37.776485507076),"POLYGON((-122.4263119 37.7766275, -122.4262636 37.7763518, -122.4246221 37.7765172, -122.4246758 37.7768055, -122.4263119 37.7766275))",polygon2
Dropoff,2,19,POINT(-122.421656462285 37.7770915196021),POINT(-122.421574196526 37.7769286702654),"POLYGON((-122.4230182 37.7770217, -122.4229484 37.7767334, -122.421323 37.7769666, -122.4213874 37.7772422, -122.4230182 37.7770217))",polygon4
Pickup,7,21,POINT(-122.426457490898 37.7764721777419),POINT(-122.426052488201 37.7766125997525),"POLYGON((-122.4279642 37.7763815, -122.4279159 37.7761441, -122.4262636 37.7763518, -122.4263119 37.7766275, -122.4279642 37.7763815))",polygon1
Pickup,7,21,POINT(-122.426457490898 37.7764721777419),POINT(-122.426052488201 37.7766125997525),"POLYGON((-122.4263119 37.7766275, -122.4262636 37.7763518, -122.4246221 37.7765172, -122.4246758 37.7768055, -122.4263119 37.7766275))",polygon2
Pickup,5,22,POINT(-122.424655057037 37.7768302824437),POINT(-122.424582126035 37.7765265120667),"POLYGON((-122.4246758 37.7768055, -122.4246221 37.7765172, -122.4229484 37.7767334, -122.4230182 37.7770217, -122.4246758 37.7768055))",polygon3
Pickup,5,22,POINT(-122.423209475626 37.776820223827),POINT(-122.422523359723 37.776924077713),"POLYGON((-122.4230182 37.7770217, -122.4229484 37.7767334, -122.421323 37.7769666, -122.4213874 37.7772422, -122.4230182 37.7770217))",polygon4
Pickup,5,22,POINT(-122.423209475626 37.776820223827),POINT(-122.422523359723 37.776924077713),"POLYGON((-122.4246758 37.7768055, -122.4246221 37.7765172, -122.4229484 37.7767334, -122.4230182 37.7770217, -122.4246758 37.7768055))",polygon3
Pickup,1,16,POINT(-122.423137580568 37.776391521998),POINT(-122.423136284383 37.776759419819),"POLYGON((-122.4246758 37.7768055, -122.4246221 37.7765172, -122.4229484 37.7767334, -122.4230182 37.7770217, -122.4246758 37.7768055))",polygon3
Pickup,1,13,POINT(-122.425113207741 37.7766043103469),POINT(-122.424913425937 37.7765045836526),"POLYGON((-122.4263119 37.7766275, -122.4262636 37.7763518, -122.4246221 37.7765172, -122.4246758 37.7768055, -122.4263119 37.7766275))",polygon2
Dropoff,7,23,POINT(-122.424849741087 37.7766378002019),POINT(-122.424776896631 37.7765500656232),"POLYGON((-122.4263119 37.7766275, -122.4262636 37.7763518, -122.4246221 37.7765172, -122.4246758 37.7768055, -122.4263119 37.7766275))",polygon2
Dropoff,1,11,POINT(-122.425730092148 37.7765665113315),POINT(-122.425780987758 37.7767240251403),"POLYGON((-122.4263119 37.7766275, -122.4262636 37.7763518, -122.4246221 37.7765172, -122.4246758 37.7768055, -122.4263119 37.7766275))",polygon2
Dropoff,1,14,POINT(-122.42483021221 37.7766853906467),POINT(-122.424799709135 37.7767751050329),"POLYGON((-122.4263119 37.7766275, -122.4262636 37.7763518, -122.4246221 37.7765172, -122.4246758 37.7768055, -122.4263119 37.7766275))",polygon2
Dropoff,1,12,POINT(-122.422805238109 37.7773888149194),POINT(-122.422391925673 37.7770736221978),"POLYGON((-122.4230182 37.7770217, -122.4229484 37.7767334, -122.421323 37.7769666, -122.4213874 37.7772422, -122.4230182 37.7770217))",polygon4
Dropoff,7,15,POINT(-122.423001999489 37.7767477208701),POINT(-122.422720380869 37.7771003411902),"POLYGON((-122.4246758 37.7768055, -122.4246221 37.7765172, -122.4229484 37.7767334, -122.4230182 37.7770217, -122.4246758 37.7768055))",polygon3
Dropoff,1,10,POINT(-122.424655057037 37.7768302824437),POINT(-122.423361042691 37.7769377649504),"POLYGON((-122.4246758 37.7768055, -122.4246221 37.7765172, -122.4229484 37.7767334, -122.4230182 37.7770217, -122.4246758 37.7768055))",polygon3
Pickup,1,17,POINT(-122.426492832429 37.7764272114263),POINT(-122.426316038246 37.776347607702),"POLYGON((-122.4279642 37.7763815, -122.4279159 37.7761441, -122.4262636 37.7763518, -122.4263119 37.7766275, -122.4279642 37.7763815))",polygon1
Pickup,2,6,POINT(-122.426240775333 37.7763211770386),POINT(-122.425700799078 37.7766187044149),"POLYGON((-122.4263119 37.7766275, -122.4262636 37.7763518, -122.4246221 37.7765172, -122.4246758 37.7768055, -122.4263119 37.7766275))",polygon2
Pickup,7,22,POINT(-122.422889922455 37.7773778190985),POINT(-122.423059895829 37.7769920706594),"POLYGON((-122.4246758 37.7768055, -122.4246221 37.7765172, -122.4229484 37.7767334, -122.4230182 37.7770217, -122.4246758 37.7768055))",polygon3
Pickup,1,20,POINT(-122.425942661086 37.7765363877665),POINT(-122.426061302017 37.7765060023687),"POLYGON((-122.4263119 37.7766275, -122.4262636 37.7763518, -122.4246221 37.7765172, -122.4246758 37.7768055, -122.4263119 37.7766275))",polygon2
Pickup,3,20,POINT(-122.423800274858 37.7767732328794),POINT(-122.423789991852 37.7767289226553),"POLYGON((-122.4246758 37.7768055, -122.4246221 37.7765172, -122.4229484 37.7767334, -122.4230182 37.7770217, -122.4246758 37.7768055))",polygon3
Pickup,6,23,POINT(-122.424849741087 37.7766378002019),POINT(-122.424732740596 37.7765638647767),"POLYGON((-122.4263119 37.7766275, -122.4262636 37.7763518, -122.4246221 37.7765172, -122.4246758 37.7768055, -122.4263119 37.7766275))",polygon2
Pickup,2,11,POINT(-122.423757760237 37.7767785297617),POINT(-122.423735206742 37.776654534146),"POLYGON((-122.4246758 37.7768055, -122.4246221 37.7765172, -122.4229484 37.7767334, -122.4230182 37.7770217, -122.4246758 37.7768055))",polygon3
Pickup,7,21,POINT(-122.426284066636 37.776333305778),POINT(-122.425992001212 37.7765167042146),"POLYGON((-122.4263119 37.7766275, -122.4262636 37.7763518, -122.4246221 37.7765172, -122.4246758 37.7768055, -122.4263119 37.7766275))",polygon2
Pickup,4,18,POINT(-122.426284066636 37.776333305778),POINT(-122.425874397124 37.7766350268494),"POLYGON((-122.4263119 37.7766275, -122.4262636 37.7763518, -122.4246221 37.7765172, -122.4246758 37.7768055, -122.4263119 37.7766275))",polygon2
Dropoff,4,18,POINT(-122.423864133169 37.7767650064983),POINT(-122.424029697972 37.7768991780854),"POLYGON((-122.4246758 37.7768055, -122.4246221 37.7765172, -122.4229484 37.7767334, -122.4230182 37.7770217, -122.4246758 37.7768055))",polygon3
Pickup,4,23,POINT(-122.424387700723 37.7766938332243),POINT(-122.424327126363 37.7767427067365),"POLYGON((-122.4246758 37.7768055, -122.4246221 37.7765172, -122.4229484 37.7767334, -122.4230182 37.7770217, -122.4246758 37.7768055))",polygon3
Pickup,4,21,POINT(-122.425113207741 37.7766043103469),POINT(-122.425002774767 37.7765249385779),"POLYGON((-122.4263119 37.7766275, -122.4262636 37.7763518, -122.4246221 37.7765172, -122.4246758 37.7768055, -122.4263119 37.7766275))",polygon2
Pickup,1,17,POINT(-122.421342521285 37.7772425193096),POINT(-122.422568985705 37.7768770398487),"POLYGON((-122.4230182 37.7770217, -122.4229484 37.7767334, -122.421323 37.7769666, -122.4213874 37.7772422, -122.4230182 37.7770217))",polygon4
Dropoff,7,13,POINT(-122.424655057037 37.7768302824437),POINT(-122.424799709135 37.7767751050329),"POLYGON((-122.4263119 37.7766275, -122.4262636 37.7763518, -122.4246221 37.7765172, -122.4246758 37.7768055, -122.4263119 37.7766275))",polygon2
Pickup,7,13,POINT(-122.422733688425 37.7764490718287),POINT(-122.423093510256 37.7767847886262),"POLYGON((-122.4246758 37.7768055, -122.4246221 37.7765172, -122.4229484 37.7767334, -122.4230182 37.7770217, -122.4246758 37.7768055))",polygon3
Dropoff,1,11,POINT(-122.426345331144 37.7766305550962),POINT(-122.426150563459 37.7765657125264),"POLYGON((-122.4263119 37.7766275, -122.4262636 37.7763518, -122.4246221 37.7765172, -122.4246758 37.7768055, -122.4263119 37.7766275))",polygon2
Pickup,2,20,POINT(-122.426284066636 37.776333305778),POINT(-122.426104161344 37.7765522142889),"POLYGON((-122.4263119 37.7766275, -122.4262636 37.7763518, -122.4246221 37.7765172, -122.4246758 37.7768055, -122.4263119 37.7766275))",polygon2
Pickup,1,19,POINT(-122.424655057037 37.7768302824437),POINT(-122.423955729595 37.7766780211245),"POLYGON((-122.4246758 37.7768055, -122.4246221 37.7765172, -122.4229484 37.7767334, -122.4230182 37.7770217, -122.4246758 37.7768055))",polygon3
Dropoff,3,17,POINT(-122.425942661086 37.7765363877665),POINT(-122.426045402584 37.7766179779217),"POLYGON((-122.4263119 37.7766275, -122.4262636 37.7763518, -122.4246221 37.7765172, -122.4246758 37.7768055, -122.4263119 37.7766275))",polygon2
Pickup,7,19,POINT(-122.424655057037 37.7768302824437),POINT(-122.424623516977 37.7765779024242),"POLYGON((-122.4246758 37.7768055, -122.4246221 37.7765172, -122.4229484 37.7767334, -122.4230182 37.7770217, -122.4246758 37.7768055))",polygon3
Pickup,5,12,POINT(-122.424849741087 37.7766378002019),POINT(-122.424950669027 37.7765863291683),"POLYGON((-122.4263119 37.7766275, -122.4262636 37.7763518, -122.4246221 37.7765172, -122.4246758 37.7768055, -122.4263119 37.7766275))",polygon2
Pickup,7,16,POINT(-122.426457490898 37.7764721777419),POINT(-122.426203014242 37.7765985782103),"POLYGON((-122.4279642 37.7763815, -122.4279159 37.7761441, -122.4262636 37.7763518, -122.4263119 37.7766275, -122.4279642 37.7763815))",polygon1
Pickup,7,16,POINT(-122.426457490898 37.7764721777419),POINT(-122.426203014242 37.7765985782103),"POLYGON((-122.4263119 37.7766275, -122.4262636 37.7763518, -122.4246221 37.7765172, -122.4246758 37.7768055, -122.4263119 37.7766275))",polygon2
Pickup,6,18,POINT(-122.426457490898 37.7764721777419),POINT(-122.426352071102 37.7762638983647),"POLYGON((-122.4279642 37.7763815, -122.4279159 37.7761441, -122.4262636 37.7763518, -122.4263119 37.7766275, -122.4279642 37.7763815))",polygon1
Dropoff,5,16,POINT(-122.426284066636 37.776333305778),POINT(-122.426045402584 37.7766179779217),"POLYGON((-122.4263119 37.7766275, -122.4262636 37.7763518, -122.4246221 37.7765172, -122.4246758 37.7768055, -122.4263119 37.7766275))",polygon2
Dropoff,7,12,POINT(-122.425135069654 37.7766015119388),POINT(-122.425094024557 37.7764978903963),"POLYGON((-122.4263119 37.7766275, -122.4262636 37.7763518, -122.4246221 37.7765172, -122.4246758 37.7768055, -122.4263119 37.7766275))",polygon2
Pickup,1,17,POINT(-122.424655057037 37.7768302824437),POINT(-122.424280377796 37.7767786039606),"POLYGON((-122.4246758 37.7768055, -122.4246221 37.7765172, -122.4229484 37.7767334, -122.4230182 37.7770217, -122.4246758 37.7768055))",polygon3
Dropoff,3,18,POINT(-122.424849741087 37.7766378002019),POINT(-122.424737579614 37.7763838266664),"POLYGON((-122.4263119 37.7766275, -122.4262636 37.7763518, -122.4246221 37.7765172, -122.4246758 37.7768055, -122.4263119 37.7766275))",polygon2
Pickup,1,16,POINT(-122.424849741087 37.7766378002019),POINT(-122.424795302174 37.7765412785599),"POLYGON((-122.4263119 37.7766275, -122.4262636 37.7763518, -122.4246221 37.7765172, -122.4246758 37.7768055, -122.4263119 37.7766275))",polygon2
Pickup,2,21,POINT(-122.425942661086 37.7765363877665),POINT(-122.426048426933 37.776541586484),"POLYGON((-122.4263119 37.7766275, -122.4262636 37.7763518, -122.4246221 37.7765172, -122.4246758 37.7768055, -122.4263119 37.7766275))",polygon2
Pickup,4,21,POINT(-122.425942661086 37.7765363877665),POINT(-122.426185473044 37.7765915421987),"POLYGON((-122.4263119 37.7766275, -122.4262636 37.7763518, -122.4246221 37.7765172, -122.4246758 37.7768055, -122.4263119 37.7766275))",polygon2
Dropoff,6,20,POINT(-122.425942661086 37.7765363877665),POINT(-122.425997185813 37.7766754827454),"POLYGON((-122.4263119 37.7766275, -122.4262636 37.7763518, -122.4246221 37.7765172, -122.4246758 37.7768055, -122.4263119 37.7766275))",polygon2
Dropoff,7,19,POINT(-122.425113207741 37.7766043103469),POINT(-122.425002774767 37.7765249385779),"POLYGON((-122.4263119 37.7766275, -122.4262636 37.7763518, -122.4246221 37.7765172, -122.4246758 37.7768055, -122.4263119 37.7766275))",polygon2
Pickup,4,6,POINT(-122.425730092148 37.7765665113315),POINT(-122.425744868295 37.7767170328749),"POLYGON((-122.4263119 37.7766275, -122.4262636 37.7763518, -122.4246221 37.7765172, -122.4246758 37.7768055, -122.4263119 37.7766275))",polygon2
Dropoff,5,17,POINT(-122.423425333329 37.7768612136313),POINT(-122.422740342202 37.7771040893142),"POLYGON((-122.4246758 37.7768055, -122.4246221 37.7765172, -122.4229484 37.7767334, -122.4230182 37.7770217, -122.4246758 37.7768055))",polygon3
Dropoff,1,15,POINT(-122.423001999489 37.7767477208701),POINT(-122.423206883257 37.7765015045614),"POLYGON((-122.4246758 37.7768055, -122.4246221 37.7765172, -122.4229484 37.7767334, -122.4230182 37.7770217, -122.4246758 37.7768055))",polygon3
Dropoff,7,19,POINT(-122.424849741087 37.7766378002019),POINT(-122.424776896631 37.7765500656232),"POLYGON((-122.4263119 37.7766275, -122.4262636 37.7763518, -122.4246221 37.7765172, -122.4246758 37.7768055, -122.4263119 37.7766275))",polygon2
Dropoff,1,9,POINT(-122.423001999489 37.7767477208701),POINT(-122.423170330847 37.7769960554717),"POLYGON((-122.4246758 37.7768055, -122.4246221 37.7765172, -122.4229484 37.7767334, -122.4230182 37.7770217, -122.4246758 37.7768055))",polygon3
Pickup,2,21,POINT(-122.424463224198 37.7766844176431),POINT(-122.424425376056 37.7762072263382),"POLYGON((-122.4246758 37.7768055, -122.4246221 37.7765172, -122.4229484 37.7767334, -122.4230182 37.7770217, -122.4246758 37.7768055))",polygon3
Dropoff,3,12,POINT(-122.424951792369 37.7766703146799),POINT(-122.425019711287 37.7768308087023),"POLYGON((-122.4263119 37.7766275, -122.4262636 37.7763518, -122.4246221 37.7765172, -122.4246758 37.7768055, -122.4263119 37.7766275))",polygon2
Dropoff,1,9,POINT(-122.42483021221 37.7766853906467),POINT(-122.424799709135 37.7767751050329),"POLYGON((-122.4263119 37.7766275, -122.4262636 37.7763518, -122.4246221 37.7765172, -122.4246758 37.7768055, -122.4263119 37.7766275))",polygon2
Dropoff,2,13,POINT(-122.423425333329 37.7768612136313),POINT(-122.423255533372 37.7770072188445),"POLYGON((-122.4246758 37.7768055, -122.4246221 37.7765172, -122.4229484 37.7767334, -122.4230182 37.7770217, -122.4246758 37.7768055))",polygon3
Pickup,5,20,POINT(-122.424747516884 37.7770608709698),POINT(-122.423875366697 37.7767699119677),"POLYGON((-122.4246758 37.7768055, -122.4246221 37.7765172, -122.4229484 37.7767334, -122.4230182 37.7770217, -122.4246758 37.7768055))",polygon3
Dropoff,5,19,POINT(-122.426284066636 37.776333305778),POINT(-122.426045402584 37.7766179779217),"POLYGON((-122.4263119 37.7766275, -122.4262636 37.7763518, -122.4246221 37.7765172, -122.4246758 37.7768055, -122.4263119 37.7766275))",polygon2
Pickup,6,12,POINT(-122.425922268312 37.7765392434072),POINT(-122.425931859829 37.7765678444644),"POLYGON((-122.4263119 37.7766275, -122.4262636 37.7763518, -122.4246221 37.7765172, -122.4246758 37.7768055, -122.4263119 37.7766275))",polygon2
Pickup,5,19,POINT(-122.421491498634 37.7766084104064),POINT(-122.421580763963 37.7770628186111),"POLYGON((-122.4230182 37.7770217, -122.4229484 37.7767334, -122.421323 37.7769666, -122.4213874 37.7772422, -122.4230182 37.7770217))",polygon4
Pickup,7,19,POINT(-122.422733688425 37.7764490718287),POINT(-122.423235917787 37.7767321216083),"POLYGON((-122.4246758 37.7768055, -122.4246221 37.7765172, -122.4229484 37.7767334, -122.4230182 37.7770217, -122.4246758 37.7768055))",polygon3
Dropoff,2,13,POINT(-122.425648520864 37.7765348959759),POINT(-122.425618709309 37.7763708237297),"POLYGON((-122.4263119 37.7766275, -122.4262636 37.7763518, -122.4246221 37.7765172, -122.4246758 37.7768055, -122.4263119 37.7766275))",polygon2
Pickup,4,6,POINT(-122.426240775333 37.7763211770386),POINT(-122.425704428308 37.7765669897627),"POLYGON((-122.4263119 37.7766275, -122.4262636 37.7763518, -122.4246221 37.7765172, -122.4246758 37.7768055, -122.4263119 37.7766275))",polygon2
Pickup,2,14,POINT(-122.426457490898 37.7764721777419),POINT(-122.426188410979 37.776391008003),"POLYGON((-122.4279642 37.7763815, -122.4279159 37.7761441, -122.4262636 37.7763518, -122.4263119 37.7766275, -122.4279642 37.7763815))",polygon1
Pickup,2,14,POINT(-122.426457490898 37.7764721777419),POINT(-122.426188410979 37.776391008003),"POLYGON((-122.4263119 37.7766275, -122.4262636 37.7763518, -122.4246221 37.7765172, -122.4246758 37.7768055, -122.4263119 37.7766275))",polygon2
Dropoff,6,10,POINT(-122.424426499403 37.7766890973117),POINT(-122.424424079886 37.7767056172328),"POLYGON((-122.4246758 37.7768055, -122.4246221 37.7765172, -122.4229484 37.7767334, -122.4230182 37.7770217, -122.4246758 37.7768055))",polygon3
Dropoff,7,9,POINT(-122.425648520864 37.7765348959759),POINT(-122.425618709309 37.7763708237297),"POLYGON((-122.4263119 37.7766275, -122.4262636 37.7763518, -122.4246221 37.7765172, -122.4246758 37.7768055, -122.4263119 37.7766275))",polygon2
Dropoff,7,15,POINT(-122.427459837769 37.7763064947503),POINT(-122.427443938549 37.7762333801529),"POLYGON((-122.4279642 37.7763815, -122.4279159 37.7761441, -122.4262636 37.7763518, -122.4263119 37.7766275, -122.4279642 37.7763815))",polygon1
Pickup,7,20,POINT(-122.426457490898 37.7764721777419),POINT(-122.425917688578 37.7764832927206),"POLYGON((-122.4279642 37.7763815, -122.4279159 37.7761441, -122.4262636 37.7763518, -122.4263119 37.7766275, -122.4279642 37.7763815))",polygon1
Pickup,7,20,POINT(-122.426457490898 37.7764721777419),POINT(-122.425917688578 37.7764832927206),"POLYGON((-122.4263119 37.7766275, -122.4262636 37.7763518, -122.4246221 37.7765172, -122.4246758 37.7768055, -122.4263119 37.7766275))",polygon2
Dropoff,5,19,POINT(-122.42655893575 37.7764185104574),POINT(-122.426529383682 37.7762606843251),"POLYGON((-122.4279642 37.7763815, -122.4279159 37.7761441, -122.4262636 37.7763518, -122.4263119 37.7766275, -122.4279642 37.7763815))",polygon1
Dropoff,7,15,POINT(-122.426457490898 37.7764721777419),POINT(-122.426088434738 37.7763879543159),"POLYGON((-122.4279642 37.7763815, -122.4279159 37.7761441, -122.4262636 37.7763518, -122.4263119 37.7766275, -122.4279642 37.7763815))",polygon1
Dropoff,7,15,POINT(-122.426457490898 37.7764721777419),POINT(-122.426088434738 37.7763879543159),"POLYGON((-122.4263119 37.7766275, -122.4262636 37.7763518, -122.4246221 37.7765172, -122.4246758 37.7768055, -122.4263119 37.7766275))",polygon2
Pickup,7,0,POINT(-122.424881713133 37.7771319882572),POINT(-122.424397638025 37.7767429749832),"POLYGON((-122.4246758 37.7768055, -122.4246221 37.7765172, -122.4229484 37.7767334, -122.4230182 37.7770217, -122.4246758 37.7768055))",polygon3
Pickup,1,16,POINT(-122.426457490898 37.7764721777419),POINT(-122.426319667455 37.7766971892745),"POLYGON((-122.4279642 37.7763815, -122.4279159 37.7761441, -122.4262636 37.7763518, -122.4263119 37.7766275, -122.4279642 37.7763815))",polygon1
Pickup,5,8,POINT(-122.425060583592 37.7766556825119),POINT(-122.424210902993 37.7764457797739),"POLYGON((-122.4263119 37.7766275, -122.4262636 37.7763518, -122.4246221 37.7765172, -122.4246758 37.7768055, -122.4263119 37.7766275))",polygon2
Pickup,2,16,POINT(-122.42354501405 37.7768050670672),POINT(-122.423544927638 37.776848422649),"POLYGON((-122.4246758 37.7768055, -122.4246221 37.7765172, -122.4229484 37.7767334, -122.4230182 37.7770217, -122.4246758 37.7768055))",polygon3
Pickup,7,16,POINT(-122.424726778234 37.7769542755059),POINT(-122.424644860525 37.776564431386),"POLYGON((-122.4263119 37.7766275, -122.4262636 37.7763518, -122.4246221 37.7765172, -122.4246758 37.7768055, -122.4263119 37.7766275))",polygon2
Dropoff,5,17,POINT(-122.42332198438 37.7768290232458),POINT(-122.422814397848 37.776811887749),"POLYGON((-122.4230182 37.7770217, -122.4229484 37.7767334, -122.421323 37.7769666, -122.4213874 37.7772422, -122.4230182 37.7770217))",polygon4
Dropoff,5,17,POINT(-122.42332198438 37.7768290232458),POINT(-122.422814397848 37.776811887749),"POLYGON((-122.4246758 37.7768055, -122.4246221 37.7765172, -122.4229484 37.7767334, -122.4230182 37.7770217, -122.4246758 37.7768055))",polygon3
Pickup,6,8,POINT(-122.424726778234 37.7769542755059),POINT(-122.424802301465 37.7767011723921),"POLYGON((-122.4263119 37.7766275, -122.4262636 37.7763518, -122.4246221 37.7765172, -122.4246758 37.7768055, -122.4263119 37.7766275))",polygon2
Pickup,1,10,POINT(-122.424655057037 37.7768302824437),POINT(-122.42405259705 37.7767451369645),"POLYGON((-122.4246758 37.7768055, -122.4246221 37.7765172, -122.4229484 37.7767334, -122.4230182 37.7770217, -122.4246758 37.7768055))",polygon3
Dropoff,7,13,POINT(-122.424655057037 37.7768302824437),POINT(-122.423426888748 37.7767242777905),"POLYGON((-122.4246758 37.7768055, -122.4246221 37.7765172, -122.4229484 37.7767334, -122.4230182 37.7770217, -122.4246758 37.7768055))",polygon3
Pickup,3,18,POINT(-122.424973567904 37.7766673974795),POINT(-122.425036129339 37.7768229963837),"POLYGON((-122.4263119 37.7766275, -122.4262636 37.7763518, -122.4246221 37.7765172, -122.4246758 37.7768055, -122.4263119 37.7766275))",polygon2
Pickup,1,0,POINT(-122.42483021221 37.7766853906467),POINT(-122.424390206651 37.7766980787435),"POLYGON((-122.4246758 37.7768055, -122.4246221 37.7765172, -122.4229484 37.7767334, -122.4230182 37.7770217, -122.4246758 37.7768055))",polygon3
Pickup,1,0,POINT(-122.42483021221 37.7766853906467),POINT(-122.424390206651 37.7766980787435),"POLYGON((-122.4263119 37.7766275, -122.4262636 37.7763518, -122.4246221 37.7765172, -122.4246758 37.7768055, -122.4263119 37.7766275))",polygon2
Pickup,7,16,POINT(-122.426284066636 37.776333305778),POINT(-122.426140194273 37.7765467288655),"POLYGON((-122.4263119 37.7766275, -122.4262636 37.7763518, -122.4246221 37.7765172, -122.4246758 37.7768055, -122.4263119 37.7766275))",polygon2
Pickup,5,22,POINT(-122.426240775333 37.7763211770386),POINT(-122.426010492953 37.7765709928751),"POLYGON((-122.4263119 37.7766275, -122.4262636 37.7763518, -122.4246221 37.7765172, -122.4246758 37.7768055, -122.4263119 37.7766275))",polygon2
Pickup,6,21,POINT(-122.425866706624 37.7765055894921),POINT(-122.426157994708 37.7764300974125),"POLYGON((-122.4263119 37.7766275, -122.4262636 37.7763518, -122.4246221 37.7765172, -122.4246758 37.7768055, -122.4263119 37.7766275))",polygon2
Dropoff,4,14,POINT(-122.423209475626 37.776820223827),POINT(-122.423405804188 37.7772352975713),"POLYGON((-122.4246758 37.7768055, -122.4246221 37.7765172, -122.4229484 37.7767334, -122.4230182 37.7770217, -122.4246758 37.7768055))",polygon3
Pickup,1,14,POINT(-122.424655057037 37.7768302824437),POINT(-122.424319867807 37.7768448280664),"POLYGON((-122.4246758 37.7768055, -122.4246221 37.7765172, -122.4229484 37.7767334, -122.4230182 37.7770217, -122.4246758 37.7768055))",polygon3
Dropoff,1,21,POINT(-122.425942661086 37.7765363877665),POINT(-122.426165858006 37.7766273092287),"POLYGON((-122.4263119 37.7766275, -122.4262636 37.7763518, -122.4246221 37.7765172, -122.4246758 37.7768055, -122.4263119 37.7766275))",polygon2
Dropoff,2,21,POINT(-122.423864133169 37.7767650064983),POINT(-122.423867330404 37.7766016121317),"POLYGON((-122.4246758 37.7768055, -122.4246221 37.7765172, -122.4229484 37.7767334, -122.4230182 37.7770217, -122.4246758 37.7768055))",polygon3
Pickup,6,21,POINT(-122.422805238109 37.7773888149194),POINT(-122.422554036285 37.7769357990328),"POLYGON((-122.4230182 37.7770217, -122.4229484 37.7767334, -122.421323 37.7769666, -122.4213874 37.7772422, -122.4230182 37.7770217))",polygon4
Pickup,1,15,POINT(-122.422374815903 37.7774450005452),POINT(-122.422874195367 37.7768856807657),"POLYGON((-122.4230182 37.7770217, -122.4229484 37.7767334, -122.421323 37.7769666, -122.4213874 37.7772422, -122.4230182 37.7770217))",polygon4
Dropoff,3,21,POINT(-122.425942661086 37.7765363877665),POINT(-122.426045402584 37.7766179779217),"POLYGON((-122.4263119 37.7766275, -122.4262636 37.7763518, -122.4246221 37.7765172, -122.4246758 37.7768055, -122.4263119 37.7766275))",polygon2
Pickup,2,10,POINT(-122.423608786105 37.7767970128174),POINT(-122.423545964583 37.7764310246277),"POLYGON((-122.4246758 37.7768055, -122.4246221 37.7765172, -122.4229484 37.7767334, -122.4230182 37.7770217, -122.4246758 37.7768055))",polygon3
Pickup,6,21,POINT(-122.423001999489 37.7767477208701),POINT(-122.422846802577 37.7769763289761),"POLYGON((-122.4230182 37.7770217, -122.4229484 37.7767334, -122.421323 37.7769666, -122.4213874 37.7772422, -122.4230182 37.7770217))",polygon4
Pickup,6,21,POINT(-122.423001999489 37.7767477208701),POINT(-122.422846802577 37.7769763289761),"POLYGON((-122.4246758 37.7768055, -122.4246221 37.7765172, -122.4229484 37.7767334, -122.4230182 37.7770217, -122.4246758 37.7768055))",polygon3
Pickup,5,23,POINT(-122.424196126629 37.7767185859009),POINT(-122.424308979972 37.7767644998868),"POLYGON((-122.4246758 37.7768055, -122.4246221 37.7765172, -122.4229484 37.7767334, -122.4230182 37.7770217, -122.4246758 37.7768055))",polygon3
Dropoff,6,15,POINT(-122.424973567904 37.7766673974795),POINT(-122.424998713458 37.7767812888855),"POLYGON((-122.4263119 37.7766275, -122.4262636 37.7763518, -122.4246221 37.7765172, -122.4246758 37.7768055, -122.4263119 37.7766275))",polygon2
Dropoff,7,17,POINT(-122.424849741087 37.7766378002019),POINT(-122.424776896631 37.7765500656232),"POLYGON((-122.4263119 37.7766275, -122.4262636 37.7763518, -122.4246221 37.7765172, -122.4246758 37.7768055, -122.4263119 37.7766275))",polygon2
Pickup,6,23,POINT(-122.423115718239 37.776394319937),POINT(-122.42254081512 37.7768266710287),"POLYGON((-122.4230182 37.7770217, -122.4229484 37.7767334, -122.421323 37.7769666, -122.4213874 37.7772422, -122.4230182 37.7770217))",polygon4
Pickup,3,20,POINT(-122.424849741087 37.7766378002019),POINT(-122.424723926669 37.7765731186102),"POLYGON((-122.4263119 37.7766275, -122.4262636 37.7763518, -122.4246221 37.7765172, -122.4246758 37.7768055, -122.4263119 37.7766275))",polygon2
Pickup,7,18,POINT(-122.424287636355 37.7761765994006),POINT(-122.423830691812 37.776854825),"POLYGON((-122.4246758 37.7768055, -122.4246221 37.7765172, -122.4229484 37.7767334, -122.4230182 37.7770217, -122.4246758 37.7768055))",polygon3
Pickup,7,0,POINT(-122.42487022048 37.7766805005723),POINT(-122.424873331273 37.7767071694505),"POLYGON((-122.4263119 37.7766275, -122.4262636 37.7763518, -122.4246221 37.7765172, -122.4246758 37.7768055, -122.4263119 37.7766275))",polygon2
Pickup,6,14,POINT(-122.423115718239 37.776394319937),POINT(-122.42305816758 37.7767286288912),"POLYGON((-122.4246758 37.7768055, -122.4246221 37.7765172, -122.4229484 37.7767334, -122.4230182 37.7770217, -122.4246758 37.7768055))",polygon3
Pickup,1,15,POINT(-122.424655057037 37.7768302824437),POINT(-122.424530365731 37.7765837978179),"POLYGON((-122.4246758 37.7768055, -122.4246221 37.7765172, -122.4229484 37.7767334, -122.4230182 37.7770217, -122.4246758 37.7768055))",polygon3
Pickup,3,21,POINT(-122.426492832429 37.7764272114263),POINT(-122.426146329375 37.7765787193469),"POLYGON((-122.4279642 37.7763815, -122.4279159 37.7761441, -122.4262636 37.7763518, -122.4263119 37.7766275, -122.4279642 37.7763815))",polygon1
Pickup,3,21,POINT(-122.426492832429 37.7764272114263),POINT(-122.426146329375 37.7765787193469),"POLYGON((-122.4263119 37.7766275, -122.4262636 37.7763518, -122.4246221 37.7765172, -122.4246758 37.7768055, -122.4263119 37.7766275))",polygon2
Pickup,5,23,POINT(-122.424655057037 37.7768302824437),POINT(-122.424654884215 37.7765646198876),"POLYGON((-122.4263119 37.7766275, -122.4262636 37.7763518, -122.4246221 37.7765172, -122.4246758 37.7768055, -122.4263119 37.7766275))",polygon2
Dropoff,4,18,POINT(-122.423330798425 37.7768281299506),POINT(-122.423206883257 37.7765015045614),"POLYGON((-122.4246758 37.7768055, -122.4246221 37.7765172, -122.4229484 37.7767334, -122.4230182 37.7770217, -122.4246758 37.7768055))",polygon3
Dropoff,4,22,POINT(-122.423608786105 37.7767970128174),POINT(-122.423604119858 37.7766909977582),"POLYGON((-122.4246758 37.7768055, -122.4246221 37.7765172, -122.4229484 37.7767334, -122.4230182 37.7770217, -122.4246758 37.7768055))",polygon3
Pickup,7,19,POINT(-122.424287636355 37.7761765994006),POINT(-122.423758797179 37.7767230318141),"POLYGON((-122.4246758 37.7768055, -122.4246221 37.7765172, -122.4229484 37.7767334, -122.4230182 37.7770217, -122.4246758 37.7768055))",polygon3
Pickup,1,21,POINT(-122.425942661086 37.7765363877665),POINT(-122.426062511756 37.7765775292609),"POLYGON((-122.4263119 37.7766275, -122.4262636 37.7763518, -122.4246221 37.7765172, -122.4246758 37.7768055, -122.4263119 37.7766275))",polygon2
Pickup,5,23,POINT(-122.423209475626 37.776820223827),POINT(-122.42269903693 37.7768361708035),"POLYGON((-122.4230182 37.7770217, -122.4229484 37.7767334, -122.421323 37.7769666, -122.4213874 37.7772422, -122.4230182 37.7770217))",polygon4
Pickup,5,23,POINT(-122.423209475626 37.776820223827),POINT(-122.42269903693 37.7768361708035),"POLYGON((-122.4246758 37.7768055, -122.4246221 37.7765172, -122.4229484 37.7767334, -122.4230182 37.7770217, -122.4246758 37.7768055))",polygon3
Dropoff,5,0,POINT(-122.422042211789 37.7770437703056),POINT(-122.422016114981 37.7772874171355),"POLYGON((-122.4230182 37.7770217, -122.4229484 37.7767334, -122.421323 37.7769666, -122.4213874 37.7772422, -122.4230182 37.7770217))",polygon4
Pickup,1,15,POINT(-122.42483021221 37.7766853906467),POINT(-122.423540088565 37.7767479859507),"POLYGON((-122.4246758 37.7768055, -122.4246221 37.7765172, -122.4229484 37.7767334, -122.4230182 37.7770217, -122.4246758 37.7768055))",polygon3
Pickup,1,15,POINT(-122.42483021221 37.7766853906467),POINT(-122.423540088565 37.7767479859507),"POLYGON((-122.4263119 37.7766275, -122.4262636 37.7763518, -122.4246221 37.7765172, -122.4246758 37.7768055, -122.4263119 37.7766275))",polygon2
Pickup,1,3,POINT(-122.425817280029 37.7765540882959),POINT(-122.42580717004 37.7766655190638),"POLYGON((-122.4263119 37.7766275, -122.4262636 37.7763518, -122.4246221 37.7765172, -122.4246758 37.7768055, -122.4263119 37.7766275))",polygon2
Pickup,5,21,POINT(-122.423001999489 37.7767477208701),POINT(-122.423014788534 37.7769480743947),"POLYGON((-122.4246758 37.7768055, -122.4246221 37.7765172, -122.4229484 37.7767334, -122.4230182 37.7770217, -122.4246758 37.7768055))",polygon3
Pickup,7,23,POINT(-122.424146440012 37.7767715986847),POINT(-122.424399107018 37.7767710939991),"POLYGON((-122.4246758 37.7768055, -122.4246221 37.7765172, -122.4229484 37.7767334, -122.4230182 37.7770217, -122.4246758 37.7768055))",polygon3
Pickup,3,20,POINT(-122.42332198438 37.7768290232458),POINT(-122.423183638345 37.7769035598432),"POLYGON((-122.4246758 37.7768055, -122.4246221 37.7765172, -122.4229484 37.7767334, -122.4230182 37.7770217, -122.4246758 37.7768055))",polygon3
Pickup,5,21,POINT(-122.424655057037 37.7768302824437),POINT(-122.424525785937 37.7765604886061),"POLYGON((-122.4246758 37.7768055, -122.4246221 37.7765172, -122.4229484 37.7767334, -122.4230182 37.7770217, -122.4246758 37.7768055))",polygon3
Dropoff,1,22,POINT(-122.425795504668 37.7765572237663),POINT(-122.425810972087 37.7767072418296),"POLYGON((-122.4263119 37.7766275, -122.4262636 37.7763518, -122.4246221 37.7765172, -122.4246758 37.7768055, -122.4263119 37.7766275))",polygon2
Pickup,6,22,POINT(-122.426457490898 37.7764721777419),POINT(-122.426130084316 37.7765621973131),"POLYGON((-122.4279642 37.7763815, -122.4279159 37.7761441, -122.4262636 37.7763518, -122.4263119 37.7766275, -122.4279642 37.7763815))",polygon1
Pickup,6,22,POINT(-122.426457490898 37.7764721777419),POINT(-122.426130084316 37.7765621973131),"POLYGON((-122.4263119 37.7766275, -122.4262636 37.7763518, -122.4246221 37.7765172, -122.4246758 37.7768055, -122.4263119 37.7766275))",polygon2
Pickup,6,18,POINT(-122.423001999489 37.7767477208701),POINT(-122.42313325995 37.7767721273771),"POLYGON((-122.4246758 37.7768055, -122.4246221 37.7765172, -122.4229484 37.7767334, -122.4230182 37.7770217, -122.4246758 37.7768055))",polygon3
Pickup,4,20,POINT(-122.423209475626 37.776820223827),POINT(-122.423167392828 37.7768255329818),"POLYGON((-122.4246758 37.7768055, -122.4246221 37.7765172, -122.4229484 37.7767334, -122.4230182 37.7770217, -122.4246758 37.7768055))",polygon3
Pickup,7,14,POINT(-122.424726778234 37.7769542755059),POINT(-122.425280325965 37.776553926757),"POLYGON((-122.4263119 37.7766275, -122.4262636 37.7763518, -122.4246221 37.7765172, -122.4246758 37.7768055, -122.4263119 37.7766275))",polygon2
Dropoff,6,19,POINT(-122.424287636355 37.7761765994006),POINT(-122.424319867807 37.7768448280664),"POLYGON((-122.4246758 37.7768055, -122.4246221 37.7765172, -122.4229484 37.7767334, -122.4230182 37.7770217, -122.4246758 37.7768055))",polygon3
Pickup,6,23,POINT(-122.423001999489 37.7767477208701),POINT(-122.422928635276 37.7768954733267),"POLYGON((-122.4230182 37.7770217, -122.4229484 37.7767334, -122.421323 37.7769666, -122.4213874 37.7772422, -122.4230182 37.7770217))",polygon4
Pickup,6,23,POINT(-122.423001999489 37.7767477208701),POINT(-122.422928635276 37.7768954733267),"POLYGON((-122.4246758 37.7768055, -122.4246221 37.7765172, -122.4229484 37.7767334, -122.4230182 37.7770217, -122.4246758 37.7768055))",polygon3
Dropoff,5,18,POINT(-122.424387700723 37.7766938332243),POINT(-122.424319867807 37.7768448280664),"POLYGON((-122.4246758 37.7768055, -122.4246221 37.7765172, -122.4229484 37.7767334, -122.4230182 37.7770217, -122.4246758 37.7768055))",polygon3
Pickup,7,16,POINT(-122.421364124742 37.777348488366),POINT(-122.423071820742 37.7769626674258),"POLYGON((-122.4246758 37.7768055, -122.4246221 37.7765172, -122.4229484 37.7767334, -122.4230182 37.7770217, -122.4246758 37.7768055))",polygon3
Pickup,1,1,POINT(-122.42483021221 37.7766853906467),POINT(-122.424408698674 37.7766825768145),"POLYGON((-122.4246758 37.7768055, -122.4246221 37.7765172, -122.4229484 37.7767334, -122.4230182 37.7770217, -122.4246758 37.7768055))",polygon3
Pickup,1,1,POINT(-122.42483021221 37.7766853906467),POINT(-122.424408698674 37.7766825768145),"POLYGON((-122.4263119 37.7766275, -122.4262636 37.7763518, -122.4246221 37.7765172, -122.4246758 37.7768055, -122.4263119 37.7766275))",polygon2
Dropoff,1,1,POINT(-122.427618484207 37.7763234139178),POINT(-122.42763058142 37.7764144910363),"POLYGON((-122.4279642 37.7763815, -122.4279159 37.7761441, -122.4262636 37.7763518, -122.4263119 37.7766275, -122.4279642 37.7763815))",polygon1
Dropoff,2,17,POINT(-122.425860917147 37.7765480088597),POINT(-122.425889432481 37.7766751845954),"POLYGON((-122.4263119 37.7766275, -122.4262636 37.7763518, -122.4246221 37.7765172, -122.4246758 37.7768055, -122.4263119 37.7766275))",polygon2
Pickup,3,10,POINT(-122.423864133169 37.7767650064983),POINT(-122.423888933341 37.7764127094914),"POLYGON((-122.4246758 37.7768055, -122.4246221 37.7765172, -122.4229484 37.7767334, -122.4230182 37.7770217, -122.4246758 37.7768055))",polygon3
Pickup,3,19,POINT(-122.423425333329 37.7768612136313),POINT(-122.42294107868 37.7769313405139),"POLYGON((-122.4230182 37.7770217, -122.4229484 37.7767334, -122.421323 37.7769666, -122.4213874 37.7772422, -122.4230182 37.7770217))",polygon4
Pickup,3,19,POINT(-122.423425333329 37.7768612136313),POINT(-122.42294107868 37.7769313405139),"POLYGON((-122.4246758 37.7768055, -122.4246221 37.7765172, -122.4229484 37.7767334, -122.4230182 37.7770217, -122.4246758 37.7768055))",polygon3
Pickup,6,13,POINT(-122.424655057037 37.7768302824437),POINT(-122.424982727454 37.7765492066853),"POLYGON((-122.4263119 37.7766275, -122.4262636 37.7763518, -122.4246221 37.7765172, -122.4246758 37.7768055, -122.4263119 37.7766275))",polygon2
Dropoff,4,16,POINT(-122.423367091543 37.7768286725309),POINT(-122.423408482964 37.7767098007088),"POLYGON((-122.4246758 37.7768055, -122.4246221 37.7765172, -122.4229484 37.7767334, -122.4230182 37.7770217, -122.4246758 37.7768055))",polygon3
Pickup,5,7,POINT(-122.423608786105 37.7767970128174),POINT(-122.423599885671 37.7764424304318),"POLYGON((-122.4246758 37.7768055, -122.4246221 37.7765172, -122.4229484 37.7767334, -122.4230182 37.7770217, -122.4246758 37.7768055))",polygon3
Pickup,4,21,POINT(-122.424726778234 37.7769542755059),POINT(-122.425013316887 37.7765816729517),"POLYGON((-122.4263119 37.7766275, -122.4262636 37.7763518, -122.4246221 37.7765172, -122.4246758 37.7768055, -122.4263119 37.7766275))",polygon2
Pickup,4,8,POINT(-122.42401846446 37.7767878407125),POINT(-122.424319694984 37.7765378715949),"POLYGON((-122.4246758 37.7768055, -122.4246221 37.7765172, -122.4229484 37.7767334, -122.4230182 37.7770217, -122.4246758 37.7768055))",polygon3
Pickup,1,20,POINT(-122.426345331144 37.7766305550962),POINT(-122.425706070103 37.7765712829008),"POLYGON((-122.4263119 37.7766275, -122.4262636 37.7763518, -122.4246221 37.7765172, -122.4246758 37.7768055, -122.4263119 37.7766275))",polygon2
Dropoff,7,17,POINT(-122.424726778234 37.7769542755059),POINT(-122.424319867807 37.7768448280664),"POLYGON((-122.4246758 37.7768055, -122.4246221 37.7765172, -122.4229484 37.7767334, -122.4230182 37.7770217, -122.4246758 37.7768055))",polygon3
Dropoff,5,19,POINT(-122.422733688425 37.7764490718287),POINT(-122.422814397848 37.776811887749),"POLYGON((-122.4230182 37.7770217, -122.4229484 37.7767334, -122.421323 37.7769666, -122.4213874 37.7772422, -122.4230182 37.7770217))",polygon4
Pickup,3,14,POINT(-122.426333493012 37.7767963137192),POINT(-122.426194114029 37.7765713639912),"POLYGON((-122.4263119 37.7766275, -122.4262636 37.7763518, -122.4246221 37.7765172, -122.4246758 37.7768055, -122.4263119 37.7766275))",polygon2
Pickup,1,20,POINT(-122.423001999489 37.7767477208701),POINT(-122.422814397848 37.776811887749),"POLYGON((-122.4230182 37.7770217, -122.4229484 37.7767334, -122.421323 37.7769666, -122.4213874 37.7772422, -122.4230182 37.7770217))",polygon4
Pickup,1,20,POINT(-122.423001999489 37.7767477208701),POINT(-122.422814397848 37.776811887749),"POLYGON((-122.4246758 37.7768055, -122.4246221 37.7765172, -122.4229484 37.7767334, -122.4230182 37.7770217, -122.4246758 37.7768055))",polygon3
Dropoff,6,11,POINT(-122.424762638814 37.7761943702403),POINT(-122.424776896631 37.7765500656232),"POLYGON((-122.4263119 37.7766275, -122.4262636 37.7763518, -122.4246221 37.7765172, -122.4246758 37.7768055, -122.4263119 37.7766275))",polygon2
Dropoff,6,12,POINT(-122.421741838865 37.7770808939039),POINT(-122.421857892142 37.777198600846),"POLYGON((-122.4230182 37.7770217, -122.4229484 37.7767334, -122.421323 37.7769666, -122.4213874 37.7772422, -122.4230182 37.7770217))",polygon4
Dropoff,7,18,POINT(-122.422889922455 37.7773778190985),POINT(-122.422814397848 37.776811887749),"POLYGON((-122.4230182 37.7770217, -122.4229484 37.7767334, -122.421323 37.7769666, -122.4213874 37.7772422, -122.4230182 37.7770217))",polygon4
Pickup,5,12,POINT(-122.426240775333 37.7763211770386),POINT(-122.425960115914 37.7765894687066),"POLYGON((-122.4263119 37.7766275, -122.4262636 37.7763518, -122.4246221 37.7765172, -122.4246758 37.7768055, -122.4263119 37.7766275))",polygon2
Pickup,6,22,POINT(-122.426284066636 37.776333305778),POINT(-122.426334961978 37.7763464397144),"POLYGON((-122.4279642 37.7763815, -122.4279159 37.7761441, -122.4262636 37.7763518, -122.4263119 37.7766275, -122.4279642 37.7763815))",polygon1
Pickup,2,16,POINT(-122.421163385249 37.7770887404333),POINT(-122.421730432281 37.7770998870017),"POLYGON((-122.4230182 37.7770217, -122.4229484 37.7767334, -122.421323 37.7769666, -122.4213874 37.7772422, -122.4230182 37.7770217))",polygon4
Pickup,7,16,POINT(-122.425585786974 37.7765432868184),POINT(-122.425553815142 37.776412593536),"POLYGON((-122.4263119 37.7766275, -122.4262636 37.7763518, -122.4246221 37.7765172, -122.4246758 37.7768055, -122.4263119 37.7766275))",polygon2
Dropoff,4,11,POINT(-122.423864133169 37.7767650064983),POINT(-122.424029697972 37.7768991780854),"POLYGON((-122.4246758 37.7768055, -122.4246221 37.7765172, -122.4229484 37.7767334, -122.4230182 37.7770217, -122.4246758 37.7768055))",polygon3
Dropoff,6,15,POINT(-122.425648520864 37.7765348959759),POINT(-122.425618709309 37.7763708237297),"POLYGON((-122.4263119 37.7766275, -122.4262636 37.7763518, -122.4246221 37.7765172, -122.4246758 37.7768055, -122.4263119 37.7766275))",polygon2
Pickup,6,15,POINT(-122.424655057037 37.7768302824437),POINT(-122.424733431884 37.7767127583325),"POLYGON((-122.4263119 37.7766275, -122.4262636 37.7763518, -122.4246221 37.7765172, -122.4246758 37.7768055, -122.4263119 37.7766275))",polygon2
Pickup,6,10,POINT(-122.425942661086 37.7765363877665),POINT(-122.426033132368 37.7765711538065),"POLYGON((-122.4263119 37.7766275, -122.4262636 37.7763518, -122.4246221 37.7765172, -122.4246758 37.7768055, -122.4263119 37.7766275))",polygon2
Pickup,6,20,POINT(-122.424655057037 37.7768302824437),POINT(-122.42444170779 37.7765651926792),"POLYGON((-122.4246758 37.7768055, -122.4246221 37.7765172, -122.4229484 37.7767334, -122.4230182 37.7770217, -122.4246758 37.7768055))",polygon3
Pickup,7,14,POINT(-122.424655057037 37.7768302824437),POINT(-122.423926781677 37.776731780007),"POLYGON((-122.4246758 37.7768055, -122.4246221 37.7765172, -122.4229484 37.7767334, -122.4230182 37.7770217, -122.4246758 37.7768055))",polygon3
Dropoff,5,20,POINT(-122.426284066636 37.776333305778),POINT(-122.426045402584 37.7766179779217),"POLYGON((-122.4263119 37.7766275, -122.4262636 37.7763518, -122.4246221 37.7765172, -122.4246758 37.7768055, -122.4263119 37.7766275))",polygon2
Pickup,1,19,POINT(-122.423001999489 37.7767477208701),POINT(-122.423019541219 37.7770315987466),"POLYGON((-122.4246758 37.7768055, -122.4246221 37.7765172, -122.4229484 37.7767334, -122.4230182 37.7770217, -122.4246758 37.7768055))",polygon3
Dropoff,7,13,POINT(-122.425585786974 37.7765432868184),POINT(-122.42552400356 37.7763833778196),"POLYGON((-122.4263119 37.7766275, -122.4262636 37.7763518, -122.4246221 37.7765172, -122.4246758 37.7768055, -122.4263119 37.7766275))",polygon2
Pickup,1,15,POINT(-122.424655057037 37.7768302824437),POINT(-122.42431632494 37.7767852865205),"POLYGON((-122.4246758 37.7768055, -122.4246221 37.7765172, -122.4229484 37.7767334, -122.4230182 37.7770217, -122.4246758 37.7768055))",polygon3
Dropoff,6,17,POINT(-122.421148608457 37.7771766722894),POINT(-122.422174337582 37.7771009907977),"POLYGON((-122.4230182 37.7770217, -122.4229484 37.7767334, -122.421323 37.7769666, -122.4213874 37.7772422, -122.4230182 37.7770217))",polygon4
Pickup,4,20,POINT(-122.42140041854 37.7775251840819),POINT(-122.421523903772 37.777191972805),"POLYGON((-122.4230182 37.7770217, -122.4229484 37.7767334, -122.421323 37.7769666, -122.4213874 37.7772422, -122.4230182 37.7770217))",polygon4
Pickup,4,15,POINT(-122.425757138545 37.7765203889702),POINT(-122.425679714975 37.7763171640675),"POLYGON((-122.4263119 37.7766275, -122.4262636 37.7763518, -122.4246221 37.7765172, -122.4246758 37.7768055, -122.4263119 37.7766275))",polygon2
Dropoff,7,17,POINT(-122.425533595113 37.7765932903383),POINT(-122.425557703608 37.7766774756103),"POLYGON((-122.4263119 37.7766275, -122.4262636 37.7763518, -122.4246221 37.7765172, -122.4246758 37.7768055, -122.4263119 37.7766275))",polygon2
Pickup,6,23,POINT(-122.424849741087 37.7766378002019),POINT(-122.424882663653 37.7766368342672),"POLYGON((-122.4263119 37.7766275, -122.4262636 37.7763518, -122.4246221 37.7765172, -122.4246758 37.7768055, -122.4263119 37.7766275))",polygon2
Dropoff,5,19,POINT(-122.423864133169 37.7767650064983),POINT(-122.424029697972 37.7768991780854),"POLYGON((-122.4246758 37.7768055, -122.4246221 37.7765172, -122.4229484 37.7767334, -122.4230182 37.7770217, -122.4246758 37.7768055))",polygon3
Pickup,3,18,POINT(-122.423715159187 37.7767837805038),POINT(-122.423712912478 37.776800610813),"POLYGON((-122.4246758 37.7768055, -122.4246221 37.7765172, -122.4229484 37.7767334, -122.4230182 37.7770217, -122.4246758 37.7768055))",polygon3
Dropoff,3,20,POINT(-122.425860917147 37.7765480088597),POINT(-122.425889432481 37.7766751845954),"POLYGON((-122.4263119 37.7766275, -122.4262636 37.7763518, -122.4246221 37.7765172, -122.4246758 37.7768055, -122.4263119 37.7766275))",polygon2
Pickup,5,12,POINT(-122.425135069654 37.7766015119388),POINT(-122.425032068032 37.7763857970374),"POLYGON((-122.4263119 37.7766275, -122.4262636 37.7763518, -122.4246221 37.7765172, -122.4246758 37.7768055, -122.4263119 37.7766275))",polygon2
Dropoff,6,19,POINT(-122.424726778234 37.7769542755059),POINT(-122.424319867807 37.7768448280664),"POLYGON((-122.4246758 37.7768055, -122.4246221 37.7765172, -122.4229484 37.7767334, -122.4230182 37.7770217, -122.4246758 37.7768055))",polygon3
Pickup,5,21,POINT(-122.424726778234 37.7769542755059),POINT(-122.42472072946 37.7765908228169),"POLYGON((-122.4263119 37.7766275, -122.4262636 37.7763518, -122.4246221 37.7765172, -122.4246758 37.7768055, -122.4263119 37.7766275))",polygon2
Dropoff,4,17,POINT(-122.423425333329 37.7768612136313),POINT(-122.422740342202 37.7771040893142),"POLYGON((-122.4246758 37.7768055, -122.4246221 37.7765172, -122.4229484 37.7767334, -122.4230182 37.7770217, -122.4246758 37.7768055))",polygon3
Dropoff,2,12,POINT(-122.424849741087 37.7766378002019),POINT(-122.424776896631 37.7765500656232),"POLYGON((-122.4263119 37.7766275, -122.4262636 37.7763518, -122.4246221 37.7765172, -122.4246758 37.7768055, -122.4263119 37.7766275))",polygon2
Dropoff,6,22,POINT(-122.42483021221 37.7766853906467),POINT(-122.423867330404 37.7766016121317),"POLYGON((-122.4263119 37.7766275, -122.4262636 37.7763518, -122.4246221 37.7765172, -122.4246758 37.7768055, -122.4263119 37.7766275))",polygon2
Pickup,4,0,POINT(-122.421342521285 37.7772425193096),POINT(-122.422145389172 37.7770336311543),"POLYGON((-122.4230182 37.7770217, -122.4229484 37.7767334, -122.421323 37.7769666, -122.4213874 37.7772422, -122.4230182 37.7770217))",polygon4
Dropoff,2,14,POINT(-122.424726778234 37.7769542755059),POINT(-122.424799709135 37.7767751050329),"POLYGON((-122.4263119 37.7766275, -122.4262636 37.7763518, -122.4246221 37.7765172, -122.4246758 37.7768055, -122.4263119 37.7766275))",polygon2
Pickup,3,16,POINT(-122.423626500557 37.7768356206019),POINT(-122.423435789196 37.7764380105068),"POLYGON((-122.4246758 37.7768055, -122.4246221 37.7765172, -122.4229484 37.7767334, -122.4230182 37.7770217, -122.4246758 37.7768055))",polygon3
Pickup,7,20,POINT(-122.424849741087 37.7766378002019),POINT(-122.424548598496 37.7765323166757),"POLYGON((-122.4246758 37.7768055, -122.4246221 37.7765172, -122.4229484 37.7767334, -122.4230182 37.7770217, -122.4246758 37.7768055))",polygon3
Pickup,7,20,POINT(-122.424849741087 37.7766378002019),POINT(-122.424548598496 37.7765323166757),"POLYGON((-122.4263119 37.7766275, -122.4262636 37.7763518, -122.4246221 37.7765172, -122.4246758 37.7768055, -122.4263119 37.7766275))",polygon2
Pickup,7,18,POINT(-122.424744233264 37.7770431973152),POINT(-122.423822828339 37.776866112824),"POLYGON((-122.4246758 37.7768055, -122.4246221 37.7765172, -122.4229484 37.7767334, -122.4230182 37.7770217, -122.4246758 37.7768055))",polygon3
Pickup,5,20,POINT(-122.426284066636 37.776333305778),POINT(-122.426076682987 37.7765820396319),"POLYGON((-122.4263119 37.7766275, -122.4262636 37.7763518, -122.4246221 37.7765172, -122.4246758 37.7768055, -122.4263119 37.7766275))",polygon2
Dropoff,7,11,POINT(-122.426284066636 37.776333305778),POINT(-122.426165858006 37.7766273092287),"POLYGON((-122.4263119 37.7766275, -122.4262636 37.7763518, -122.4246221 37.7765172, -122.4246758 37.7768055, -122.4263119 37.7766275))",polygon2
Pickup,6,21,POINT(-122.425942661086 37.7765363877665),POINT(-122.426045402584 37.7766179779217),"POLYGON((-122.4263119 37.7766275, -122.4262636 37.7763518, -122.4246221 37.7765172, -122.4246758 37.7768055, -122.4263119 37.7766275))",polygon2
Pickup,3,21,POINT(-122.424726778234 37.7769542755059),POINT(-122.42482122547 37.7765019719141),"POLYGON((-122.4263119 37.7766275, -122.4262636 37.7763518, -122.4246221 37.7765172, -122.4246758 37.7768055, -122.4263119 37.7766275))",polygon2
Pickup,7,0,POINT(-122.426284066636 37.776333305778),POINT(-122.426045402584 37.7766179779217),"POLYGON((-122.4263119 37.7766275, -122.4262636 37.7763518, -122.4246221 37.7765172, -122.4246758 37.7768055, -122.4263119 37.7766275))",polygon2
Pickup,4,21,POINT(-122.423209475626 37.776820223827),POINT(-122.42296622472 37.7769944892067),"POLYGON((-122.4230182 37.7770217, -122.4229484 37.7767334, -122.421323 37.7769666, -122.4213874 37.7772422, -122.4230182 37.7770217))",polygon4
Pickup,4,21,POINT(-122.423209475626 37.776820223827),POINT(-122.42296622472 37.7769944892067),"POLYGON((-122.4246758 37.7768055, -122.4246221 37.7765172, -122.4229484 37.7767334, -122.4230182 37.7770217, -122.4246758 37.7768055))",polygon3
Pickup,4,18,POINT(-122.426457490898 37.7764721777419),POINT(-122.426265834174 37.7764180827704),"POLYGON((-122.4279642 37.7763815, -122.4279159 37.7761441, -122.4262636 37.7763518, -122.4263119 37.7766275, -122.4279642 37.7763815))",polygon1
Pickup,4,18,POINT(-122.426457490898 37.7764721777419),POINT(-122.426265834174 37.7764180827704),"POLYGON((-122.4263119 37.7766275, -122.4262636 37.7763518, -122.4246221 37.7765172, -122.4246758 37.7768055, -122.4263119 37.7766275))",polygon2
Pickup,6,21,POINT(-122.426457490898 37.7764721777419),POINT(-122.426073831459 37.776254754369),"POLYGON((-122.4279642 37.7763815, -122.4279159 37.7761441, -122.4262636 37.7763518, -122.4263119 37.7766275, -122.4279642 37.7763815))",polygon1
Pickup,7,23,POINT(-122.42483021221 37.7766853906467),POINT(-122.424472210969 37.7767366869965),"POLYGON((-122.4246758 37.7768055, -122.4246221 37.7765172, -122.4229484 37.7767334, -122.4230182 37.7770217, -122.4246758 37.7768055))",polygon3
Pickup,7,23,POINT(-122.42483021221 37.7766853906467),POINT(-122.424472210969 37.7767366869965),"POLYGON((-122.4263119 37.7766275, -122.4262636 37.7763518, -122.4246221 37.7765172, -122.4246758 37.7768055, -122.4263119 37.7766275))",polygon2
Pickup,5,21,POINT(-122.426240775333 37.7763211770386),POINT(-122.426133713531 37.7765525752783),"POLYGON((-122.4263119 37.7766275, -122.4262636 37.7763518, -122.4246221 37.7765172, -122.4246758 37.7768055, -122.4263119 37.7766275))",polygon2
Dropoff,3,21,POINT(-122.423608786105 37.7767970128174),POINT(-122.423604119858 37.7766909977582),"POLYGON((-122.4246758 37.7768055, -122.4246221 37.7765172, -122.4229484 37.7767334, -122.4230182 37.7770217, -122.4246758 37.7768055))",polygon3
Dropoff,6,14,POINT(-122.42298843273 37.7766824647528),POINT(-122.422115663035 37.776883123342),"POLYGON((-122.4230182 37.7770217, -122.4229484 37.7767334, -122.421323 37.7769666, -122.4213874 37.7772422, -122.4230182 37.7770217))",polygon4
Pickup,3,14,POINT(-122.424574003385 37.7761043716093),POINT(-122.425008564292 37.7767685900687),"POLYGON((-122.4263119 37.7766275, -122.4262636 37.7763518, -122.4246221 37.7765172, -122.4246758 37.7768055, -122.4263119 37.7766275))",polygon2
Pickup,3,21,POINT(-122.423209475626 37.776820223827),POINT(-122.423118569847 37.7770219345176),"POLYGON((-122.4246758 37.7768055, -122.4246221 37.7765172, -122.4229484 37.7767334, -122.4230182 37.7770217, -122.4246758 37.7768055))",polygon3
Pickup,6,21,POINT(-122.423001999489 37.7767477208701),POINT(-122.423187267663 37.7769451183976),"POLYGON((-122.4246758 37.7768055, -122.4246221 37.7765172, -122.4229484 37.7767334, -122.4230182 37.7770217, -122.4246758 37.7768055))",polygon3
Pickup,7,9,POINT(-122.425773729302 37.7765602865335),POINT(-122.426093964973 37.7766942775232),"POLYGON((-122.4263119 37.7766275, -122.4262636 37.7763518, -122.4246221 37.7765172, -122.4246758 37.7768055, -122.4263119 37.7766275))",polygon2
Dropoff,3,6,POINT(-122.427640518415 37.7763204891265),POINT(-122.427667909954 37.7764715628235),"POLYGON((-122.4279642 37.7763815, -122.4279159 37.7761441, -122.4262636 37.7763518, -122.4263119 37.7766275, -122.4279642 37.7763815))",polygon1
Pickup,1,13,POINT(-122.424156636572 37.77626937936),POINT(-122.421823931666 37.7771718951494),"POLYGON((-122.4230182 37.7770217, -122.4229484 37.7767334, -122.421323 37.7769666, -122.4213874 37.7772422, -122.4230182 37.7770217))",polygon4
Dropoff,1,11,POINT(-122.421342521285 37.7772425193096),POINT(-122.422266021896 37.7768752677252),"POLYGON((-122.4230182 37.7770217, -122.4229484 37.7767334, -122.421323 37.7769666, -122.4213874 37.7772422, -122.4230182 37.7770217))",polygon4
Pickup,6,20,POINT(-122.426284066636 37.776333305778),POINT(-122.426118418979 37.7765505186937),"POLYGON((-122.4263119 37.7766275, -122.4262636 37.7763518, -122.4246221 37.7765172, -122.4246758 37.7768055, -122.4263119 37.7766275))",polygon2
Pickup,5,18,POINT(-122.424387700723 37.7766938332243),POINT(-122.424380614993 37.7768528249401),"POLYGON((-122.4246758 37.7768055, -122.4246221 37.7765172, -122.4229484 37.7767334, -122.4230182 37.7770217, -122.4246758 37.7768055))",polygon3
Pickup,7,22,POINT(-122.424881713133 37.7771319882572),POINT(-122.424307078921 37.7768510151597),"POLYGON((-122.4246758 37.7768055, -122.4246221 37.7765172, -122.4229484 37.7767334, -122.4230182 37.7770217, -122.4246758 37.7768055))",polygon3
Dropoff,7,14,POINT(-122.424655057037 37.7768302824437),POINT(-122.423408482964 37.7767098007088),"POLYGON((-122.4246758 37.7768055, -122.4246221 37.7765172, -122.4229484 37.7767334, -122.4230182 37.7770217, -122.4246758 37.7768055))",polygon3
Dropoff,5,17,POINT(-122.424387700723 37.7766938332243),POINT(-122.424380614993 37.7768528249401),"POLYGON((-122.4246758 37.7768055, -122.4246221 37.7765172, -122.4229484 37.7767334, -122.4230182 37.7770217, -122.4246758 37.7768055))",polygon3
Pickup,1,14,POINT(-122.42483021221 37.7766853906467),POINT(-122.42362131584 37.7767496120982),"POLYGON((-122.4246758 37.7768055, -122.4246221 37.7765172, -122.4229484 37.7767334, -122.4230182 37.7770217, -122.4246758 37.7768055))",polygon3
Pickup,1,14,POINT(-122.42483021221 37.7766853906467),POINT(-122.42362131584 37.7767496120982),"POLYGON((-122.4263119 37.7766275, -122.4262636 37.7763518, -122.4246221 37.7765172, -122.4246758 37.7768055, -122.4263119 37.7766275))",polygon2
Dropoff,7,22,POINT(-122.425642817785 37.7765785973798),POINT(-122.425663815485 37.7767082310155),"POLYGON((-122.4263119 37.7766275, -122.4262636 37.7763518, -122.4246221 37.7765172, -122.4246758 37.7768055, -122.4263119 37.7766275))",polygon2
Pickup,3,18,POINT(-122.424196126629 37.7767185859009),POINT(-122.424216692561 37.7766876881527),"POLYGON((-122.4246758 37.7768055, -122.4246221 37.7765172, -122.4229484 37.7767334, -122.4230182 37.7770217, -122.4246758 37.7768055))",polygon3
Pickup,4,11,POINT(-122.424387700723 37.7766938332243),POINT(-122.423950804129 37.7763765960759),"POLYGON((-122.4246758 37.7768055, -122.4246221 37.7765172, -122.4229484 37.7767334, -122.4230182 37.7770217, -122.4246758 37.7768055))",polygon3
Dropoff,1,18,POINT(-122.425866706624 37.7765055894921),POINT(-122.426005394763 37.7763402883653),"POLYGON((-122.4263119 37.7766275, -122.4262636 37.7763518, -122.4246221 37.7765172, -122.4246758 37.7768055, -122.4263119 37.7766275))",polygon2
Pickup,6,22,POINT(-122.424655057037 37.7768302824437),POINT(-122.424319262927 37.7767640997849),"POLYGON((-122.4246758 37.7768055, -122.4246221 37.7765172, -122.4229484 37.7767334, -122.4230182 37.7770217, -122.4246758 37.7768055))",polygon3
Pickup,4,19,POINT(-122.424446028354 37.7766867258339),POINT(-122.424417166982 37.776564743649),"POLYGON((-122.4246758 37.7768055, -122.4246221 37.7765172, -122.4229484 37.7767334, -122.4230182 37.7770217, -122.4246758 37.7768055))",polygon3
Dropoff,1,13,POINT(-122.425178879877 37.7765960339293),POINT(-122.425153734367 37.7765027162634),"POLYGON((-122.4263119 37.7766275, -122.4262636 37.7763518, -122.4246221 37.7765172, -122.4246758 37.7768055, -122.4263119 37.7766275))",polygon2
Pickup,5,15,POINT(-122.425113207741 37.7766043103469),POINT(-122.425040104236 37.7766027316462),"POLYGON((-122.4263119 37.7766275, -122.4262636 37.7763518, -122.4246221 37.7765172, -122.4246758 37.7768055, -122.4263119 37.7766275))",polygon2
Dropoff,7,16,POINT(-122.423137580568 37.776391521998),POINT(-122.423408482964 37.7767098007088),"POLYGON((-122.4246758 37.7768055, -122.4246221 37.7765172, -122.4229484 37.7767334, -122.4230182 37.7770217, -122.4246758 37.7768055))",polygon3
Dropoff,3,21,POINT(-122.426457490898 37.7764721777419),POINT(-122.426045402584 37.7766179779217),"POLYGON((-122.4279642 37.7763815, -122.4279159 37.7761441, -122.4262636 37.7763518, -122.4263119 37.7766275, -122.4279642 37.7763815))",polygon1
Dropoff,3,21,POINT(-122.426457490898 37.7764721777419),POINT(-122.426045402584 37.7766179779217),"POLYGON((-122.4263119 37.7766275, -122.4262636 37.7763518, -122.4246221 37.7765172, -122.4246758 37.7768055, -122.4263119 37.7766275))",polygon2
Pickup,1,11,POINT(-122.426457490898 37.7764721777419),POINT(-122.426317075163 37.7767392793066),"POLYGON((-122.4279642 37.7763815, -122.4279159 37.7761441, -122.4262636 37.7763518, -122.4263119 37.7766275, -122.4279642 37.7763815))",polygon1
Pickup,5,14,POINT(-122.424849741087 37.7766378002019),POINT(-122.424970197881 37.7766040952693),"POLYGON((-122.4263119 37.7766275, -122.4262636 37.7763518, -122.4246221 37.7765172, -122.4246758 37.7768055, -122.4263119 37.7766275))",polygon2
Pickup,5,16,POINT(-122.423367091543 37.7768286725309),POINT(-122.423388521759 37.7767674840425),"POLYGON((-122.4246758 37.7768055, -122.4246221 37.7765172, -122.4229484 37.7767334, -122.4230182 37.7770217, -122.4246758 37.7768055))",polygon3
Dropoff,7,11,POINT(-122.425113207741 37.7766043103469),POINT(-122.425002774767 37.7765249385779),"POLYGON((-122.4263119 37.7766275, -122.4262636 37.7763518, -122.4246221 37.7765172, -122.4246758 37.7768055, -122.4263119 37.7766275))",polygon2
Dropoff,5,22,POINT(-122.421342521285 37.7772425193096),POINT(-122.422110737483 37.7771039747568),"POLYGON((-122.4230182 37.7770217, -122.4229484 37.7767334, -122.421323 37.7769666, -122.4213874 37.7772422, -122.4230182 37.7770217))",polygon4
Pickup,1,15,POINT(-122.425190977372 37.7766378226474),POINT(-122.425192619174 37.776629684272),"POLYGON((-122.4263119 37.7766275, -122.4262636 37.7763518, -122.4246221 37.7765172, -122.4246758 37.7768055, -122.4263119 37.7766275))",polygon2
Dropoff,3,19,POINT(-122.425860917147 37.7765480088597),POINT(-122.425889432481 37.7766751845954),"POLYGON((-122.4263119 37.7766275, -122.4262636 37.7763518, -122.4246221 37.7765172, -122.4246758 37.7768055, -122.4263119 37.7766275))",polygon2
Pickup,3,12,POINT(-122.424995429847 37.7766645263962),POINT(-122.42499992321 37.776659509405),"POLYGON((-122.4263119 37.7766275, -122.4262636 37.7763518, -122.4246221 37.7765172, -122.4246758 37.7768055, -122.4263119 37.7766275))",polygon2
Pickup,5,0,POINT(-122.42247177123 37.7778805313076),POINT(-122.422588601415 37.7769104105936),"POLYGON((-122.4230182 37.7770217, -122.4229484 37.7767334, -122.421323 37.7769666, -122.4213874 37.7772422, -122.4230182 37.7770217))",polygon4
Pickup,1,11,POINT(-122.424287636355 37.7761765994006),POINT(-122.424291524868 37.776649260141),"POLYGON((-122.4246758 37.7768055, -122.4246221 37.7765172, -122.4229484 37.7767334, -122.4230182 37.7770217, -122.4246758 37.7768055))",polygon3
Dropoff,4,18,POINT(-122.425708316769 37.7765695013865),POINT(-122.425697515488 37.776569116014),"POLYGON((-122.4263119 37.7766275, -122.4262636 37.7763518, -122.4246221 37.7765172, -122.4246758 37.7768055, -122.4263119 37.7766275))",polygon2
Dropoff,7,13,POINT(-122.422733688425 37.7764490718287),POINT(-122.42313325995 37.7767721273771),"POLYGON((-122.4246758 37.7768055, -122.4246221 37.7765172, -122.4229484 37.7767334, -122.4230182 37.7770217, -122.4246758 37.7768055))",polygon3
Pickup,3,19,POINT(-122.422006436693 37.7769929046074),POINT(-122.422000560589 37.7769942028318),"POLYGON((-122.4230182 37.7770217, -122.4229484 37.7767334, -122.421323 37.7769666, -122.4213874 37.7772422, -122.4230182 37.7770217))",polygon4
Pickup,5,18,POINT(-122.424446028354 37.7766867258339),POINT(-122.424914117224 37.7765839040216),"POLYGON((-122.4246758 37.7768055, -122.4246221 37.7765172, -122.4229484 37.7767334, -122.4230182 37.7770217, -122.4246758 37.7768055))",polygon3
Pickup,5,18,POINT(-122.424446028354 37.7766867258339),POINT(-122.424914117224 37.7765839040216),"POLYGON((-122.4263119 37.7766275, -122.4262636 37.7763518, -122.4246221 37.7765172, -122.4246758 37.7768055, -122.4263119 37.7766275))",polygon2
Pickup,3,11,POINT(-122.425113207741 37.7766043103469),POINT(-122.424964494765 37.776517229046),"POLYGON((-122.4263119 37.7766275, -122.4262636 37.7763518, -122.4246221 37.7765172, -122.4246758 37.7768055, -122.4263119 37.7766275))",polygon2
Pickup,2,20,POINT(-122.423425333329 37.7768612136313),POINT(-122.423400878696 37.7771106062785),"POLYGON((-122.4246758 37.7768055, -122.4246221 37.7765172, -122.4229484 37.7767334, -122.4230182 37.7770217, -122.4246758 37.7768055))",polygon3
Pickup,2,15,POINT(-122.422265503418 37.7765098165596),POINT(-122.422305512665 37.7768815158522),"POLYGON((-122.4230182 37.7770217, -122.4229484 37.7767334, -122.421323 37.7769666, -122.4213874 37.7772422, -122.4230182 37.7770217))",polygon4
Dropoff,1,13,POINT(-122.425942661086 37.7765363877665),POINT(-122.426045402584 37.7766179779217),"POLYGON((-122.4263119 37.7766275, -122.4262636 37.7763518, -122.4246221 37.7765172, -122.4246758 37.7768055, -122.4263119 37.7766275))",polygon2
Pickup,5,13,POINT(-122.425397671487 37.7765679963507),POINT(-122.424949804919 37.7765303257429),"POLYGON((-122.4263119 37.7766275, -122.4262636 37.7763518, -122.4246221 37.7765172, -122.4246758 37.7768055, -122.4263119 37.7766275))",polygon2
Dropoff,4,23,POINT(-122.422085072758 37.7770384405069),POINT(-122.422253059934 37.7771587860946),"POLYGON((-122.4230182 37.7770217, -122.4229484 37.7767334, -122.421323 37.7769666, -122.4213874 37.7772422, -122.4230182 37.7770217))",polygon4
Pickup,5,12,POINT(-122.423492302703 37.7768524669086),POINT(-122.423276617962 37.7763503603483),"POLYGON((-122.4246758 37.7768055, -122.4246221 37.7765172, -122.4229484 37.7767334, -122.4230182 37.7770217, -122.4246758 37.7768055))",polygon3
Pickup,5,0,POINT(-122.423209475626 37.776820223827),POINT(-122.423211981583 37.776810874532),"POLYGON((-122.4246758 37.7768055, -122.4246221 37.7765172, -122.4229484 37.7767334, -122.4230182 37.7770217, -122.4246758 37.7768055))",polygon3
Pickup,6,16,POINT(-122.423115718239 37.776394319937),POINT(-122.423017294495 37.7770146236893),"POLYGON((-122.4246758 37.7768055, -122.4246221 37.7765172, -122.4229484 37.7767334, -122.4230182 37.7770217, -122.4246758 37.7768055))",polygon3
Pickup,3,20,POINT(-122.424261972162 37.776248177885),POINT(-122.42448327161 37.7765776357661),"POLYGON((-122.4246758 37.7768055, -122.4246221 37.7765172, -122.4229484 37.7767334, -122.4230182 37.7770217, -122.4246758 37.7768055))",polygon3
Dropoff,1,14,POINT(-122.424726778234 37.7769542755059),POINT(-122.423940693961 37.7766223047836),"POLYGON((-122.4246758 37.7768055, -122.4246221 37.7765172, -122.4229484 37.7767334, -122.4230182 37.7770217, -122.4246758 37.7768055))",polygon3
Dropoff,5,22,POINT(-122.423864133169 37.7767650064983),POINT(-122.423954260597 37.7769130015034),"POLYGON((-122.4246758 37.7768055, -122.4246221 37.7765172, -122.4229484 37.7767334, -122.4230182 37.7770217, -122.4246758 37.7768055))",polygon3
Dropoff,6,12,POINT(-122.423864133169 37.7767650064983),POINT(-122.423875366697 37.7765955055084),"POLYGON((-122.4246758 37.7768055, -122.4246221 37.7765172, -122.4229484 37.7767334, -122.4230182 37.7770217, -122.4246758 37.7768055))",polygon3
Dropoff,4,12,POINT(-122.42401846446 37.7767878407125),POINT(-122.424029697972 37.7768991780854),"POLYGON((-122.4246758 37.7768055, -122.4246221 37.7765172, -122.4229484 37.7767334, -122.4230182 37.7770217, -122.4246758 37.7768055))",polygon3
Dropoff,5,15,POINT(-122.42483021221 37.7766853906467),POINT(-122.424799709135 37.7767751050329),"POLYGON((-122.4263119 37.7766275, -122.4262636 37.7763518, -122.4246221 37.7765172, -122.4246758 37.7768055, -122.4263119 37.7766275))",polygon2
Pickup,4,15,POINT(-122.42487022048 37.7766805005723),POINT(-122.424863394016 37.7766759845741),"POLYGON((-122.4263119 37.7766275, -122.4262636 37.7763518, -122.4246221 37.7765172, -122.4246758 37.7768055, -122.4263119 37.7766275))",polygon2
Pickup,5,16,POINT(-122.424655057037 37.7768302824437),POINT(-122.424799709135 37.7767751050329),"POLYGON((-122.4263119 37.7766275, -122.4262636 37.7763518, -122.4246221 37.7765172, -122.4246758 37.7768055, -122.4263119 37.7766275))",polygon2
Pickup,2,20,POINT(-122.42647079798 37.7764301359728),POINT(-122.42602682444 37.7765329643569),"POLYGON((-122.4279642 37.7763815, -122.4279159 37.7761441, -122.4262636 37.7763518, -122.4263119 37.7766275, -122.4279642 37.7763815))",polygon1
Pickup,2,20,POINT(-122.42647079798 37.7764301359728),POINT(-122.42602682444 37.7765329643569),"POLYGON((-122.4263119 37.7766275, -122.4262636 37.7763518, -122.4246221 37.7765172, -122.4246758 37.7768055, -122.4263119 37.7766275))",polygon2
Pickup,5,21,POINT(-122.424850173142 37.7766830315993),POINT(-122.425287498044 37.7766569162626),"POLYGON((-122.4263119 37.7766275, -122.4262636 37.7763518, -122.4246221 37.7765172, -122.4246758 37.7768055, -122.4263119 37.7766275))",polygon2
Pickup,4,21,POINT(-122.426284066636 37.776333305778),POINT(-122.426113234385 37.7765694156751),"POLYGON((-122.4263119 37.7766275, -122.4262636 37.7763518, -122.4246221 37.7765172, -122.4246758 37.7768055, -122.4263119 37.7766275))",polygon2
Pickup,6,17,POINT(-122.422889922455 37.7773778190985),POINT(-122.422974779557 37.7769126153457),"POLYGON((-122.4230182 37.7770217, -122.4229484 37.7767334, -122.421323 37.7769666, -122.4213874 37.7772422, -122.4230182 37.7770217))",polygon4
Pickup,5,20,POINT(-122.425113207741 37.7766043103469),POINT(-122.425013403298 37.7765532209929),"POLYGON((-122.4263119 37.7766275, -122.4262636 37.7763518, -122.4246221 37.7765172, -122.4246758 37.7768055, -122.4263119 37.7766275))",polygon2
Dropoff,7,18,POINT(-122.426284066636 37.776333305778),POINT(-122.426045402584 37.7766179779217),"POLYGON((-122.4263119 37.7766275, -122.4262636 37.7763518, -122.4246221 37.7765172, -122.4246758 37.7768055, -122.4263119 37.7766275))",polygon2
Dropoff,3,11,POINT(-122.422717702076 37.7769578735589),POINT(-122.422742416106 37.7768000018691),"POLYGON((-122.4230182 37.7770217, -122.4229484 37.7767334, -122.421323 37.7769666, -122.4213874 37.7772422, -122.4230182 37.7770217))",polygon4
Pickup,1,12,POINT(-122.426284066636 37.776333305778),POINT(-122.426258489342 37.7765801335059),"POLYGON((-122.4263119 37.7766275, -122.4262636 37.7763518, -122.4246221 37.7765172, -122.4246758 37.7768055, -122.4263119 37.7766275))",polygon2
Dropoff,6,16,POINT(-122.424221704427 37.776261289738),POINT(-122.424319867807 37.7768448280664),"POLYGON((-122.4246758 37.7768055, -122.4246221 37.7765172, -122.4229484 37.7767334, -122.4230182 37.7770217, -122.4246758 37.7768055))",polygon3
Dropoff,2,19,POINT(-122.425844758454 37.7765086327269),POINT(-122.425845795375 37.7764093706272),"POLYGON((-122.4263119 37.7766275, -122.4262636 37.7763518, -122.4246221 37.7765172, -122.4246758 37.7768055, -122.4263119 37.7766275))",polygon2
Pickup,1,14,POINT(-122.424655057037 37.7768302824437),POINT(-122.424744578909 37.7767336840646),"POLYGON((-122.4263119 37.7766275, -122.4262636 37.7763518, -122.4246221 37.7765172, -122.4246758 37.7768055, -122.4263119 37.7766275))",polygon2
Pickup,4,18,POINT(-122.426284066636 37.776333305778),POINT(-122.426244490955 37.7763787020751),"POLYGON((-122.4263119 37.7766275, -122.4262636 37.7763518, -122.4246221 37.7765172, -122.4246758 37.7768055, -122.4263119 37.7766275))",polygon2
Pickup,4,7,POINT(-122.425642817785 37.7765785973798),POINT(-122.425712810102 37.776717079066),"POLYGON((-122.4263119 37.7766275, -122.4262636 37.7763518, -122.4246221 37.7765172, -122.4246758 37.7768055, -122.4263119 37.7766275))",polygon2
Dropoff,1,17,POINT(-122.422733688425 37.7764490718287),POINT(-122.422814397848 37.776811887749),"POLYGON((-122.4230182 37.7770217, -122.4229484 37.7767334, -122.421323 37.7769666, -122.4213874 37.7772422, -122.4230182 37.7770217))",polygon4
